消耗性资产名称,编码,名称,商家/厂家/品牌,批号/编号/标识,规格型号,批次备注,验检入库编号,有效期至,来源,入库总量,入库单位,领用要求,入库备注,房间名称,箱柜屉架,隔板层数,领用出库编号,出库数量,出库单位,出库备注,库存数量,单位,备注说明1,备注说明2
尿素,J1,常规化学品,天津市致远化学试剂有限公司,/,AR500g,,XQN-250724-YZH-J1-005,,购置,500,g,常规,,203,203G-06,1,YZH-250724-XQN-J1-011,2,g,,498,g,,
脲（尿素）,J1,常规化学品,国药集团化学试剂有限公司/西陇化工股份有限公司,20150104/151101 1,AR500g,,,,购置,3,瓶,常规,,203,203G-06,1,,,,,3,瓶,,
碳酸氢钠,J1,常规化学品,国药集团化学试剂有限公司/西陇化工股份有限公司,20150114/18119 2,AR500g,,,,购置,2,瓶,常规,,203,203G-06,1,,,,,2,瓶,,
碳酸氢钠,J1,常规化学品,天津市光复精细化工研究所,20171122,50g,,,,购置,1,瓶,常规,,203,203G-06,1,,,,,1,瓶,,
无水硫酸钠,J1,常规化学品,西陇化工股份有限公司,200308 1,500g,,YZH-250625-PKF-J1-014；YZH-250626-PKF-J1-005；,,购置,6,瓶,常规,,203,203G-06,1,MYM-230720-CJF-J1-001；PKF-250625-YZH-J1-027；PKF-250626-YZH-J1-016；ZFY-250918-YZH-J1-007;,2,瓶,,4,瓶,,7.20盘点有一瓶是无水亚硫酸钠，故出库1
二水合乙酸锌,J1,常规化学品,西陇化工股份有限公司,190406 1,AR500g,,,,购置,3,瓶,常规,,203,203G-06,1,LMI-240815-CYQ-J1-001,1,瓶,,2,瓶,,
氯化钠,J1,常规化学品,西陇化工股份有限公司,181118 1,GR500g,,,,购置,1,瓶,常规,,203,203G-06,1,MYM-230317-CJF-J1-001,1,瓶,,,,,
可溶性淀粉,J1,常规化学品,西陇化工股份有限公司,190225 2,AR500g,,,,购置,1,瓶,常规,,203,203G-06,1,,,,,1,瓶,,
五水合硫代硫酸钠,J1,常规化学品,西陇化工股份有限公司,150508 2,AR500g,,,,购置,1,瓶,常规,已开,203,203G-06,1,,,,,1,瓶,,
一水合硫酸锰（硫酸锰）,J1,常规化学品,国药集团化学试剂有限公司,20150212,AR500g,,,,购置,1,瓶,常规,,203,203G-06,1,,,,,1,瓶,,
碘,J1,常规化学品,西亚试剂/西陇化工股份有限公司,F71165/181116 1,AR250g,,,,购置,2,瓶,常规,,203,203G-06,1,,,,,2,瓶,,
二水合氯化亚锡（II）(氯化亚锡）,J1,常规化学品,国药集团化学试剂有限公司,20140804,AR500g,,,,购置,1,瓶,常规,,203,203G-06,2,,,,,1,瓶,,
六水合硫酸铁（II）铵（硫酸亚铁铵）,J1,常规化学品,国药集团化学试剂有限公司,20140820,AR100g,,,,购置,1,瓶,常规,,203,203G-06,2,,,,,1,瓶,,
六水合硫酸铁（II）铵（硫酸亚铁铵）,J1,常规化学品,国药集团化学试剂有限公司,20180224,AR500g,,,,购置,1,瓶,常规,,203,203G-06,2,,,,,1,瓶,,
硫酸铝钾十二水合物,J1,常规化学品,艾科试剂,201903061,"AR,99.5%,500g",,,,购置,1,瓶,常规,,203,203G-06,2,,,,,1,瓶,,
十二水合硫酸铝钾（硫酸铝钾）,J1,常规化学品,西陇化工股份有限公司,120130 1,"AR,99.5%,500g",,,,购置,1,瓶,常规,,203,203G-06,2,,,,,1,瓶,,
硫酸锌（七水）,J1,常规化学品,西亚试剂,20210907,"AR,99.5%,500g",,,,购置,3,瓶,常规,,203,203G-06,2,MYM-220627-MYM-J1-002,1,瓶,,2,瓶,,
硫氰酸钠,J1,常规化学品,西陇化工股份有限公司,150428 2,AR500g,,,,购置,5,瓶,常规,,203,203G-06,2,,,,,5,瓶,,
碳酸铵,J1,常规化学品,国药集团化学试剂有限公司,20140807,AR500g,,,,购置,1,瓶,常规,,203,203G-06,2,,,,,1,瓶,,
氯化锶,J1,常规化学品,艾科试剂,201805171,500g,,,,购置,1,瓶,常规,,203,203G-06,2,,,,,1,瓶,,
硫酸镁,J1,常规化学品,西陇化工股份有限公司,181203 1,AR500g,,,,购置,1,瓶,常规,,203,203G-06,2,,,,,1,瓶,,
氢氧化铝,J1,常规化学品,国药集团化学试剂有限公司,20150127,AR500g,,,,购置,1,瓶,常规,,203,203G-06,3,,,,,1,瓶,,
无水亚硫酸钾,J1,常规化学品,国药集团化学试剂有限公司,20140513,CP500g,,,,购置,1,瓶,常规,,203,203G-06,3,,,,,1,瓶,,
聚乙烯醇磷酸铵,J1,常规化学品,天津市光复精细化工研究所,20170728,AR25g,,,,购置,1,瓶,常规,,203,203G-06,3,,,,,1,瓶,,
聚乙烯醇磷酸铵,J1,常规化学品,国药集团化学试剂有限公司,20180116,AR25g,,,,购置,1,瓶,常规,,203,203G-06,3,,,,,1,瓶,,
L（+）-抗坏血酸,J1,常规化学品,国药集团化学试剂有限公司,191128 2,100g,,,,购置,3,瓶,常规,,203,203G-06,3,MYM/QHJ0220523-J1-001；MYM-220804-MYM-J1-001；PKF-250619-XQN-J1-001；,3,瓶,最后1瓶放212柜,,,,
硫酸氧钛,J1,常规化学品,艾科试剂,201807291,AR250g,,,,购置,1,瓶,常规,,203,203G-06,3,,,,,1,瓶,,
碱式碳酸镁，五水,J1,常规化学品,国药集团化学试剂有限公司,20190214,AR250g,,,,购置,2,包,常规,,203,203G-06,3,,,,,2,包,,
硫氰酸钾,J1,常规化学品,国药集团化学试剂有限公司,20141205,AR500g,,,,购置,1,瓶,常规,,203,203G-06,3,,,,,1,瓶,,
焦硫酸钾,J1,常规化学品,国药集团化学试剂有限公司,20150109,CP500g,,,,购置,1,瓶,常规,,203,203G-06,3,,,,,1,瓶,,
十二水合硫酸铁铵,J1,常规化学品,艾科试剂,201807281,"GR,99.5%,500g",,,,购置,1,瓶,常规,,203,203G-06,3,,,,,1,瓶,,
结晶硫酸钠,J1,常规化学品,天津市科密欧化学试剂有限公司,20200110,GR500g,,,,购置,1,瓶,常规,,203,203G-06,3,YZH-251125-YZH-J1-006,1,瓶,,,,,
三水合乙酸铅（乙酸铅）,J1,常规化学品,国药集团化学试剂有限公司,20150109,AR250g,,,,购置,1,瓶,常规,,203,203G-06,3,,,,,1,瓶,,
无水碳酸钠,J1,常规化学品,天津市北辰方正试剂厂,/,100g,,,,购置,1,瓶,常规,,203,203G-06,3,,,,,1,瓶,,
无水碳酸钠,J1,常规化学品,西陇化工股份有限公司,180108 1,AR500g,,,,购置,1,瓶,常规,,203,203G-06,3,,,,,1,瓶,,
无水碳酸钠,J1,常规化学品,国药集团化学试剂有限公司,20150114,500g,,,,购置,1,瓶,常规,,203,203G-06,3,,,,,1,瓶,,
吡咯烷二硫代氨基甲酸铵,J1,常规化学品,上海三爱思试剂有限公司,20180619,AR25g,,,,购置,2,瓶,常规,,203,203G-06,3,,,,,2,瓶,,
香柏油（人造）,J1,常规化学品,中国上海标本模型厂,20161016,25ml,,,,购置,2,瓶,常规,,203,203G-06,3,,,,,2,瓶,,
亚甲基蓝,J1,常规化学品,天津市致远化学试剂有限公司,20190220,AR25g,,,,购置,1,瓶,常规,,203,203G-06,3,,,,,1,瓶,,
二氧化硅,J1,常规化学品,国药集团化学试剂有限公司,20141029,AR500g,,,,购置,1,瓶,常规,,203,203G-06,3,,,,,1,瓶,,
活性炭26-35目,J1,常规化学品,国药集团化学试剂有限公司,20180711,"色谱用,100g",,,,购置,1,瓶,常规,,203,203G-06,3,,,,,1,瓶,,
二水合硫酸钙（硫酸钙）,J1,常规化学品,西陇化工股份有限公司,150408 3,AR500g,,,,购置,1,瓶,常规,原名字写错,203,203G-06,4,,,,,1,瓶,,
六偏磷酸钠,J1,常规化学品,国药集团化学试剂有限公司,20140916,CP500g,,,,购置,2,瓶,常规,,203,203G-06,4,,,,,2,瓶,,
甲酸钠.二水,J1,常规化学品,国药集团化学试剂有限公司,20141111,AR500g,,,,购置,1,瓶,常规,外面找到已放入，已开,203,203G-06,4,,,,,1,瓶,,
氢氧化铜,J1,常规化学品,国药集团化学试剂有限公司,20141009,CP500g,,,,购置,1,瓶,常规,,203,203G-06,4,,,,,1,瓶,,"251211未开封,约0.6瓶"
聚乙烯,J1,常规化学品,西亚试剂,N4963,AR500g,,,,购置,1,瓶,常规,,203,203G-06,4,,,,,1,瓶,,
一水葡萄糖复合物,J1,常规化学品,,20190214,-,,,,购置,1,瓶,常规,,203,203G-06,4,,,,,1,瓶,,
无水乙酸钠,J1,常规化学品,国药集团化学试剂有限公司,20141126,AR500g,,,,购置,1,瓶,常规,,203,203G-06,4,,,,,1,瓶,,251211约0.5瓶
焦磷酸铁,J1,常规化学品,生工生物工程（上海）股份有限公司,CC09BA0020,500g,,,,购置,1,瓶,常规,,203,203G-06,4,,,,,1,瓶,,
卵磷脂（大豆）,J1,常规化学品,科密欧,20200110,BC100g,,,,购置,1,瓶,常规,,203,203G-06,5,,,,,1,瓶,,
2500g袋装蓝色变色硅胶,J1,常规化学品,上海威盛科技发展有限公司,CG201909060013,2500g/袋,,,,购置,3,袋,常规,保质期：未开封十八个月,203,203G-06,5,YZH-251022-WYH-J1-001,1,袋,,2,袋,,
普通琼脂斜面培养基,J1,常规化学品,百思,20180813001,100g,,,,购置,1,瓶,常规,,203,203G-06,5,MYM-22090MYM-J1-004,1,瓶,,,,,
硝酸盐蛋白胨水培养基,J1,常规化学品,百思,20180801001,250g,,,,购置,1,瓶,常规,,203,203G-06,5,MYM-220907-MYM-J1-003,1,瓶,,,,,
明胶培养基,J1,常规化学品,百思,20180808001,250g,,,,购置,1,瓶,常规,,203,203G-06,5,MYM-220907-MYM-J1-001,1,瓶,,,,,
营养琼脂,J1,常规化学品,沃凯,20180907,R250g,,,,购置,1,瓶,常规,,203,203G-06,5,YZH-251014-SYY-J1-005,1,瓶,,,,,
血琼脂基础,J1,常规化学品,百思生物,20200718001,250g,,SYY-250626-PKF-J1-003,,购置,1,瓶,常规,,203,203G-06,5,PKF-250626-SYY-J1-009；YZH-250910-SYY-J1-001,1,瓶,,,,,
硅藻土,J1,常规化学品,国药集团化学试剂有限公司,20140305,CP1kg,,,,购置,1,袋,常规,,203,203G-06,5,,,,,1,袋,,
硅藻土,J1,常规化学品,西陇化工股份有限公司,1801151,CP 500g,,,,购置,2,袋,常规,,203,203G-06,5,,,,,2,袋,,
硅胶板,J1,常规化学品,青岛海洋化工厂分厂,20130806,20片/盒,,,,购置,5,盒,常规,,203,203G-06,5,,,,,5,盒,,
活性炭,J1,常规化学品,国药集团化学试剂有限公司,20140722,AR1000g,,,,购置,1,袋,常规,,203,203G-06,5,,,,,1,袋,,
活性炭（2-10目）,J1,常规化学品,/,/,"2~10目,500g",,,,购置,1,瓶,常规,,203,203G-06,5,,,,,1,瓶,,增加括号内的内容
干燥剂（5A分子筛+变色硅胶）,J1,常规化学品,上海安谱实验科技股份有限公司,P3090015,500g,,,,购置,1,瓶,常规,,203,203G-06,5,,,,,1,瓶,,增加括号内的内容
大孔径中性树脂,J1,常规化学品,江苏色可赛思树脂有限公司,/,/,,,,购置,1,袋,常规,,203,203G-06,5,,,,,1,袋,,
四丁基硫酸氢铵,J1,常规化学品,国药集团化学试剂有限公司,20141114,IPC25g,,,,购置,1,瓶,常规,,203,203G-07,1,,,,,1,瓶,,
磺胺,J1,常规化学品,国药集团化学试剂有限公司,20170822,AR100g,,,,购置,1,瓶,常规,,203,203G-07,1,,,,,1,瓶,,
盐酸肼（盐酸联氨）,J1,常规化学品,国药集团化学试剂有限公司,20140924,AR100g,,,,购置,1,瓶,常规,,203,203G-07,1,,,,,1,瓶,,
丙二酸,J1,常规化学品,国药集团化学试剂有限公司,20141121,CP100g,,,,购置,1,瓶,常规,,203,203G-07,1,,,,,1,瓶,,
氯化羟胺（盐酸羟胺）,J1,常规化学品,国药集团化学试剂有限公司,20170920/20141201,100g,,,,购置,2,瓶,常规,增加了别名,203,203G-07,1,,,,,2,瓶,,
甲基红,J1,常规化学品,国药集团化学试剂有限公司,20141203,AR25g,,,,购置,1,瓶,常规,,203,203G-07,1,,,,,1,瓶,,
"分子筛5A型（钙-A型分子筛）,φ3~5mm",J1,常规化学品,国药集团化学试剂有限公司,20190725,"球状,1kg",,,,购置,1,瓶,常规,,203,203G-07,1,,,,,1,瓶,,
三氧化二钴,J1,常规化学品,上海凤舜精细化工有限公司,141105,AR100g,,,,购置,1,瓶,常规,,203,203G-07,1,,,,,1,瓶,,
LHG（培养基）,J1,常规化学品,艾科试剂,201806121,"AR,99.5%,100g",,,,购置,1,瓶,常规,增加了别名,203,203G-07,1,,,,,1,瓶,,
氨基磺酸钠,J1,常规化学品,梯希爱（上海）化成工业发展有限公司,P1346269,"＞98%,25g",,,,购置,1,瓶,常规,,203,203G-07,1,,,,,1,瓶,,
L-谷氨酸,J1,常规化学品,国药集团化学试剂有限公司,20141022,BR100g,,,,购置,1,瓶,常规,名字少L,203,203G-07,1,,,,,1,瓶,,
"N,N二甲基对苯二胺二盐酸盐",J1,常规化学品,上海展云化工,180620,AR25g,,,,购置,1,瓶,常规,,203,203G-07,1,MYM-220627-MYM-J1-001,1,瓶,,,,,
"切片石蜡,48~50℃",J1,常规化学品,国药集团化学试剂有限公司,20150121,500g,,,,购置,1,盒,常规,,203,203G-07,1,,,,,1,盒,,
氯化钾,J1,常规化学品,西陇化工股份有限公司,180713 1,AR500g,,,,购置,4,瓶,常规,,203,203G-07,1,MYM-221215-CJF-J1-001,1,瓶,,3,瓶,,
氯化铵,J1,常规化学品,西陇化工股份有限公司,180829 1,AR500g,,,,购置,2,瓶,常规,,203,203G-07,1,,,,,2,瓶,,
丙烯基硫脲,J1,常规化学品,天津威一化工科技有限公司,20180606,AR100g,,,,购置,1,瓶,常规,,203,203G-07,1,,,,,1,瓶,,
磷酸二氢钾,J1,常规化学品,西陇化工股份有限公司,180906 2,AR500g,,,,购置,2,瓶,常规,,203,203G-07,1,,,,,2,瓶,,
二乙基二硫代氨基甲酸银盐,J1,常规化学品,上海润捷化学试剂有限公司,20140831,"指示剂,5g",,,,购置,1,瓶,常规,,203,203G-07,2,,,,,1,瓶,,
二甲酚橙,J1,常规化学品,国药集团化学试剂有限公司,20150113,AR5g,,,,购置,1,瓶,常规,,203,203G-07,2,,,,,1,瓶,,
"硫酸铈,四水",J1,常规化学品,国药集团化学试剂有限公司,20150206,AR25g,,,,购置,1,瓶,常规,,203,203G-07,2,,,,,1,瓶,,251211开封0.2瓶
对二甲氨基亚苄罗丹宁(玫瑰红银试剂）,J1,常规化学品,上海三爱思试剂有限公司,20150518/,AR25g,,,,购置,2,瓶,常规,增加了别名，一瓶已开,203,203G-07,3,,,,,2,瓶,,
苯羟乙酸（扁桃酸）,J1,常规化学品,国药集团化学试剂有限公司,20141121,"≥99%,25g",,,,购置,1,瓶,常规,增加了别名,203,203G-07,2,,,,,1,瓶,,
结晶紫,J1,常规化学品,永华化学科技（江苏）有限公司,20160509,AR25g,,,,购置,1,瓶,常规,,203,203G-07,2,PXQ-250516-YZH-J1-001,1,瓶,,0,瓶,,
硫代乙酰胺,J1,常规化学品,国药集团化学试剂有限公司,20141229,AR25g,,,,购置,1,瓶,常规,,203,203G-07,2,MYM-230516-CJF-J1-004,1,瓶,,,,,
对二氯苯,J1,常规化学品,西亚试剂,H26547,"GCS,99.5%,5g",,,,购置,1,瓶,常规,,203,203G-07,2,,,,,1,瓶,,
盐酸副品红,J1,常规化学品,阿拉丁,G1628074,25g,,,,购置,2,瓶,常规,,203,203G-07,2,MYM-220118-WJS-J1-001,1,瓶,,1,瓶,,
肌酐,J1,常规化学品,国药集团化学试剂有限公司,20190222,BR25g,,,,购置,1,瓶,常规,,203,203G-07,2,,,,,1,瓶,,
钛铁试剂,J1,常规化学品,国药集团化学试剂有限公司,20181224,AR25g,,,,购置,1,瓶,常规,,203,203G-07,2,,,,,1,瓶,,251211约0.2瓶
二氧化硒,J1,常规化学品,西陇化工股份有限公司,150503 2,AR100g,,,,购置,2,瓶,常规,,203,203G-07,3,,,,,2,瓶,,
二苯氨基脲,J1,常规化学品,西亚试剂,20190217,"AR,99%,25g",,XQN-250703-PKF-J1-005；XQN-250724-YZH-J1-007,,购置,25,g,常规,,203,203G-07,2,PKF-250703-XQN-J1-005；YZH-250724-XQN-J1-013,5.5,g,,19.5,g,,
间苯二酚,J1,常规化学品,/,20809,"99.0%,0.25g",,,,购置,1,瓶,常规,,203,203G-07,2,,,,,1,瓶,,
二苄基四氯苯酚,J1,常规化学品,/,00121,"98%,0.1g",,,,购置,1,瓶,常规,,203,203G-07,5,,,,,1,瓶,,
（双甲酮）醛试剂,J1,常规化学品,国药集团化学试剂有限公司,20140210,CP50g,,,,购置,1,瓶,常规,增加了别名,203,203G-07,2,,,,,1,瓶,,
碱蓝6B,J1,常规化学品,成都艾科达化学试剂有限公司,201806101,IND10g,,,,购置,1,瓶,常规,,203,203G-07,3,,,,,1,瓶,,
邻苯二甲酸氢钾,J1,常规化学品,永华化学科技（江苏）有限公司,20160304,PT50g,,XQN-250627-PKF-J1-005,,购置,1,瓶,常规,,203,203G-07,3,PKF-250627-XQN-J1-006,,,,1,瓶,,
沙黄,J1,常规化学品,天津市光复精细化工研究所,/,"指示剂,25g",,,,购置,1,瓶,常规,,203,203G-07,2,,,,,1,瓶,,
"邻菲罗啉（1,10-菲啰啉）",J1,常规化学品,科密欧,20200110,GR5g,,,,购置,1,瓶,常规,,203,203G-07,2,,,,,1,瓶,,
酚试剂,J1,常规化学品,天津市光复精细化工研究所,20180628,AR5g,,,,购置,2,瓶,常规,实际有的,203,203G-07,2,MYM-220118-WJS-J1-002,1,瓶,,1,瓶,,
巴比妥酸.二水,J1,常规化学品,国药集团化学试剂有限公司,20150104,CP25g,,,,购置,3,瓶,常规,原来写的1瓶,203,203G-07,2,,,,,3,瓶,,
双硫腙,J1,常规化学品,国药集团化学试剂有限公司,20141110,AR5g,,,,购置,1,瓶,常规,,203,203G-07,2,,,,,1,瓶,,
溴甲酚绿,J1,常规化学品,国药集团化学试剂有限公司,20141120,"指示剂,10g",,,,购置,1,瓶,常规,,203,203G-07,3,,,,,1,瓶,,
姜黄素,J1,常规化学品,国药集团化学试剂有限公司,20141202,AR5g,,,,购置,1,瓶,常规,,203,203G-07,2,,,,,1,瓶,,
四苯硼钠,J1,常规化学品,江苏强盛功能化学股份有限公司,20150401,AR10g,,,,购置,1,瓶,常规,,203,203G-07,5,,,,,1,瓶,,
酚酞,J1,常规化学品,上海埃彼化学试剂有限公司,20180707,AR25g,,,,购置,1,瓶,常规,,203,203G-07,2,,,,,1,瓶,,
酚酞,J1,常规化学品,上海润捷化学试剂有限公司,20150301,AR25g,,,,购置,1,瓶,常规,,203,203G-07,2,,,,,1,瓶,,
酚酞,J1,常规化学品,西陇化工股份有限公司,150506 2,"指示剂,25g",,,,购置,1,瓶,常规,,203,203G-07,2,,,,,1,瓶,,
变色酸,J1,常规化学品,国药集团化学试剂有限公司,20150106,CP25g,,,,购置,1,瓶,常规,,203,203G-07,3,,,,,1,瓶,,
1-苯基3-甲基5-吡唑啉酮,J1,常规化学品,国药集团化学试剂有限公司,20181206,CP100g,,,,购置,1,瓶,常规,,203,203G-07,2,,,,,1,瓶,,
1-苯基3-甲基5-吡唑啉酮,J1,常规化学品,艾科,201903091,99.0% 100g,,,,购置,1,瓶,常规,,203,203G-07,2,CJF-230817-QYT-J1-001,1,瓶,,,,,
1-苯基3-甲基5-吡唑啉酮,J1,常规化学品,西亚,M30938,"西亚,AR25g",,,,购置,1,瓶,常规,,203,203G-07,2,ZHD-231211-WWY-J1-001,1,瓶,,,,,
1-苯基3-甲基4-甲苯酰基-吡唑啉酮-5,J1,常规化学品,国药集团化学试剂有限公司,20141201,"国药,AR25g",,,,购置,1,瓶,常规,,203,203G-07,2,,,,,1,瓶,,名字更正
N-丙烯基硫脲,J1,常规化学品,上海润捷化学试剂有限公司,20140930,"化学纯,100g",,,,购置,1,瓶,常规,,203,203G-07,2,,,,,1,瓶,,
溴酚蓝,J1,常规化学品,天津市河东区红岩试剂厂,20070817,AR25g,,,,购置,1,瓶,常规,,203,203G-07,2,,,,,1,瓶,,
N-氨基甲酰甲基乙磺酸,J1,常规化学品,/,P1005712,25g,,,,购置,1,瓶,常规,,203,203G-07,5,,,,,1,瓶,,
L-半胱氨酸盐酸盐,J1,常规化学品,/,/,0.98,,,,购置,1,瓶,常规,,203,203G-07,5,,,,,1,瓶,,251211未开封约0.2瓶
桑色素,J1,常规化学品,/,BCBH2593V,AR5g,,,,购置,1,瓶,常规,,203,203G-07,2,,,,,1,瓶,,
硅胶,J1,常规化学品,上海润捷化学试剂有限公司,20131030/20140930/20141130,"FCP,100~200目,500g",,,,购置,20,瓶,常规,,203,203G-07,3,,,,,20,瓶,,
聚四氟乙烯,J1,常规化学品,西亚试剂,I3498,100g,,,,购置,1,瓶,常规,,203,203G-07,3,,,,,1,瓶,,
石英砂,J1,常规化学品,上海润捷化学试剂有限公司,20141130,AR500g,,,,购置,2,瓶,常规,,203,203G-07,3,,,,,2,瓶,,
柠檬酸,J1,常规化学品,上海埃彼化学试剂有限公司,F20170928,AR500g,,,,购置,1,瓶,常规,,203,203G-07,3,,,,,1,瓶,,
三硅酸镁,J1,常规化学品,上海润捷化学试剂有限公司,20140530,CP250g,,,,购置,2,瓶,常规,,203,203G-07,3,,,,,2,瓶,,
氯化亚铜,J1,常规化学品,艾科试剂,201807021,98% 500g,,,,购置,1,瓶,常规,,203,203G-07,3,,,,,1,瓶,,
单硬脂酸甘油酯,J1,常规化学品,上海埃彼化学试剂有限公司,F20180509,AR250g,,,,购置,1,瓶,常规,,203,203G-07,3,,,,,1,瓶,,
无水亚硫酸钠,J1,常规化学品,国药,20141121,AR500g,,,,购置,1,瓶,常规,已开,203,203G-07,3,MYM-220916-WXY-J1-001,1,瓶,,,,,
乙酸铵,J1,常规化学品,国药,20190430,AR500g,,XQN-250725-YZH-J1-028,,购置,8,瓶,常规,,203,203G-07,4,MYM/-220124-WJS-J2-001；YZH-250725-XQN-J1-001,1.05,瓶,,6.95,瓶,,
硅酸钠,J1,常规化学品,艾科试剂,201810151,"AR,19.3%~22.8%,500g",,,,购置,1,瓶,常规,,203,203G-07,4,,,,,1,瓶,,
十二烷基苯磺酸钠,J1,常规化学品,西亚试剂,20190125,"GR,98%,500g",,,,购置,1,瓶,常规,,203,203G-07,4,,,,,1,瓶,,
L（+）-酒石酸,J1,常规化学品,国药,20150104,500g,,,,购置,1,瓶,常规,已开,203,203G-07,4,MYM-230111-CJF-J1-001,1,瓶,,,,,
乙二胺四乙酸二钠,J1,常规化学品,西陇科学（化工）,1802031,500g,,,,购置,1,瓶,常规,有1瓶是500克的，已开,203,203G-07,4,MYM-220808-MYM-J1-001,1,瓶,,,,,
乙二胺四乙酸二钠,J1,常规化学品,西陇科学（化工）,1901211,AR250g,,SYY-250627-PK-J1-007,,购置,1,瓶,常规,,203,203G-07,4,PKF-250627-SYY-J1-014,0.0008,瓶,,0.9992,瓶,,
氟罗里硅土,J1,常规化学品,麦克林,C11482961,60-100目,,,,购置,1,瓶,常规,,203,203G-07,4,,,,,1,瓶,,
四水合酒石酸钾钠（酒石酸钾钠）,J1,常规化学品,西陇科学（化工）,1912041,AR500g,,,,购置,8,瓶,常规,,203,203G-07,4,QYT-230808-CJF-J1-001、ZHD-231226-WWY-J2-001,2,瓶,,6,瓶,,
新华牌121℃压力蒸汽灭菌化学指示卡,J1,常规化学品,山东新华医疗器械股份有限公司,20D16,200片/盒,,,,购置,1,盒,常规,,203,203G-07,5,,,,,1,盒,,
新华牌132℃压力蒸汽灭菌化学指示卡,J1,常规化学品,山东新华医疗器械股份有限公司,20A08,200片/盒,,,,购置,2,盒,常规,,203,203G-07,5,,,,,2,盒,,
新华牌压力蒸汽灭菌化学指示胶粘带,J1,常规化学品,山东新华医疗器械股份有限公司,19N09,19mm*50m,,,,购置,2,盒,常规,,203,203G-07,5,,,,,2,盒,,
乙二胺四乙酸,J1,常规化学品,天津市致远化学试剂有限公司,20161206,AR250g,,,,购置,1,瓶,常规,避光,203,203G-07,5,,,,,1,瓶,,
（铜试剂）二乙基二硫代氨基甲酸钠,J1,常规化学品,西亚化学,20190208,"AR,99%,25g",,,,购置,1,瓶,常规,已开，避光,203,203G-07,5,,,,,1,瓶,,
甲亚胺,J1,常规化学品,科密欧,20170914,AR10g,,,,购置,1,瓶,常规,名字写的钾，避光,203,203G-07,5,,,,,1,瓶,,
二乙烯三胺五乙酸,J1,常规化学品,光复化工,20170921,AR25g,,,,购置,2,瓶,常规,避光,203,203G-07,5,,,,,2,瓶,,
钙红,J1,常规化学品,天津市恒兴化学试剂制造有限公司,20170520,10g,,,,购置,1,瓶,常规,避光,203,203G-07,5,,,,,1,瓶,,
亚铁氰化钾,J1,常规化学品,天津市鼎盛鑫化工有限公司,20171018,AR500g,,,,购置,1,瓶,常规,避光,203,203G-07,5,,,,,1,瓶,,
硫酸铵,J1,常规化学品,上海凌峰化学试剂有限公司,20160918,AR500g,,,,购置,1,瓶,常规,避光,203,203G-07,5,,,,,1,瓶,,
二苯基炭酰二肼,J1,常规化学品,润捷化学,20141130,25g,,,,购置,1,瓶,常规,已开，避光,203,203G-07,5,,1,瓶,,,,,之前出库未记录
十二烷基硫酸钠,J1,常规化学品,埃彼化学,F20170928,AR500g,,,,购置,1,瓶,常规,避光,203,203G-07,5,,,,,1,瓶,,
"1-氨基-8-萘酚-3,6-二磺酸",J1,常规化学品,上海毕得医药科技有限公司,/,"97%,10g",,,,购置,1,瓶,常规,避光,203,203G-07,5,,,,,1,瓶,,
甲酚红,J1,常规化学品,天津市鼎盛鑫化工有限公司,20170916,AR25g,,,,购置,1,瓶,常规,避光,203,203G-07,5,,,,,1,瓶,,
盐酸萘乙二胺,J1,常规化学品,阿拉丁,D530060,AR10g,,SYY-250625-PKF-J1-009；SYY-250626-PKF-J1-004；SYY-250627-PKF-J1-006,,购置,10,g,常规,避光,203,203G-07,5,PKF-250625-SYY-J1-019；PKF-250626-SYY-J1-010；PKF-250627-SYY-J1-010；YZH-250914-SYY-J2-004,10,g,,,,,
米吐尔,J1,常规化学品,西亚试剂,20190329,"AR,99%,100g",,,,购置,1,瓶,常规,避光,203,203G-07,5,,,,,1,瓶,,
纳氏试剂,J1,常规化学品,基准化学试剂,20211028,500ml,,,,购置,1,瓶,常规,原来写的2瓶，避光,203,203G-08,2,MYM-220706-MYM-J1-001,1,瓶,,,,,
三乙醇胺,J1,常规化学品,凌峰化学,20150319,500ml,,,,购置,1,瓶,常规,已开，避光,203,203G-08,2,MYM-220829-MYM-J1-001,1,瓶,,,,,
纳氏试剂,J1,常规化学品,天津天禾,20190907,500ml,,,,购置,1,瓶,常规,,203,203G-08,2,MYM-220725-MYM-J1-004,1,瓶,,,,,
蓖麻油,J1,常规化学品,埃彼化学,F20171010,AR500ml,,,,购置,1,瓶,常规,避光,203,203G-03,1,,,,,1,瓶,,
液体石蜡,J1,常规化学品,埃彼化学,F20171116,CP500ml,,,,购置,1,瓶,常规,避光,203,203G-03,1,,,,,1,瓶,,
曲拉通X-100,J1,常规化学品,西陇科学（化工）,150427 3,CP500ml,,,,购置,1,瓶,常规,,203,203G-03,1,,,,,1,瓶,,
二甲亚砜,J1,常规化学品,国药,20150104,AR500ml,,,,购置,1,瓶,常规,,203,203G-03,1,,,,,1,瓶,,
苯甲醇,J1,常规化学品,艾科试剂,201808201,AR500ml,,,,购置,2,瓶,常规,名字写的2018，避光,203,203G-03,1,,,,,2,瓶,,
三乙酸甘油酯,J1,常规化学品,国药,20141010,AR500ml,,,,购置,1,瓶,常规,,203,203G-03,1,,,,,1,瓶,,
邻苯二甲酸二丁酯,J1,常规化学品,国药,20141119,AR500ml,,,,购置,1,瓶,常规,,203,203G-03,1,,,,,1,瓶,,
胶棉液,J1,常规化学品,上海烫金材料厂,Q/YQBE05-91,CP500ml,,,,购置,1,瓶,常规,,203,203G-03,1,,,,,1,瓶,,
乙酸丁酯,J1,常规化学品,凌峰化学,20160616,AR500ml,,,,购置,1,瓶,常规,已开，避光,203,203G-03,1,,,,,1,瓶,,
丙三醇（甘油）,J1,常规化学品,埃彼化学,F20171118,AR500ml,,,,购置,1,瓶,常规,增加了括号内的甘油，避光,203,203G-03,3,,,,,1,瓶,,
丙三醇,J1,常规化学品,西陇科学（化工）,150610,AR500ml,,,,购置,1,瓶,常规,避光,203,203G-03,3,,,,,1,瓶,,
间甲酚,J1,常规化学品,艾科试剂,201812081,500g,,,,购置,4,瓶,常规,,203,203G-03,3,,,,,4,瓶,,
N，N-二甲基乙酰胺,J1,常规化学品,艾科试剂,201808201,500ml,,,,购置,1,瓶,常规,,203,203G-03,3,,,,,1,瓶,,7.20甲改为乙
N，N-二甲基乙酰胺,J1,常规化学品,阿拉丁,G2031083,500ml,,,,购置,3,瓶,常规,避光,203,203G-03,3,,,,,3,瓶,,"7.20日入库数量改为3
251211其中一瓶约剩余0.75瓶"
碘化钾,J1,常规化学品,光复化工,20230224,AR500g,,GQX-230311-MYM-J1-001,,购置,1,瓶,常规,,203,,,MYM-230311-CJF-J1-001,1,瓶,,,,,
碱性碘化汞钾,J1,常规化学品,天津华特,,100毫升/瓶,,QDJ-230508-MYM-J1-001,,购置,1,瓶,常规,,203,,,MYM-230516-CJF-J1-001,1,瓶,,,,,
二苯胺,J1,常规化学品,国药,20221021/20074416,AR100g,,QDJ-230508-MYM-J1-002,,购置,1,瓶,常规,,203,,,MYM-230516-CJF-J1-002,1,瓶,,,,,
R2A琼脂培养基,J1,常规化学品,海博生物,20230228/HB0167-5,250g/瓶,,QDJ-230508-MYM-J1-003,,购置,1,瓶,常规,,203,,,MYM-230516-CJF-J1-003,1,瓶,,,,,
甲基橙,J1,常规化学品,西亚化学,20230303,IND25g,,QDJ-230522-MYM-J1-004,,购置,1,瓶,常规,,203,,,MYM-230523-CJF-J1-004,1,瓶,,,,,
纳氏试剂,J1,常规化学品,天津,,500毫升,,QDJ-230525-MYM-J1-001,,购置,1,瓶,常规,,,,,MYM-230530-CJF-J1-001,1,瓶,,,,,
无水亚硫酸钠,J1,常规化学品,西陇科学（化工）,180705 1,AR500g,,CJF-230720-MYM-J1-001,,返还,1,瓶,常规,,203,203G-06,1,,,,,1,瓶,,7.20盘点从无水硫酸钠66瓶中发现有1瓶是无水亚硫酸钠
乳糖蛋白胨培养液,J1,常规化学品,百思,20240705,250g,,CYQ-240806-LMI-J1-001,2027.07.05,购置,1,瓶,常规,,203,203G-06,5,LMI-240806-CYQ-J1-001,1,瓶,,,,,
营养琼脂,J1,常规化学品,百思,20240628,100g,,CYQ-240806-LMI-J1-002,2027.06.28,购置,1,瓶,常规,,203,203G-06,5,LMI-240806-CYQ-J1-002,1,瓶,,,,,
伊红美蓝琼脂,J1,常规化学品,百思,20240611,250g,,CYQ-240806-LMI-J1-003,2027.06.11,购置,1,瓶,常规,,203,203G-06,5,LMI-240806-CYQ-J1-003,1,瓶,,,,,
氯胺T，三水,J1,常规化学品,国药,20240614,AR500g,,CYQ-240808-LMI-J1-001,,购置,1,瓶,常规,,203,203G-06,5,LMI-240808-CYQ-J1-001,1,瓶,,,,,
孟加拉红（虎红）琼脂,J1,常规化学品,百思,20240620,250g,,CYQ-240822-LMI-J1-001,2027.06.20,购置,1,瓶,常规,,203,203G-06,5,LMI-240822-CYQ-J1-001,1,瓶,,,,,
Baird-Parker 琼脂基础,J1,常规化学品,广东中山百微生物技术有限公司,20240709,250g,,CYQ-240822-LMI-J1-002,2027.07.09,购置,1,瓶,常规,,203,203G-06,5,LMI-240822-CYQ-J1-002,1,瓶,,,,,
葡萄糖肉浸液肉汤,J1,常规化学品,广东中山百微生物技术有限公司,20220711,250g,,CYQ-240822-LMI-J1-003,2025.07.11,购置,1,瓶,常规,,203,203G-06,5,LMI-240822-CYQ-J1-003,1,瓶,,,,,
7.5%氯化钠肉汤,J1,常规化学品,广东中山百微生物技术有限公司,20240612,250g,,CYQ-240822-LMI-J1-004,2027.06.12,购置,1,瓶,常规,,203,203G-06,5,LMI-240822-CYQ-J1-004,1,瓶,,,,,
血琼脂平板,J1,常规化学品,比克曼,20240717,70mm，10个/包,,CYQ-240822-LMI-J1-005,2024.10.17,购置,1,包,常规,2-8℃避光,203,203G-06,5,LMI-240822-CYQ-J1-005,1,包,,,,,
硝酸盐蛋白胨水培养基,J1,常规化学品,中山百微,20240810,250g,,CYQ-240829-LMI-J1-001,2027.08.10,购置,1,瓶,常规,,203,203G-06,5,LMI-240829-CYQ-J1-001,1,瓶,,,,,
沙氏葡萄糖琼脂培养基,J1,常规化学品,中山百微,20240817,250g,,CYQ-240829-LMI-J1-002,2027.08.17,购置,1,瓶,常规,,203,203G-06,5,LMI-240829-CYQ-J1-002,1,瓶,,,,,
SCDLP液体培养基,J1,常规化学品,中山百微,20240813,250g,,CYQ-240829-LMI-J1-003,2027.08.13,购置,1,瓶,常规,,203,203G-06,5,LMI-240829-CYQ-J1-003,1,瓶,,,,,
十六烷三甲基溴化铵培养基,J1,常规化学品,中山百微,20240820,250g,,CYQ-240829-LMI-J1-004,2027.08.20,购置,1,瓶,常规,,203,203G-06,5,LMI-240829-CYQ-J1-004,1,瓶,,,,,
明胶培养基（营养明胶）,J1,常规化学品,中山百微,20240709,250g,,CYQ-240829-LMI-J1-005,2027.07.09,购置,1,瓶,常规,,203,203G-06,5,LMI-240829-CYQ-J1-005,1,瓶,,,,,
尿素生化鉴定管（非发酵细菌）,J1,常规化学品,杭州微生物试剂有限公司,20240820,20支,2-10℃保存,CYQ-240909-LMI-J1-001,2027.08.20,购置,20,支,常规,,203,冰箱,3,YZH-251017-SYY-J1-008,20,支,,,,,
氧化酶试验试纸,J1,常规化学品,杭州微生物试剂有限公司,20240812,5包/盒,避光、置冷处保存,CYQ-240909-LMI-J1-002,2025.02.12,购置,5,包,常规,,203,冰箱,3,YZH-251017-SYY-J1-009,5,包,,,,,
采样吸收液1-GVPC液体培养基,J1,常规化学品,北京陆桥,20240823,20mL/支×20支/盒,2-25℃避光保存,CYQ-240909-LMI-J1-003,2025.02.22,购置,20,支,常规,,310,冰箱,3,,,,,20,支,,
酵母浸粉,J1,常规化学品,南京全隆生物技术有限公司,20240809,BR250g,阴凉干燥处保存,CYQ-240909-LMI-J1-004,2027.08.09,购置,1,瓶,常规,,203,203G-06,5,,,,,1,瓶,,
BCYE-Cys琼脂平板,J1,常规化学品,广东环凯,240717Y04,20套（9cm）,2-25℃避光保存,CYQ-240909-LMI-J1-005,2025.01.16,购置,20,套,常规,,310,冰箱,4,,,,,20,套,,
BCYE-琼脂培养基平板,J1,常规化学品,广东环凯,240808Y06,20套（9cm）,2-25℃避光保存,CYQ-240909-LMI-J1-006,2025.02.07,购置,20,套,常规,,310,冰箱,4,,,,,20,套,,
GVPC琼脂培养基,J1,常规化学品,广东环凯,240821Y04,20套（9cm）,2-25℃避光保存,CYQ-240909-LMI-J1-007,2024.11.20,购置,20,套,常规,,310,冰箱,4,,,,,20,套,,
琼脂培养基（2216 E琼脂）,J1,常规化学品,青岛高科技工业园海博生物技术有限公司,20241226,250g,室温、避光和干燥处保存,KDY-250627-PKF-J1-015,2027.12.25,购置,1,瓶,常规,,203,203G-06,5,YZH-250925-SYY-J1-003,1,瓶,,,,,
胰蛋白胨大豆琼脂培养基,J1,常规化学品,青岛高科技工业园海博生物技术有限公司,20250319,250g,室温、避光和干燥处保存,KDY-250627-PKF-J1-016,2028.03.18,购置,1,瓶,常规,,203,203G-06,5,,,,,1,瓶,,
EC-MUG培养基,J1,常规化学品,青岛高科技工业园海博生物技术有限公司,250250418,250g,室温、避光和干燥处保存,KDY-250627-PKF-J1-017,2027.11.19,购置,1,瓶,常规,,203,203G-06,5,YZH-250912-SYY-J1-013,1,瓶,,,,,
碘,J1,常规化学品,上海阿拉丁生化科技股份有限公司,C2517212,AR，≥99.8%,,KDY-250718-YZH-J1-001,,购置,25,g,常规,,203,203G-06,1,,,,,25,g,,
氰尿酸试剂片,J1,常规化学品,,17891,50片/袋,,KDY-250718-YZH-J1-002,,购置,1,袋,常规,,203,203G-06,1,ZFY-250927-YZH-J1-002,1,袋,,,,,
镀铜镉粒,J1,常规化学品,北京朋利驰科技有限公司,,15g,,KDY-250718-YZH-J1-003,,购置,15,g,常规,,203,203G-06,1,,,,,15,g,,
AHMT,J1,常规化学品,天津市众联化学试剂有限公司,X2-15,5g,2-8℃干燥避温保存,KDY-250721-YZH-J1-001；XQN-250725-YZH-J1-032；,,购置,10,g,常规,,203,冰箱,2,YZH-250725-XQN-J1-005;SYO-251217-YZH-J1-004,5,g,,5,g,,
革兰氏染色液,J1,常规化学品,南京全隆生物技术有限公司,20250617,80ml,10-30℃避光保存,KDY-250721-YZH-J1-003,2028.06.17,购置,50,ml,常规,,203,203G-01,1,YZH-251017-SYY-J1-007,50,ml,,,,,
纳氏试剂,J1,常规化学品,西安天茂宝鼎生物科技有限公司,20250622,500ml,10-30℃避光保存,KDY-250721-YZH-J1-004,,购置,500,ml,常规,,203,203G-01,1,YZH-251009-WYH-J1-006,500,ml,,,,,
L（+）-抗坏血酸,J1,常规化学品,西陇科学股份有限公司,250512A2,AR,,KDY-250721-YZH-J1-005；XQN-250729-YZH-J1-006,,购置,25,g,常规,,203,203G-02,4,YZH-250729-XQN-J1-006,20,g,,5,g,,
"3,3’5,5’-四甲基联苯胺",J1,常规化学品,上海麦克林生化科技股份有限公司,C17164482,1g,2-8℃干燥避温保存,KDY-250722-YZH-J1-001,,购置,1,g,常规,,203,冰箱,2,,,,,1,g,,
无水磷酸氢二钠,J1,常规化学品,天津市科密欧化学试剂有限公司,20250407,AR,,KDY-250725-YZH-J1-003,,购置,500,g,常规,,203,203G-06,2,,,,,500,g,,
"1,10-菲啰啉",J1,常规化学品,天津市科密欧化学试剂有限公司,20250108,AR,,KDY-250725-YZH-J1-005,,购置,5,g,常规,,203,203G-07,2,,,,,5,g,,
钒试剂,J1,常规化学品,天津市科密欧化学试剂有限公司,20250110,AR,,KDY-250725-YZH-J1-007,,购置,10,g,常规,,203,203G-07,1,,,,,10,g,,
二水合乙酸锌,J1,常规化学品,天津市科密欧化学试剂有限公司,20250428,AR,,KDY-250725-YZH-J1-008,,购置,500,g,常规,,203,203G-07,1,,,,,500,g,,
乙二胺四乙酸二钠,J1,常规化学品,天津市科密欧化学试剂有限公司,20250508,AR,,KDY-250725-YZH-J1-014,,购置,250,g,常规,,203,203G-07,4,,,,,250,g,,
磷酸二氢铵,J1,常规化学品,天津市科密欧化学试剂有限公司,20241019,GR,,KDY-250725-YZH-J1-015,,购置,500,g,常规,,203,203G-07,3,,,,,500,g,,
DL-酒石酸,J1,常规化学品,天津市科密欧化学试剂有限公司,20250321,AR,,KDY-250725-YZH-J1-016,,购置,500,g,常规,,203,203G-07,3,,,,,500,g,,
对二甲氨基亚苄基罗丹宁（试银灵）,J1,常规化学品,天津市科密欧化学试剂有限公司,20250110,AR,,KDY-250725-YZH-J1-017,,购置,5,g,常规,,203,203G-07,3,,,,,5,g,,
L（+）-酒石酸铵,J1,常规化学品,国药集团化学试剂有限公司,20240701,AR,,KDY-250725-YZH-J1-018,,购置,50,g,常规,,203,203G-07,3,,,,,50,g,,
二水合柠檬酸三钠（柠檬酸钠）,J1,常规化学品,国药集团化学试剂有限公司,20250526,AR,,KDY-250725-YZH-J1-019,,购置,500,g,常规,,203,203G-07,3,ZFY-250912-YZH-J1-006,500,g,,,,,
二乙基对苯二胺硫酸盐,J1,常规化学品,上海麦克林生化科技股份有限公司,C17526966,0.98,,KDY-250725-YZH-J1-020,,购置,5,g,常规,,203,203G-07,1,,,,,5,g,,
二甲基黄,J1,常规化学品,国药集团化学试剂有限公司,20240927,指示剂lnd,,KDY-250725-YZH-J1-021,,购置,25,g,常规,,203,203G-07,2,,,,,25,g,,
马尿酸盐（军团菌）,J1,常规化学品,广东环凯微生物科技有限公司,250620G06,0.4ml,,KDY-250725-YZH-J1-001,2027.06.19,购置,4,板,常规,,203,203G06,5,YZH-251017-SYY-J1-006,4,板,,,,,
1-苯基-3-甲基-5-吡唑啉酮,J1,常规化学品,天津市科密欧化学试剂有限公司,20250608,AR,,KDY-250725-YZH-J1-002,,购置,25,g,常规,,203,203G07,2,,,,,25,g,,
十六烷,J1,常规化学品,国药集团化学试剂有限公司,20250401,0.98,,KDY-250802-YZH-J1-001,,购置,25,mL,常规,,203,203G-07,3,,,,,25,mL,,
二水合乙酸锌,J1,常规化学品,天津市科密欧化学试剂有限公司,20250428,AR,,KDY-250807-YZH-J1-001,,购置,500,g,常规,,203,203G-07,1,,,,,500,g,,
高纯氧化铝粉,J1,常规化学品,中冶鑫盾合金,45891,20nm,,KDY-250825-YZH-J1-001,,购置,50,g,常规,,203,203G-07,2,ZFY-250825-YZH-J1-002,50,g,,,,,
氯化镁孔雀绿大豆胨增菌液,J1,常规化学品,杭州百思生物技术有限公司,20250619,250g,密封，室温干燥避光保存,KDY-250926-YZH-J1-017,2028.06.19,购置,1,瓶,常规,,203,203G-06,5,YZH-251010-SYY-J1-005,1,瓶,,,,,
脱纤维羊血,J1,常规化学品,湖南比克曼控股有限责任公司,20250922,100mL,4-8℃储存，切勿冷冻,KDY-250927-YZH-J1-002,2025.10.22,购置,1,瓶,常规,,203,小冰柜,,YZH-251017-SYY-J1-001,1,瓶,,,,,
乳糖胆盐发酵培养基,J1,常规化学品,中山市百微生物技术有限公司,20250905,250g,室温干燥避光保存,KDY-250929-YZH-J1-001,2028.09.05,购置,1,瓶,常规,,203,203G-02,3,,,,,1,瓶,,
四硫磺酸钠煌绿增菌液基础（TTB）,J1,常规化学品,中山市百微生物技术有限公司,20250812,250g,室温干燥避光保存,KDY-250929-YZH-J1-002,2028.08.12,购置,1,瓶,常规,,203,203G-02,3,YZH-251010-SYY-J1-001,1,瓶,,,,,
葡萄糖肉浸液肉汤,J1,常规化学品,中山市百微生物技术有限公司,20250821,250g,室温干燥避光保存,KDY-250929-YZH-J1-003,2028.08.21,购置,1,瓶,常规,,203,203G-02,3,,,,,1,瓶,,
绿脓菌素测定用培养基,J1,常规化学品,中山市百微生物技术有限公司,20250830,250g,室温干燥避光保存,KDY-250929-YZH-J1-004,2025.08.30,购置,1,瓶,常规,,203,203G-02,3,,,,,1,瓶,,
血琼脂基础,J1,常规化学品,中山市百微生物技术有限公司,20250913,250g,室温干燥避光保存,KDY-250929-YZH-J1-005,2028.09.13,购置,1,瓶,常规,,203,203G-02,3,,,,,1,瓶,,
胰蛋白胨大豆肉汤（TSB）,J1,常规化学品,中山市百微生物技术有限公司,20250908,250g,室温干燥避光保存,KDY-250929-YZH-J1-006,2028.09.08,购置,1,瓶,常规,,203,203G-02,3,YZH-251009-SYY-J1-003,1,瓶,,,,,
甘露醇发酵培养基,J1,常规化学品,中山市百微生物技术有限公司,20250702,250g,室温干燥避光保存,KDY-250929-YZH-J1-007,2028.07.02,购置,1,瓶,常规,,203,203G-02,3,,,,,1,瓶,,
结晶紫中性红胆盐琼脂（VRBA）,J1,常规化学品,中山市百微生物技术有限公司,20250918,250g,室温干燥避光保存,KDY-250929-YZH-J1-008,2028.09.18,购置,1,瓶,常规,,203,203G-02,3,,,,,1,瓶,,
煌绿乳糖胆盐肉汤）BGLB）,J1,常规化学品,中山市百微生物技术有限公司,20250823,250g,室温干燥避光保存,KDY-250929-YZH-J1-009,2028.08.23,购置,1,瓶,常规,,203,203G-02,3,,,,,1,瓶,,
月桂基硫酸盐胰蛋白胨肉汤（LST）,J1,常规化学品,中山市百微生物技术有限公司,20250918,250g,室温干燥避光保存,KDY-250929-YZH-J1-010,2028.09.18,购置,1,瓶,常规,,203,203G-02,3,,,,,1,瓶,,
EC肉汤,J1,常规化学品,中山市百微生物技术有限公司,20250809,250g,室温干燥避光保存,KDY-250929-YZH-J1-011,2028.08.09,购置,1,瓶,常规,,203,203G-02,3,,,,,1,瓶,,
木糖赖氨酸去氧胆酸盐琼脂培养基（XLD）,J1,常规化学品,天津市众联化学试剂有限公司,20250926,250g,室温干燥避光保存,KDY-250929-YZH-J1-012,2028.09.26,购置,1,瓶,常规,,203,203G-02,3,YZH-251010-SYY-J1-002,1,瓶,,,,,
亚硫酸铋琼脂（BS）,J1,常规化学品,天津市众联化学试剂有限公司,20250926,250g,室温干燥避光保存,KDY-250929-YZH-J1-013,2028.09.26,购置,1,瓶,常规,,203,203G-02,3,YZH-251010-SYY-J1-003,1,瓶,,,,,
缓冲蛋白胨水（BPW）,J1,常规化学品,天津市众联化学试剂有限公司,20250926,250g,室温干燥避光保存,KDY-250929-YZH-J1-014,2028.09.26,购置,1,瓶,常规,,203,203G-02,3,YZH-251009-SYY-J1-002,1,瓶,,,,,
HE琼脂培养基,J1,常规化学品,天津市众联化学试剂有限公司,20250926,250g,室温干燥避光保存,KDY-250929-YZH-J1-015,2028.09.26,购置,1,瓶,常规,,203,203G-02,3,YZH-251010-SYY-J1-004,1,瓶,,,,,
氯化钠,J1,常规化学品,天津市科密欧化学试剂有限公司,20250711,GR500g,室温干燥避光保存,KDY-250929-YZH-J1-016,,购置,2,瓶,常规,,203,203G-07,3,YZH-251027-WYH-J1-001,1,瓶,,1,瓶,,
Easy ID沙门氏菌生化鉴定试剂盒,J1,常规化学品,广东环凯生物科技有限公司,E1032KJ,10测试,,KDY-251009-YZH-J1-001,,购置,1,盒,常规,,203,冰箱,,YZH-251017SYY-J1-005,1,盒,,,,,
溴甲酚紫葡萄糖蛋白胨水培养基,J1,常规化学品,杭州白丝生物技术有限公司,20250604,250g,,KDY-251009-YZH-J1-002,,购置,250,g,常规,,203,203G-06,5,YZH-251009-SYY-J1-001,250,g,,,,,
0.1%煌绿,J1,常规化学品,中山市百微生物技术有限公司,,10ml*4,,KDY-251015-YZH-J1-001,,购置,40,ml,常规,,203,,,YZH-251015-SYY-J1-004,40,ml,,,,,
20%碘液,J1,常规化学品,中山市百微生物技术有限公司,,20ml*4,,KDY-251015-YZH-J1-002,,购置,80,ml,常规,,203,,,YZH-251015-SYY-J1-005,80,ml,,,,,
丙酮,J2,危险化学品,西陇科学（化工）,B2108121,AR500ml,,XQN/ZFY-250703-PKF/PXQ-J2-002；XQN/ZFY-250724-YZH/PXQ-J2-008；WYH/SYY-250925-YZH/ZFY-J2-004；,,购置,2000,mL,五双,,203,203G-04,1,MYM/QHJ-221018-WXY/CJF-J2-001；PKF/PXQ-250703-XQN/ZFY-J2-002；YZH/PXQ-250724-XQN/ZFY-J2-014；YZH/ZFY-250925-WYH/SYY-J2-005；YZH/ZFY-250925-WYH/SYY-J2-006；,700,mL,,1300,mL,易制毒,
三氯甲烷,J2,危险化学品,西陇科学（化工）,210702 2,AR500ml,,WWY/HPY-240119-ZHD/QHJ-J2-003,,购置,4,瓶,五双,,203,203G-04,1,MYM/WJS-220121-WJS-J2-001;QHJ/MYM-220929-MYM/WXY-J2-002;QHJ/MYM-230216-MYM/CJF-J2-002；QHJ/MYM-230217-MYM/CJF-J2-001；QHJ/MYM-230615-MYM/CJF-J2-001/MYM/CJF-230615-QHJ/MYM-J2-001;QHJ/ZHD-231122-QHJ/WWY-J2-003；ZHD/QHJ-240119-WWY/HPY-J2-003；QDJ/ZHD-240222-WWY/QDJ-J2-003,4,瓶,,,,易制毒,
三氯甲烷,J2,危险化学品,国药,20250319,AR500mL,,KDY/KDY-250807-YZH/ZFY-J2-003；YZH/SYY-250814-ZFY/LDC-J2-002；WYH/SYY-250926-YZH/ZFY-J2-013；SYY/LDC-251015-YZH/WYH-J2-004；LDC/WYH-251027-YZH/WYH-J2-003；WYH/YZH-251028-YZH/WYH-J2-001；YZH/SYO-251217-SYO/YZH-J2-001,,购置,5000,mL,五双,,203,203G-04,1,ZFY/LDC-250814-YZH/SYY-J2-002；YZH/ZFY-250926-WYH/SYY-J2-013；YZH/WYH-251015-SYY/LDC-J2-002；YZH/WYH-251027-LDC/WYH-J2-004；YZH/WYH-251028-WYH/YZH-J2-002；YZH/WYH-251118-WYH/YZH-J2-001；SYO/YZH-251217-YZH/SYO-J2-002,1110,mL,,3890,mL,易制毒,
硫酸,J2,危险化学品,西陇科学（化工）,2108271,AR500ml,,,,购置,6,瓶,五双,,203,203G-04,2,MYM/QHJ-220525-MYM-J2-001；MYMQHJ-220614-MYM-J2-001;MYM/QHJ-220621-MYM-J2-001;MYM/QHJ-220725-MYM-J2-001；MYM/QHJ-220801-MYM-J2-001；PXQ/PKF-250624-XQN/ZFY-J2-011；,6,瓶,,,,易制毒,
盐酸,J2,危险化学品,永华化学,20190214,AR500ml,,LMI/CYQ-240806-LMI/CYQ-J2-003；HYI/QDJ-241101-HYI/QDJ-J2-001；YZH/ZFY-250521-YZH/ZFY-J2-002；YZH/ZFY-250522-PKF/PXQ-J2-001；YZH/ZFY-250613-PKF/PXQ-J2-002；YZH/ZFY-250619-PKF/PXQ-J2-002；XQN/ZFY-250620-PKF/PXQ-J2-001；XQN/ZFY-250625-PKF/PXQ-J2-001；XQN/ZFY-250626-PKF/PXQ-J2-001；XQN/ZFY-250627-PKF/PXQ-J2-002；XQN/ZFY-250704-PKF/PXQ-J2-002；XQN/ZFY-250705-PKF/PXQ-J2-001；XQN/ZFY-250705-PKF/PXQ-J2-001；XQN/ZFY-250707-PKF/PXQ-J2-001；XQN/ZFY-250708-PKF/PXQ-J2-003；XQN/ZFY-250709-PKF/PXQ-J2-001；XQN/ZFY-250729-YZH/PXQ-J2-003；WYH/SYY-250903-YZH/ZFY-J2-001；YZH/SYY-250912-LDC/ZFY-J2-006；WYH/SYY-250926-YZH/ZFY-J2-012；WYH/SYY-250928-YZH/ZFY-J2-009；WYH/YZH-251124-YZH/WYH-J2-003；,,购置,2975,mL,五双,,203,203G-04,2,MYM/QHJ-220523-MYM-J2-001；MYM/QHJ-220809-MYM-J2-001；QHJ/MYM-221021-WXY/CJF-J2-001;MYM/QHJ-221107-MYM/CJF-J2-001；MYM/QHJ-221116-MYM/CJF-J2-001；QHJ/MYM-230110-MYM/CJF-J2-002；QHJ/MYM-230309-MYM/CJF-J2-003；QHJ/MYM-230517-MYM/CJF-J2-002；QHJ/CJF-231008-CJF/QYT-J2-001；LMI/CYQ-240806-LMI/CYQ-J2-003；HYI/QDJ-241101-HYI/QDJ-J2-001；PXQ/PKF-250520-YZH/ZFY-J2-002；PKF/PXQ-250522-YZH/ZFY-J2-001；PKF/PXQ-250619-YZH/ZFY-J2-001；PKF/PXQ-250620-XQN/ZFY-J2-001；PKF/PXQ-250613-YZH/ZFY-J2-002；PKF/PXQ-250619-YZH/ZFY-J2-001；PKF/PXQ-250621-YZH/ZFY-J2-001；PKF/PXQ-250623-YZH/ZFY-J2-006；PXQ/PKF-250625-XQN/ZFY-J2-009；PXQ/PKF-250626-XQN/ZFY-J2-004；PXQ/PKF-250627-XQN/ZFY-J2-002；PXQ/PKF-250704-XQN/ZFY-J2-003；PXQ/PKF-250705-XQN/ZFY-J2-001；PXQ/PKF-250707-XQN/ZFY-J2-003；PXQ/PKF-250708-XQN/ZFY-J2-003；PXQ/PKF-250709-XQN/ZFY-J2-001；YZH/PXQ-250729-XQN/ZFY-J2-003；YZH/ZFY-250903-WYH/SYY-J2-001；LDC/ZFY-250912-YZH/SYY-J2-008；YZH/ZFY-250926-WYH/SYY-J2-012；YZH/ZFY-250928-WYH/SYY-J2-009；YZH/ZFY-250928-WYH/SYY-J2-010；YZH/WYH-251124-WYH/YZH-J2-003；,1680,mL,3瓶已空,1295,mL,易制毒,
盐酸,J2,危险化学品,国药,20250522,GR500mL,,KDY/KDY-250807-YZH/ZFY-J2-004,,购置,500,mL,五双,,203,203G-04,2,,,,,500,mL,易制毒,
高锰酸钾,J2,危险化学品,西陇科学（化工）,1507013,AR500g,,MYM/QHJ-220118-MYM/QHJ-J2-001、QDJ/WWY-231121-QHJ/ZHD-J2-001、LMI/CYQ-240805-LMI/CYQ-J2-001、LMI/CYQ-240814-LMI/CYQ-J2-001；YZH/ZFY-250521-PXQ/PKF-J2-001；XQN/ZFY-250624-PXQ/PKF-J2-001；XQN/ZFY-250627-PXQ/PKF-J2-003；XQN/ZFY-250701-PXQ/PKF-J2-002；XQN/ZFY-250724-YZH/PXQ-J2-004；XQN/ZFY-250725-YZH/PXQ-J2-036；WYH/SYY-250918-YZH/ZFY-J2-001；,,返还,229.993,g,五双,,203,203G-04,3,QHJ/MYM-230619-MYM/CJF-J2-003，QHJ/MYM-230619-MYM/CJF-J2-002，QHJ/ZHD-231121-QDJ/WWY-J2-001，LMI/CYQ-240805-LMI/CYQ-J2-001，LMI/CYQ-240814-LMI/CYQ-J2-001，PXQ/PKF-250520-YZH/ZFY-J2-001；PXQ/PKF-250624-XQN/ZFY-J2-003；PXQ/PKF-250701-XQN/ZFY-J2-005；YZH/PXQ-250724-XQN/ZFY-J2-010；YZH/PXQ-250725-XQN/ZFY-J2-009；YZH/WYH-250918-ZFY/SYY-J2-001；,15.493,g,,214.5,g,易制毒,补返还
高锰酸钾,J2,危险化学品,西陇科学（化工）,1507013,AR500g,,,,购置,10,瓶,五双,,203,203G-04,3,MYM/WJS-220118-WJS-J2-001,1,瓶,,9,瓶,易制毒,
硫酸,J2,危险化学品,西陇科学（化工）,2208191,AR500ml,,QHJ/MYM-220901-MYM/QHJ-J2-001；WWY/HPY-240119-ZHD/QHJ-J2-002；WWY/QDJ-240222-QDJ/ZHD-J2-002；LMI/CYQ-240731-LMI/CYQ-J2-001；LMI/CYQ-240802-LMI/CYQ-J2-001; LMI/CYQ-240819-LMI/CYQ-J2-001；YZH/ZFY-250521-PXQ/PKF-J2-003；YZH/ZFY-250613-PXQ/PKF-J2-001；YZH/ZFY-250619-PXQ/PKF-J2-002；YZH/ZFY-250621-PXQ/PKF-J2-001；YZH/ZFY-250623-PXQ/PKF-J2-006；YZH/ZFY-250624-PXQ/PKF-J2-002；YZH/ZFY-250625-PXQ/PKF-J2-002；YZH/ZFY-250626-PXQ/PKF-J2-002；XQN/ZFY-250701-PXQ/PKF-J2-001；XQN/ZFY-250703-PXQ/PKF-J2-001；XQN/ZFY-250707-PXQ/PKF-J2-005；XQN/ZFY-250724-YZH/PXQ-J2-002；XQN/ZFY-250725-YZH/PXQ-J2-035；YZH/SYY-250814-ZFY/LDC-J2-001；YZH/SYY-250822-LDC/ZFY-J2-003；WYH/SYY-250901-YZH/ZFY-J2-001；WYH/SYY-250903-YZH/ZFY-J2-005；YZH/SYY-250912-LDC/ZFY-J2-007；YZH/SYY-250918-LDC/ZFY-J2-004；WYH/SYY-250922-YZH/ZFY-J2-002；WYH/SYY-250924-YZH/ZFY-J2-008；WYH/SYY-250928-YZH/ZFY-J2-010；WYH/SYY-250930-YZH/ZFY-J2-004；LDC/SYY-251015-YZH/WYH-J2-005；WYH/SYY-251017-YZH/LDC-J2-002；YZH/WYH-251027-YZH/WYH-J2-001；WYH/YZH-251028-YZH/WYH-J2-004；WYH/YZH-251029-YZH/WYH-J2-001；,,购置,6932.24,mL,五双,,203,203G-04,2,MYM/QHJ-230110-MYM/CJF-J2-001;MYM/QHJ-230117-MYM/CJF-J2-001；QHJ/MYM-230208-MYM/CJF-J2-001；QHJ/MYM-230505-MYM/CJF-J2-001/MYM/CJF-230505-MYM/QHJ-J2-001；QHJ/MYM-230508-MYM/CJF-J2-004;QHJ/MYM-230509-MYM/CJF-J2-003/MYM/CJF-230509-QHJ/MYM-J2-001;QHJ/MYM-230510-MYM/CJF-J2-001;QHJ/MYM-230515-MYM/CJF-J2-001;QHJ/MYM-230608-MYM/CJF-J2-001;QHJ/MYM-230619-MYM/CJF-J2-002/MYM/CJF-230619-QHJ/MYM-J2-001；QHJ/MYM-230711-MYM/CJF-J2-001/MYM/CJF-230711-QHJ/MYM-J2-001；QHJ/MYM-230720-MYM/CJF-J2-005；ZHD/QHJ-240119-WWY/HPY-J2-002；QDJ/ZHD-240222-WWY/QDJ-J2-002；LMI/CYQ-240731-LMI/CYQ-J2-002；LMI/CYQ-240802-LMI/CYQ-J2-001；LMI/CYQ-240819-LMI/CYQ-J2-001;PXQ/PKF-250520-YZH/ZFY-J2-003；PKF/PXQ-250613-YZH/ZFY-J2-001；PXQ/PKF-250625-YZH/ZFY-J2-021；PXQ/PKF-250626-YZH/ZFY-J2-015；PXQ/PKF-250701-XQN/ZFY-J2-003；PXQ/PKF-250703-XQN/ZFY-J2-001；PXQ/PKF-250707-XQN/ZFY-J2-007；YZH/PXQ-250724-XQN/ZFY-J2-008；YZH/PXQ-250725-XQN/ZFY-J2-008；ZFY/LDC-250814-YZH/SYY-J2-001；LDC/ZFY-250822-YZH/SYY-J2-003；YZH/ZFY-250901-WYH/SYY-J2-001；YZH/ZFY-250903-WYH/SYY-J2-006；LDC/ZFY-250912-YZH/SYY-J2-009；LDC/ZFY-250918-YZH/SYY-J2-005；YZH/ZFY-250922-WYH/SYY-J2-003；YZH/ZFY-250924-WYH/SYY-J2-009；YZH/ZFY-250928-WYH/SYY-J2-011；YZH/ZFY-250930-WYH/SYY-J2-005；YZH/WYH-251015-LDC/SYY-J2-003；YZH/LDC-251017-WYH/SYY-J2-003；YZH/WYH-251027-YZH/WYH-J2-002；YZH/WYH-251028-WYH/YZH-J2-005；YZH/WYH-251029-WYH/YZH-J2-001；,1142.24,mL,,5790,mL,易制毒,
硫酸,J2,危险化学品,西陇科学（化工）,2108271,AR500ml,,MYM/QHJ-220801-MYM/QHJ-J2-001,,返还,250,mL,五双,,203,203G-04,2,QHJ/MYM-220929-MYM/WXY-J2-001，QHJ/MYM-221010-MYM/WXY-J2-001,250,mL,,,,易制毒,补返还
GLS高氯酸,J2,危险化学品,艾科试剂,201807201,AR500ml,,,,购置,1000,mL,五双,,203,203G-05,1,,,,,1000,mL,易制爆,
硼氢化钾,J2,危险化学品,西陇科学（化工）/润捷,210705 1,AR100g,,YZH/ZFY-250523-PKF/PXQ-J2-001；YZH/ZFY-250619-PKF/PXQ-J2-001；YZH/ZFY-250621-PKF/PXQ-J2-002；YZH/ZFY-250623-PKF/PXQ-J2-002；YZH/ZFY-250625-PKF/PXQ-J2-004；XQN/ZFY-250626-PKF/PXQ-J2-013；XQN/ZFY-250704-PKF/PXQ-J2-001；XQN/ZFY-250705-PKF/PXQ-J2-003；XQN/ZFY-250707-PKF/PXQ-J2-006；XQN/ZFY-250708-PKF/PXQ-J2-002；XQN/ZFY-250709-PKF/PXQ-J2-003；XQN/ZFY-250729-YZH/PXQ-J2-002；WYH/SYY-250903-YZH/ZFY-J2-006；WYH/SYY-250926-YZH/ZFY-J2-014；WYH/SYY-250928-YZH/ZFY-J2-011；WYH/YZH-251124-YZH/WYH-J2-004；,,购置,364.9,g,五双,,203,203G-05,1,QHJ/ZD-230905-ZD/CJF-J2-001，QHJ/ZD-230906-ZD/CJF-J2-001，QHJ/ZD-230915-CJF/QYT-J2-002；PKF/PXQ-250523-YZH/ZFY-J2-001；PKF/PXQ-250619-YZH/ZFY-J2-004；PKF/PXQ-250621-YZH/ZFY-J2-002；PKF/PXQ-250625-XQN/ZFY-J2-013；PKF/PXQ-250626-XQN/ZFY-J2-006；PKF/PXQ-250704-XQN/ZFY-J2-002；PKF/PXQ-250705-XQN/ZFY-J2-003；PKF/PXQ-250707-XQN/ZFY-J2-002；PKF/PXQ-250708-XQN/ZFY-J2-002；PKF/PXQ-250709-XQN/ZFY-J2-003；YZH/PXQ-250729-XQN/ZFY-J2-002；YZH/ZFY-250903-WYH/SYY-J2-004；YZH/ZFY-250903-WYH/SYY-J2-007；YZH/ZFY-250926-WYH/SYY-J2-014；YZH/ZFY-250928-WYH/SYY-J2-012；YZH/WYH-251124-WYH/YZH-J2-004；,89.9,g,,275,g,易制爆,数据已修改364.9g
硝酸钾,J2,危险化学品,艾科试剂,201806251,AR500g,,,,购置,1000,g,五双,已开,203,203G-05,1,QHJ/MYM-230517-MYM/CJF-J3-001；MYM/CJF-230517-QHJ/MYM-J2-001,2,g,,998,g,易制爆,
硝酸钾,J2,危险化学品,国药,20150113,AR500g,,,,购置,500,g,五双,已开,203,203G-05,1,,,,,500,g,易制爆,
重铬酸钾,J2,危险化学品,艾科试剂,201811201,AR500g,,XQN/ZFY-250623-PKF/PXQ-J2-004；XQN/ZFY-250627-PKF/PXQ-J2-014；XQN/ZFY-250703-PKF/PXQ-J2-003；XQN/ZFY-250707-PKF/PXQ-J2-002；XQN/ZFY-250709-PKF/PXQ-J2-005；XQN/ZFY-250724-YZH/PXQ-J2-001；SYY/WYH-250827-YZH/ZFY-J2-001；WYH/SYY-250903-YZH/ZFY-J2-004；WYH/YZH-251027-YZH/WYH-J2-002；WYH/YZH-251028-YZH/WYH-J2-003；,,购置,1000,g,五双,,203,203G-05,1,PKF/PXQ-250623-XQN/ZFY-J2-004；PKF/PXQ-250627-XQN/ZFY-J2-003；PKF/PXQ-250703-XQN/ZFY-J2-003；PKF/PXQ-250707-XQN/ZFY-J2-004；PKF/PXQ-250709-XQN/ZFY-J2-005；YZH/PXQ-250724-XQN/ZFY-J2-007；YZH/ZFY-250827-SYY/WYH-J2-001；YZH/ZFY-250903-WYH/SYY-J2-005；YZH/WYH-251027-WYH/YZH-J2-003；YZH/WYH-251028-WYH/YZH-J2-004；,190,g,,810,g,易制爆,2022.07.01从常规移
重铬酸钾,J2,危险化学品,艾科试剂,201810221,CP100g,,,,购置,200,g,五双,,203,203G-05,1,,,,,200,g,易制爆,2022.07.01从常规移
硝酸,J2,危险化学品,国药,20141225,GR2500ml,,,,购置,2500,mL,五双,,203,203G-05,2,"QHJ/ZRJ-220424-ZRJ/QHJ-J2-001;QHJ/MYM-230329-MYM/CJF-J2-002;QHJ/MYM-230403-MYM/CJF-J2-001/MYM/CJF-230403-QHJ/MYM-J2-001;QHJ/MYM-230426-MYM/CJF-J2-002/MYM/CJF-230426-MYM/QHJ-J2-002；QHJ/MYM-230720-MYM/QYT-J2-002/MYM/QYT-230720-QHJ/MYM-J2-001,QHJ/ZD-2305-ZD/CJF-J2-002,QHJ/ZD-230906-ZD/CJF-J2-002.QHJ/ZD-230915-CJF/QYT-J2-002",990,ml,,1510,mL,易制爆,补4月份领用；台账里面写的29.01，实际加起来是29.11，出库890ml改为990
硝酸,J2,危险化学品,国药,20140819,AR2500ml,,,,购置,5000,mL,五双,,203,203G-05,2,,,,,5000,mL,易制爆,
硝酸,J2,危险化学品,西陇科学（化工）,150625 1,GR500ml,,XQN/ZFY-250623-PKF/PXQ-J2-003；XQN/ZFY-250624-PKF/PXQ-J2-013；XQN/ZFY-250625-PKF/PXQ-J2-006；XQN/ZFY-250626-PKF/PXQ-J2-012；XQN/ZFY-250627-PKF/PXQ-J2-004；XQN/ZFY-250707-PKF/PXQ-J2-003；XQN/ZFY-250709-PKF/PXQ-J2-004；XQN/ZFY-250711-YZH/PXQ-J2-001；XQN/ZFY-250714-YZH/PXQ-J2-001；XQN/ZFY-250729-YZH/PXQ-J2-004；YZH/SYY-250822-LDC/ZFY-J2-004；WYH/SYY-250826-YZH/ZFY-J2-001；WYH/SYY-250924-YZH/ZFY-J2-009；WYH/SYY-250925-YZH/ZFY-J2-003；WYH/SYY-251017-YZH/LDC-J2-003；WYH/SYY-251024-YZH/LDC-J2-001；WYH/SYY-251025-YZH/LDC-J2-002；,,购置,6000,mL,五双,,203,203G-05,2,MYM/QHJ-220524-MYM-J2-001；PKF/PXQ-250623-XQN/ZFY-J2-003；PKF/PXQ-250624-XQN/ZFY-J2-013；PKF/PXQ-250625-XQN/ZFY-J2-010；PKF/PXQ-250626-XQN/ZFY-J2-003；PKF/PXQ-250627-XQN/ZFY-J2-001；PKF/PXQ-250707-XQN/ZFY-J2-005；PKF/PXQ-250709-XQN/ZFY-J2-004；YZH/PXQ-250711-XQN/ZFY-J2-001；YZH/PXQ-250714-XQN/ZFY-J2-001；YZH/PXQ-250729-XQN/ZFY-J2-004；LDC/ZFY-250822-YZH/SYY-J2-005；YZH/ZFY-250826-WYH/SYY-J2-001；YZH/ZFY-250924-WYH/SYY-J2-010；YZH/ZFY-250925-WYH/SYY-J2-004；YZH/LDC-251017-WYH/SYY-J2-004；YZH/LDC-251024-WYH/SYY-J2-001；YZH/LDC-251025-WYH/SYY-J2-002；YZH/WYH-251124-WYH/YZH-J2-005,1000,mL,,5000,mL,易制爆,
硝酸,J2,危险化学品,西陇科学（化工）,150705 1,AR500ml,,,,购置,17,L,五双,,203,203G-05,3,,,,,17,L,易制爆,
硝酸,J2,危险化学品,西陇科学（化工）,150705 1,AR500ml,,QHJ/MYM-220524-MYM/QHJ-J2-001,,返还,550,mL,五双,,203,203G-05,2,QHJ/MYM-230202-MYM/CJF-J2-001,550,mL,,,,易制爆,两瓶：150毫升+400ml
硼氢化钾,J2,危险化学品,润捷,,100g,,MYM/WJS-211209-MYM/WJS-J2-001,,返还,100,g,五双,,203,203G-05,2,QHJ/MYM-230203-MYM/CJF-J2-；QHJ/MYM-230223-MYM/CJF-J2-001；QHJ/MYM-230314-MYM/CJF-J2-001;QHJ/MYM-230320-MM/CJF-J2-001;QHJ/MYM-230321-MYM/CJF-J2-001;HJ/MYM-230329-MYM/CJF-J2-001;QHJ/MYM-230403-MYM/CJF-J2-002/MYM/CJF-230403-QHJ/MYM-J2-002；QHJ/MYM-230426-MYM/CJF-J2-001/MYM/CJF-230426-MYM/QHJ-J2-001;QHJ/MYM-230428-MYM/CJF-J2-001/MYM/CJF-230428-MYM/QHJ-J2-001；QHJ/MYM-230619-MYM/CJF-J3-004/MYM/CJF-230619-MYM/QHJ-J2-003,100,g,,,,易制爆,补返还
GLS高氯酸,J2,危险化学品,艾科试剂,201807201,AR500ml,,,,返还,250,mL,五双,,203,203G-05,1,,,,,250,mL,易制爆,补返还
硝酸镁，六水,J2,危险化学品,国药,20250523,AR500g,,KDY/KDY-250807-YZH/ZFY-J2-005；WYH/SYY-250828-YZH/ZFY-J2-002,,购置,500,g,五双,,203,203G-05,1,YZH/ZFY-250828-WYH/SYY-J2-002,0.5,g,,499.5,g,易制爆,
30%过氧化氢,J2,危险化学品,国药,20250513,AR500mL,,KDY/KDY-250807-YZH/ZFY-J2-006,,购置,500,mL,五双,,203,203G-05,2,,,,,500,mL,易制爆,
30%过氧化氢,J2,危险化学品,国药,20250612,GR500mL,,KDY/KDY-250807-YZH/ZFY-J2-007,,购置,1000,mL,五双,,203,203G-05,2,,,,,1000,mL,易制爆,
四氯化钛,J2,危险化学品,国药,20150127,CP500ml,,,,购置,1,瓶,五双,,203,203G-08,1,,,,,1,瓶,,
氢氟酸,J2,危险化学品,凌峰化学,20180511,AR500ml,,,,购置,1,瓶,五双,,203,203G-08,1,,,,,1,瓶,,
三氟乙酸,J2,危险化学品,国药,20140903,CP100ml,,,,购置,1,瓶,五双,,203,203G-08,1,,,,,1,瓶,,
乙酸,J2,危险化学品,凌峰化学,20170912,500ml,,,,购置,6,瓶,五双,,203,203G-08,1,,,,,6,瓶,,2022.07.01从常规移
磷酸,J2,危险化学品,江苏强盛,20151005,AR500ml,,XQN/ZFY-250724-YZH/PXQ-J2-003；YZH/ZFY-250926-SYY/WYH-J2-007；,,购置,1000,mL,五双,,203,203G-08,1,YZH/PXQ-250724-XQN/ZFY-J2-009；SYY/WYH-250926-YZH/ZFY-J2-007；,20.4,ml,,979.6,mL,,
磷酸,J2,危险化学品,江苏强盛,20140702,AR500ml,,,,购置,3,瓶,五双,,203,203G-08,1,,,,,3,瓶,,
磷酸,J2,危险化学品,国药,20141104,AR500ml,,,,购置,1,瓶,五双,,203,203G-08,1,MYM/QHJ-220701-MYM-J2-001,1,瓶,,,,,
磷酸,J2,危险化学品,国药,20141104,AR500ml,,,,返还,,mL,五双,,203,203G-08,1,,,,,,,,
三氯化钛,J2,危险化学品,润捷化学,20151101,AR500ml,,,,购置,1,瓶,五双,,203,203G-08,1,,,,,1,瓶,,2022.09.15转来
三氯化钛,J2,危险化学品,国药,20141113,AR500ml,,,,购置,1,瓶,五双,已开,203,203G-08,1,,,,,1,瓶,,2022.09.15转来
次氯酸钠溶液,J2,危险化学品,西陇科学（化工）,150531  2,AR500ml,,,,购置,17,瓶,五双,原来16,203,203G-08,2,MYM-220725-MYM-J1-001,17,瓶,,,,,2022.09.15转来
次氯酸钠溶液,J2,危险化学品,江苏强盛,20151005,CP500ml,,,,购置,1,瓶,五双,,203,203G-08,2,MYM-220725-MYM-J1-002,1,瓶,,,,,2022.09.15转来
次氯酸钠溶液,J2,危险化学品,国药,20150114,CP500ml,,,,购置,1,瓶,五双,,203,203G-08,2,MYM-220725-MYM-J1-003,1,瓶,,,,,2022.09.15转来
次氯酸钠溶液,J2,危险化学品,国药,20190218/20190508,CP500ml,,,,购置,2,瓶,五双,,203,203G-08,2,WJS-220214-MYM-J1-001；MYM/QHJ-221213-CJF/MYM-J2-001,2,瓶,,,,,2022.09.15转来
无水乙醇,J2,危险化学品,凌峰化学,20190829,500ml,,CYQ/LMI-240912-CYQ/LMI-J2-006；YZH/ZFY-250516-PXQ/PKF-J2-005；YZH/ZFY-250616-PXQ/PKF-J2-004；ZFY/WYH-250925-YZH/LDC-J2-002；,,购置,3000,mL,五双,,203,203G-08,2,WJS-220314-WJS-J1-001；MYM-220808-MYM-J1-003；QHJ/MYM-220926-MYM/WXY-J2-001；MYM/QHJ-221220-MYM/CJF-J2-001；QHJ/MYM-230216-MYM/CJF-J2-003；QHJ/MYM-230504-MYM/CJF-J2-001；QHJ/MYM-230714-MYM/CJF-J2-001；QHJ/ZHD-20231122-QDJ/WWY-J2-001，CYQ/LMI-240912-CYQ/LMI-J2-006；HYI/QDJ-241108-HYI/QDJ-J2-002;PXQ/PKF-250516-YZH/ZFY-J2-005；PXQ/PKF-250612-YZH/ZFY-J2-004；YZH/LDC-250925-ZFY/WYH-J2-002；,145,mL,,2855,mL,,2022.09.15转来，隔板层数改3为2
乙酰丙酮,J2,危险化学品,艾科试剂,201811161,500ml,,,,购置,2,瓶,五双,,203,203G-08,3,,,,,2,瓶,,2022.09.15转来
乙酰丙酮,J2,危险化学品,国药,20150120,500ml,,,,购置,1,瓶,五双,避光,203,203G-08,3,,,,,1,瓶,,2022.09.15转来
氨水,J2,危险化学品,罗恩试剂,/,500ml,,YZH/ZFY-250516-PXQ/PKF-J2-001；YZH/ZFY-250616-PXQ/PKF-J2-001；SYY/ZFY-250619-PKF/PXQ-J2-001；SYY/WYH-250926-YZH/ZFY-J2-008；WYH/YZH-251124-YZH/WYH-J2-005；,,购置,500,mL,五双,已开，避光,203,203G-08,3,PXQ/PKF-250516-YZH/ZFY-J2-006；PXQ/PKF-250612-YZH/ZFY-J2-001；PKF/PXQ-250619-SYY/ZFY-J2-002；YZH/ZFY-250926-SYY/WYH-J2-008；YZH/WYH-251124-WYH/YZH-J2-006；,470,mL,,30,mL,,2022.09.15转来
氨水,J2,危险化学品,阿拉丁,H21127120,500ml,,,,购置,2,瓶,五双,避光,203,203G-08,3,MYM-220913-MYM-J1-001，QHJ/CJF-230828-CJF/QYT-J2-001,2,瓶,,,,,2022.09.15转来
溴酸钾,J2,危险化学品,艾科试剂,201903221,AR500g,,,,购置,1,瓶,五双,,203,203G-08,4,,,,,1,瓶,,2022.09.15转来
硫脲,J2,危险化学品,凌峰化学,20170927,AR500g,,,,购置,3,瓶,五双,,203,203G-08,4,,,,,3,瓶,,2022.09.15转来
氟化钠,J2,危险化学品,国药,20141104,AR500g,,,,购置,1,瓶,五双,,203,203G-08,4,,,,,1,瓶,,2022.09.15转来
氟化钠,J2,危险化学品,西陇/光复化工,150320 1/20150513,AR500g,,,,购置,2,瓶,五双,,203,203G-08,4,,,,,2,瓶,,2022.09.15转来
对苯二酚,J2,危险化学品,润捷化学,20151101,AR250g,,,,购置,1,瓶,五双,,203,203G-08,4,,,,,1,瓶,,2022.09.15转来
氨基磺酸,J2,危险化学品,西亚化学,Y44393,AR100g,,,,购置,1,瓶,五双,已开,203,203G-08,4,,,,,1,瓶,,2022.09.15转来
氨基磺酸,J2,危险化学品,凌峰化学,20150204,AR100g,,,,购置,1,瓶,五双,,203,203G-08,4,,,,,1,瓶,,2022.09.15转来
二水合氟化钾,J2,危险化学品,国药,20150104,AR500g,,,,购置,1,瓶,五双,原名字写错,203,203G-08,4,,,,,1,瓶,,2022.09.15转来
六水合三氯化铁,J2,危险化学品,国药,20180118,AR500g,,,,购置,1,瓶,五双,,203,203G-08,4,,,,,1,瓶,,2022.09.15转来
八水合氢氧化钡,J2,危险化学品,国药,20150115,AR500g,,,,购置,1,瓶,五双,,203,203G-08,4,,,,,1,瓶,,2022.09.15转来
低亚硫酸钠（保险粉）,J2,危险化学品,国药,20141112,AR500g,,,,购置,1,瓶,五双,,203,203G-08,4,,,,,1,瓶,,2022.09.15转来
高硼酸钠.四水(过硼酸钠）,J2,危险化学品,国药,20141112,AR500g,,,,购置,1,瓶,五双,,203,203G-08,4,,,,,1,瓶,,2022.09.15转来
"硝酸镧,n水合",J2,危险化学品,国药,20141203,25g,,,,购置,1,瓶,五双,,203,203G-08,4,,,,,1,瓶,,2022.09.15转来
次氯酸钙,J2,危险化学品,国药,20141113,50g,,,,购置,1,瓶,五双,,203,203G-08,4,,,,,1,瓶,,"2022.09.15转来
251211已开封约剩余0.25瓶"
二氯苯酚,J2,危险化学品,/,30215AC,"100ng/mL,1.1mL",,,,购置,1,瓶,五双,,203,203G-08,4,,,,,1,瓶,,2022.09.15转来
六氯乙烷,J2,危险化学品,西亚化学,G5212,5g,,,,购置,1,瓶,五双,,203,203G-08,4,,,,,1,瓶,,2022.09.15转来
碘酸钾,J2,危险化学品,国药,20140923,500g,,,,购置,1,瓶,五双,避光,203,203G-08,4,,,,,1,瓶,,2022.09.15转来
四氯乙烷,J2,危险化学品,国药,20150107,AR500ml,,,,购置,1,瓶,五双,,203,203G-02,4,,,,,1,瓶,,2022.09.15转来
过硫酸钾,J2,危险化学品,西亚化学,20200911,AR500g,,,,购置,4,瓶,五双,,203,203G-08,4,MYM-220816-MYM-J1-001,1,瓶,,3,瓶,,
氟化钾，无水,J2,危险化学品,西亚化学,20190217,AR500g,,,,购置,1,瓶,五双,避光,203,203G-08,5,,,,,1,瓶,,2022.09.15转来
氯化锌,J2,危险化学品,西陇和国药,150528/20150107,AR500g,,,,购置,6,瓶,五双,原来少1,203,203G-08,5,,,,,6,瓶,,2022.09.15转来
氯化锌,J2,危险化学品,艾科试剂,201808241,AR500g,,,,购置,2,瓶,五双,,203,203G-08,5,,,,,2,瓶,,2022.09.15转来
过硼酸钠,J2,危险化学品,艾科试剂,201808181,AR500g,,,,购置,1,瓶,五双,已开,203,203G-08,5,,,,,1,瓶,,2022.09.15转来
硼酸,J2,危险化学品,国药,20150109,500g,,,,购置,1,瓶,五双,避光,203,203G-08,5,,,,,1,瓶,,
铬酸钾,J2,危险化学品,国药与西亚,20141117/20190125/20210520,500g,,,,购置,3,瓶,五双,,203,203G-08,5,,,,,3,瓶,,2022.09.15转来
氢氧化钠,J2,危险化学品,/,B1617998908,500g,,,,购置,3,瓶,五双,,203,203G-08,5,,,,,3,瓶,,2022.09.15转来
氢氧化钠,J2,危险化学品,艾科试剂,201808071,500g,,,,购置,1,瓶,五双,,203,203G-08,5,,,,,1,瓶,,2022.09.15转来
正己烷,J2,危险化学品,科密欧,20171113,500ml,,,,购置,1,瓶,五双,,203,203G-02,1,QHJ/MYM-230303-MYM/CJF-J2-001,1,瓶,,,,,2022.09.15转来
正己烷,J2,危险化学品,阿拉丁,E1914073,500ml,,,,购置,8,瓶,五双,,203,203G-02,1,,,,,8,瓶,,"2022.09.15转来
251211一瓶已开封约剩余0.5瓶"
正己烷,J2,危险化学品,西陇科学（化工）,150420 2,500ml,,,,购置,1,瓶,五双,已开,203,203G-02,1,QHJ/MYM-230720-MYM/QHG-J2-004,1,瓶,,,,,
正己烷,J2,危险化学品,西陇科学（化工）,150205 1,500ml,,,,购置,10,瓶,五双,已挥发，瓶子里很少,203,203G-02,1,MYM-220914-MYM-J1-003,2,瓶,,8,瓶,,"2022.09.15转来
251211一瓶开封约剩余0.3瓶"
正己烷,J2,危险化学品,艾科试剂,201903151,500ml,,WYH/SYY-250926-YZH/ZFY-J2-010,,购置,1,瓶,五双,,203,203G-02,1, ,1,瓶,,,,,2022.09.15转来
甲醇,J2,危险化学品,国药,201901258,500ml,,YZH/SYY-250724-ZFY/PXQ-J2-010；YZH/SYY-250728-ZFY/PXQ-J2-002；YZH/SYY-250822-LDC/ZFY-J2-002；YZH/SYY-250826-LDC/ZFY-J2-002；YZH/SYY-250901-LDC/ZFY-J2-003；YZH/SYY-250902-LDC/ZFY-J2-001,,购置,4000,mL,五双,,203,203G-02,3,PKF/PXQ-250626-YZH/ZFY-J2-019；PKF/PXQ-250711-YZH/ZFY-J2-002；ZFY/PXQ-250716-YZH/SYY-J2-007；ZFY/PXQ-250717-YZH/SYY-J2-001；ZFY/PXQ-250724-YZH/SYY-J2-016；PXQ/ZFY-250728-YZH/SYY-J2-002；LDC/ZFY-250822-YZH/SYY-J2-002；LDC/ZFY-250825-YZH/SYY-J2-001；LDC/ZFY-250826-YZH/SYY-J2-002；LDC/ZFY-250901-YZH/SYY-J2-003；LDC/ZFY-250902-YZH/SYY-J2-001；LDC/ZFY-250904-YZH/SYY-J2-001,4000,mL,,,,,2022.09.15转来
二甲苯,J2,危险化学品,西陇科学（化工）,150525 2/150329 2,AR500ml,,WYH/YZH-251125-YZH/WYH-J2-001,,购置,4,瓶,五双,,203,203G-02,3,,,,,4,瓶,,"2022.09.15转来
251211一瓶已开封约剩余0.7瓶"
二甲苯,J2,危险化学品,润捷化学,20161201,AR500ml,,,,购置,3,瓶,五双,,203,203G-02,3,YZH/WYH-251125-WYH/YZH-J2-001,2,瓶,,1,瓶,,2022.09.15转来
二氯甲烷,J2,危险化学品,科密欧,20170928,500ml,,,,购置,1,瓶,五双,已开,203,203G-02,4,QHJ/MYM-230206-MYM/CJF-J2-001,1,瓶,,,,,2022.09.15转来
"2,2,4-三甲基戊烷(异辛烷）",J2,危险化学品,国药,20141216,500ml,,,,购置,1,瓶,五双,,203,203G-02,4,,,,,1,瓶,,2022.09.15转来
硝基苯,J2,危险化学品,江苏强盛,20150301,500ml,,,,购置,1,瓶,五双,,203,203G-02,4,,,,,1,瓶,,2022.09.15转来
四氢呋喃,J2,危险化学品,国药与艾科,201810241/20141203,500ml,,,,购置,6,瓶,五双,避光,203,203G-02,4,MYM-220914-MYM-J1-002,1,瓶,,5,瓶,,2022.09.15转来
乙酸乙酯,J2,危险化学品,艾科试剂,201808181,500ml,,,,购置,3,瓶,五双,原来写的4瓶，,203,203G-02,4,,,,,3,瓶,,2022.09.15转来
异丙醇,J2,危险化学品,/,R667K096,4L,,CYQ/LMI-240912-CYQ/LMI-J2-005；CYQ/LMI-240919-CYQ/LMI-J2-002,,购置,4000,mL,五双,已开，避光,203,203G-02,5,CYQ/LMI-240912-CYQ/LMI-J2-005；CYQ/LMI-240912-CYQ/LMI-J2-003,220,mL,,3780,mL,,2022.09.15转来
乙腈,J2,危险化学品,/,16055012,4L,,,,购置,2,瓶,五双,已开，避光,203,203G-02,5,MYM-220823-QH-J1-001；QHJ/MYM-230216-MYM/CJF-J2-001；LMI-20240929-LMI-J2-001,2,瓶,,,,,2022.09.15转来
正己烷,J2,危险化学品,/,20170430/S585K192,4L,,,,购置,2,瓶,五双,已开，避光,203,203G-02,5,,,,,2,瓶,,2022.09.15转来
二氯甲烷,J2,危险化学品,/,13015054,4L,,YZH/ZFY-250616-PXQ/PKF-J2-006；,,购置,4,L,五双,已开，避光,203,203G-02,5,PXQ/PKF-250612-YZH/ZFY-J2-006；,0.32,L,,3.68,L,,2022.09.15转来
甲基叔丁基醚,J2,危险化学品,国药,20180419,2.5L,,YZH/ZFY-250625-PKF/PXQ-J2-011；YZH/ZFY-250626-PKF/PXQ-J2-010；YZH/ZFY-250627-PKF/PXQ-J2-013；YZH/SYY-250822-LDC/ZFY-J2-001；YZH/SYY-250912-LDC/ZFY-J2-001；YZH/SYY-250918-LDC/ZFY-J2-003；WYH/SYY-251017-YZH/LDC-J2-001；,,购置,2500,mL,五双,已开，避光,203,203G-02,5,PKF/PXQ-250625-YZH/ZFY-J2-024；PKF/PXQ-250626-YZH/ZFY-J2-014；PKF/PXQ-250627-YZH/ZFY-J2-017；LDC/ZFY-250822-YZH/SYY-J2-001；LDC/ZFY-250912-YZH/SYY-J2-001；LDC/ZFY-250918-YZH/SYY-J2-003；YZH/LDC-251017-WYH/SYY-J2-002；,860,mL,,1640,mL,,2022.09.15转来
甲醇,J2,危险化学品,国药,20160128,4L,,,,购置,1,瓶,五双,已开，避光,203,203G-02,5,QHJ/MYM-230225-MYM/CJF-J2-001,1,瓶,,,,,2022.09.15转来
异丙醇,J2,危险化学品,国药,20141022,HPLC500ml,,,,购置,1,瓶,五双,已开,203,203G-01,1,,,,,1,瓶,,2022.09.15转来
异戊醇（3-甲基-1-丁醇）,J2,危险化学品,国药,20140915,AR500ml,,,,购置,1,瓶,五双,,203,203G-01,1,,,,,1,瓶,,2022.09.15转来
四氯化碳,J2,危险化学品,罗恩试剂,RH196792,500ml,,,,购置,2,瓶,五双,避光,203,203G-01,1,,,,,2,瓶,,2022.09.15转来
异丁醇,J2,危险化学品,国药,20140929,AR500ml,,XQN/ZFY-250627-PKF/PXQ-J2-008,,购置,1,瓶,五双,已开,203,203G-01,1,PKF/PXQ-250627-XQN/ZFY-J2-007,,,,1,瓶,,2022.09.15转来
环己酮,J2,危险化学品,国药,20141114,≥99.5%，500mL,,,,购置,1,瓶,五双,已开,203,203G-01,1,,,,,1,瓶,,2022.09.15转来
三甲基氯硅烷,J2,危险化学品,艾科试剂,201807201,GR100ml,,,,购置,1,瓶,五双,避光,203,203G-01,1,,,,,1,瓶,,2022.09.15转来
糠醛,J2,危险化学品,国药,20141105,≥99.0%，500mL,,,,购置,1,瓶,五双,,203,203G-01,2,,,,,1,瓶,,2022.09.15转来
水杨醛,J2,危险化学品,凌峰化学,20170413,CP250ml,,,,购置,1,瓶,五双,写的 水杨酸，避光,203,203G-01,2,,,,,1,瓶,,2022.09.15转来
吡啶,J2,危险化学品,国药,20150109,AR500ml,,,,购置,1,瓶,五双,已开,203,203G-01,2,,,,,1,瓶,,2022.09.15转来
甲醛溶液,J2,危险化学品,国药,20141210,5L,,,,购置,1,瓶,五双,避光,203,203G-01,2,,,,,1,瓶,,2022.09.15转来
甲醛溶液,J2,危险化学品,西陇科学（化工）,160922 2,500ml,,YZH/ZFY-250516-PXQ/PKF-J2-002,,购置,8,瓶,五双,避光,203,203G-01,2,QHJ/MYM-221027-WXY/CJF/J2-002;PXQ/PKF-250516-YZH/ZFY-J2-002；,0.014,瓶,,7.986,瓶,,2022.09.15转来
甲酸,J2,危险化学品,西陇科学（化工）,150624  1,500ml,,,,购置,17,瓶,五双,避光,203,203G-01,3,,,,,17,瓶,,2022.09.15转来
甲酸,J2,危险化学品,国药,20150331,500ml,,,,购置,19,瓶,五双,避光,203,203G-01,3,,,,,19,瓶,,2022.09.15转来
环己烷,J2,危险化学品,国药,20150129,500ml,,,,购置,1,瓶,五双,避光,203,203G-01,4,,,,,1,瓶,,2022.09.15转来
环己烷,J2,危险化学品,艾科试剂,201903101,500ml,,,,购置,1,瓶,五双,避光,203,203G-01,4,,,,,1,瓶,,2022.09.15转来
环己烷,J2,危险化学品,西亚化学,I5678,500ml,,,,购置,1,瓶,五双,避光,203,203G-01,4,,,,,1,瓶,,"2022.09.15转来
251211一瓶开封仅剩余一点点"
环己烷,J2,危险化学品,国药,20190304,500ml,,,,购置,5,瓶,五双,避光,203,203G-01,4,,,,,5,瓶,,2022.09.15转来
苯酚,J2,危险化学品,国药与艾科,201809151/20150108,500g,,YZH/SYY-250912-LDC/ZFY-J2-004；WYH/SYY-250930-YZH/ZFY-J2-002；WYH/SYY-251009-YZH/QDJ-J2-004；WYH/SYY-251010-YZH/QDJ-J2-001；,,购置,3,瓶,五双,避光,203,203G-01,4,LDC/ZFY-250912-YZH/SYY-J2-005；YZH/ZFY-250930-WYH/SYY-J2-003；YZH/QDJ-251009-WYH/SYY-J2-004；YZH/QDJ-251010-WYH/SYY-J2-006；,0.05,瓶,25g,2.95,瓶,,2022.09.15转来
甲基异丁基甲酮,J2,危险化学品,国药,20190306,AR500ml,,,,购置,2,瓶,五双,避光,203,203G-01,4,MYM-220914-MYM-J1-004,1,瓶,,1,瓶,,2022.09.15转来
四氯乙烯,J2,危险化学品,科密欧,/,500ml,,WYH/YZH-251031-YZH/WYH-J2-001,,购置,28,瓶,五双,避光,203,203G-01,5,QHJ/MYM-221027-WXY/CJF-J2-001；MYM/QHJ-221214-CJF/MYM-J2-001；YZH/PXQ-250716-XQN/ZFY-J2-006；YZH/WYH-251031-WYH/YZH-J2-001；,4.06,瓶,,23.94,瓶,,2022.09.15转来
氢氧化钠,J2,危险化学品,/,150522,25KG,,,,购置,1,桶,五双,,203,地面,,MYM-22094-MYM-J12-001,0.08,桶,,0.92,桶,,2022.09.15转来
二硫化碳,J2,危险化学品,国药,20160125,500ml,,,,购置,1,瓶,五双,,203,冰柜,2,QHJ/ZHD-231204-QDJ/WWY-J2-001,1,瓶,,,,,2022.09.15转来
二硫化碳,J2,危险化学品,国药,20190117,500ml,,YZH/SYY-250724-ZFY/PXQ-J2-009；YZH/SYY-250728-ZFY/PXQ-J2-001；,,购置,5,瓶,五双,,203,冰柜,2,ZFY/PXQ-250724-YZH/SYY-J2-015；PXQ/ZFY-250728-YZH/SYY-J2-001；YZH/LDC-251013-SYY/WYH-J2-002；,1,瓶,,4,瓶,,2022.09.15转来
二硫化碳,J2,危险化学品,CNW,Q990287,500ml,,,,购置,1,瓶,五双,,203,冰柜,2,, ,瓶,,,,,2022.09.15转来
二硫化碳,J2,危险化学品,CNW,57240253,500ml,,,,购置,1,瓶,五双,,203,冰柜,2,QHJ/MYM-230323-MYM/CJF-J2-001;,1,瓶,,,,,2022.09.15转来
二硫化碳,J2,危险化学品,CNW,B4760255,500ml,,,,购置,5,瓶,五双,,203,冰柜,2,QHJ/MYM-230412-MYM/CJF-J2-001;QHJ/CJF-230802-CJF/QYT-J2-001,2,瓶,,3,瓶,,2022.09.15转来
二硫化碳,J2,危险化学品,CNW,B4760255,500ml,,QDJ/WWY-231228-QHJ/ZHD-J2-001；YZH/ZFY-250627-PKF/PXQ-J2-012；,,购置,1,瓶,五双,,203,冰柜,2,QHJ/ZHD-231228-QDJ/WWY-J2-001；PKF/PXQ-250627-YZH/ZFY-J2-016,0.041,瓶,,0.959,瓶,,
二硫化碳,J2,危险化学品,西亚试剂,X0145,500ml,,,,购置,3,瓶,五双,,203,冰柜,2,,,,,3,瓶,,2022.09.15转来
二硫化碳,J2,危险化学品,未知,瓶子上写的500mlGR,500ml,,,,购置,3,瓶,五双,,203,冰柜,2,,,,,3,瓶,,2022.09.15转来
环氧丙烷,J2,危险化学品,西亚,N2949,500ml,,,,购置,1,瓶,五双,已开封,203,冰柜,2,,,,,1,瓶,,2022.09.15转来
过硫酸钾,J2,危险化学品,四川众标,CNW,500g,,QDJ-220901-MYM-J1-001,,购置,1,瓶,五双,,203,,,MYM-220901-MYM-J1-001,1,瓶,,,,,2022.09.15转来
氢氧化钾,J2,危险化学品,西亚,,500gGR,,KDY/KDY-230310-QHJ/MYM-J2-001,,购置,1,瓶,五双,,203,,,QHJ/MYM-230310-MYM/CJF-J2-001,1,瓶,,,,,
乙腈,J2,危险化学品,沃凯,20221109,4L，HPLC,,KDY/QDJ-230508-MYM/QHJ-J2-004; LMI/QDJ-240929-LMI/QDJ-J2-001；YZH/ZFY-250626-PKF/PXQ-J2-009；YZH/ZFY-250708-PKF/PXQ-J2-005；YZH/ZFY-250711-PKF/PXQ-J2-002；YZH/SYY-250914-LDC/ZFY-J2-004；YZH/SYY-250926-LDC/ZFY-J2-015；SYY/WYH-251014-YZH/LDC-J2-002；,,购置,4000,mL,五双,,203,203G-02,5,LMI/QDJ-240929-LMI/QDJ-J2-001；PKF/PXQ-250626-YZH/ZFY-J2-013；PKF/PXQ-250708-YZH/ZFY-J2-005；PKF/PXQ-250711-YZH/ZFY-J2-003；LDC/ZFY-250914-YZH/SYY-J2-005；LDC/ZFY-250926-YZH/SYY-J2-019；YZH/LDC-251014-SYY/WYH-J2-004；,1750,mL,,2250,mL,,
甲醇,J2,危险化学品,沃凯,20230104,4L，HPLC,,KDY/QDJ-230508-MYM/QHJ-J2-005,,购置,1,瓶,五双,,203,203G-02,5,QHJ/MYM-230508-CJF/MYM-J3-001,1,瓶,,,,,
次氯酸钠溶液,J2,危险化学品,西亚化学,20230216,AR500毫升，6-14%,,DJ/KDY-230522-QHJ/MYM-J2-005；WYH/SYY-250930-YZH/ZFY-J2-003；WYH/SYY-251009-YZH/QDJ-J2-005；WYH/SYY-251010-YZH/QDJ-J2-002；SYY/WYH-251013-YZH/LDC-J2-001；SYY/WYH-251014-YZH/LDC-J2-001；WYH/YZH-251028-YZH/WYH-J2-002；,,购置,2,瓶,五双,,203,203G-08,2,QHJ/MYM-230503-MYM/CJF-J2-005；YZH/ZFY-250930-WYH/SYY-J2-004；YZH/QDJ-251009-WYH/SYY-J2-005；YZH/QDJ-251010-WYH/SYY-J2-007；YZH/LDC-251013-SYY/WYH-J2-001；YZH/LDC-251014-SYY/WYH-J2-001；YZH/WYH-251028-WYH/YZH-J2-003,1.122,瓶,,0.878,瓶,,
甲醇,J2,危险化学品,国药,201901258,500ml,,YZH/ZFY-250626-PKF/PXQ-J2-011；YZH/ZFY-250708-PKF/PXQ-J2-006,,返还,490,mL,五双,,203,203G-02,2,PKF/PXQ-250626-YZH/ZFY-J2-019；PKF/PXQ-250708-YZH/ZFY-J2-006；PKF/PXQ-250711-YZH/ZFY-J2-002,490,mL,,,,,
甲醇,J2,危险化学品,国药,201901258,500ml,,YZH/ZFY-250711-PKF/PXQ-J2-003；,,返还,500,mL,五双,,203,203G-02,2,PKF/PXQ-250711-YZH/ZFY-J2-002,500,mL,,,,,
N，N-二甲基甲酰胺,J2,危险化学品,永华化学科技（江苏）有限公司,20140527,500ml,,,,购置,1,瓶,五双,,203,203G-03,3,,,,,1,瓶,,
N，N-二甲基甲酰胺,J2,危险化学品,国药,20141230,500ml,,MYM-220701-MYM-J1-001,,购置,1,瓶,五双,避光,203,203G-03,3,,,,,1,瓶,,7.20乙改为甲
N，N-二甲基甲酰胺,J2,危险化学品,沃凯,20140723,500ml,,,,购置,1,瓶,五双,,203,203G-03,3,,,,,1,瓶,,
N，N-二甲基甲酰胺,J2,危险化学品,西陇科学（化工）,150531 1,500ml,,YZH/ZFY-250616-PXQ/PKF-J2-007；WYH/SYY-250818-YZH/ZFY-J2-002；WYH/SYY-250917-YZH/ZFY-J2-003；WYH/SYY-250918-TZH/ZFY-J2-002；WYH/YZH-251118-YZH/WYH-J2-001；,,购置,7500,mL,五双,,203,203G-03,3,PXQ/PKF-250612-YZH/ZFY-J2-007；YZH/ZFY-250818-WXH/SYY-J2-002；YZH/ZFY-250917-WYH/SYY-J2-003；YZH/ZFY-250918-WYH/SYY-J2-002；YZH/WYH-251118-WYH/YZH-J2-002；,90,mL,,7410,mL,,7.20日入库数量改为15
二氧化氯,J2,危险化学品,汝州中渔生物,20190320,500g,,QDJ/WWY-231227-QHJ/ZHD-J2-018,,返还,494.86,g,五双,原212试剂柜-4,203,203G-03,2,,,,,494.86,g,,2023.12.26转移
氯化锌,J2,危险化学品,国药,20150107,AR500g,,QDJ/WWY-231227-QHJ/ZHD-J2-019,,返还,340.5,g,五双,原212试剂柜-5,203,203G-03,2,,,,,340.5,g,,2023.12.26转移
氯化钴,J2,危险化学品,西亚,20210810,AR500g,改国药为西亚,QDJ/WWY-231227-QHJ/ZHD-J2-020,,返还,499.45,g,五双,原212试剂柜-5,203,203G-03,2,,,,,499.45,g,,2023.12.26转移
连二亚硫酸钠,J2,危险化学品,西陇,150509,AR500g,,QDJ/WWY-231227-QHJ/ZHD-J2-021,,返还,482.44,g,五双,原212试剂柜-5,203,203G-03,2,,,,,482.44,g,,2023.12.26转移
亚硫酸氢钠,J2,危险化学品,国药,20141023,AR500g,,QDJ/WWY-231227-QHJ/ZHD-J2-022,,返还,487.11,g,五双,原212试剂柜-5,203,203G-03,2,,,,,487.11,g,,2023.12.26转移
亚硝酸钠,J2,危险化学品,国药,20150109,AR500g,,QDJ/WWY-231227-QHJ/ZHD-J2-023；QDJ/HYI-241231-QDJ/HYI-J2-001；XQN/ZFY-250724-YZH/PXQ-J2-006；WYH/YZH-251107-YZH/WYH-J2-001；,,返还,424.03,g,五双,原212试剂柜-5,203,203G-03,1,QDJ/HYI-241231-QDJ/HYI-J2-001；YZH/PXQ-250724-XQN/ZFY-J2-012；,2.1,g,,421.93,g,,2023.12.26转移
硫化钠九水,J2,危险化学品,国药,20190122,AR500g,,QDJ/WWY-231227-QHJ/ZHD-J2-024，CYQ/LMI-240912-CYQ/LMI-J2-002,,返还,490.8,g,五双,原212试剂柜-5,203,203G-03,2,CYQ/LMI-240912-CYQ/LMI-J2-001,2.5,g,,488.3,g,,2023.12.26转移
氢氧化钠,J2,危险化学品,国药,20150113,AR1000g,,QDJ/WWY-231227-QHJ/ZHD-J2-025；WWY/HPY-240119-ZHD/WWY-J2-001；HYI/QDJ-241101-HYI/QDJ-J2-002；WYH/SYY-250930-YZH/ZFY-J2-001；WYH/YZH-251107-YZH/WYH-J2-001；WYH/YZH-251124-YZH/WYH-J2-002；,,返还,151.06,g,五双,原212试剂柜-5,203,203G-03,2,ZHD/WWY-240119-WWY/HPY-J2-001；HYI/QDJ-241101-HYI/QDJ-J2-002；YZH/ZFY-250930-WYH/SYY-J2-002；YZH/WYH-251107-WYH/YZH-J2-001；YZH/WYH-251124-WYH/YZH-J2-002,66.06,g,,85,g,,2023.12.26转移
氢氧化钠,J2,危险化学品,默克,B1617998908,500g,,QDJ/WWY-231227-QHJ/ZHD-J2-026;YZH/ZFY-250523-YZH/PXQ-J2-002；YZH/ZFY-250616-YZH/PXQ-J2-005；YZH/ZFY-250623-YZH/PXQ-J2-002；YZH/ZFY-250625-YZH/PXQ-J2-007；YZH/ZFY-250701-YZH/PXQ-J2-004；XQN/ZFY-250725-YZH/PXQ-J2-034；WYH/SYY-250818-YZH/ZFY-J2-001；WYH/SYY-250903-YZH/ZFY-J2-003；YZH/SYY-250912-LDC/ZFY-J2-002；WYH/SYY-250924-YZH/ZFY-J2-004；SYY/WYH-250926-YZH/ZFY-J2-002；WYH/SYY-250928-YZH/ZFY-J2-001；,,返还,56.77,g,五双,原212试剂柜-5,203,203G-03,2,YZH/PXQ-250523-YZH/ZFY-J2-002；YZH/PXQ-250612-YZH/ZFY-J2-005；YZH/PXQ-250623-YZH/ZFY-J2-007；YZH/PXQ-250625-YZH/ZFY-J2-012；YZH/PXQ-250701-YZH/ZFY-J2-006；YZH/PXQ-250725-XQN/ZFY-J2-007；YZH/ZFY-250818-WXH/SYY-J2-001；YZH/ZFY-250903-WYH/SYY-J2-003；LDC/ZFY-250912-YZH/SYY-J2-002；YZH/ZFY-250924-WYH/SYY-J2-005；YZH/ZFY-250926-SYY/WYH-J2-002；YZH/ZFY-250928-WYH/SYY-J2-001；YZH/ZFY-250930-WYH/SYY-J2-001；,56.77,g,,,,,2023.12.26转移
亚氯酸钠,J2,危险化学品,/,BCBM1128V,250g,,QDJ/WWY-231227-QHJ/ZHD-J2-027,,返还,222.7,g,五双,原212试剂柜-5,203,203G-03,2,,,,,222.7,g,,2023.12.26转移
硫脲,J2,危险化学品,凌峰,20170927,AR500g,,QDJ/WWY-231227-QHJ/ZHD-J2-028；YZH/ZFY-250523-YZH/PXQ-J2-001；XQN/ZFY-250619-PKF/PXQ-J2-004；XQN/ZFY-250625-PKF/PXQ-J2-008；XQN/ZFY-250704-PKF/PXQ-J2-004；XQN/ZFY-250708-PKF/PXQ-J2-004；XQN/ZFY-250729-YZH/PXQ-J2-005；WYH/SYY-250903-YZH/ZFY-J2-002；WYH/SYY-250926-YZH/ZFY-J2-011；WYH/SYY-250928-YZH/ZFY-J2-002；WYH/YZH-251124-YZH/WYH-J2-001；,,返还,495.05,g,五双,原212试剂柜-5,203,203G-03,2,YZH/PXQ-250523-YZH/ZFY-J2-001；PKF/PXQ-250619-XQN/ZFY-J2-003；PKF/PXQ-250625-XQN/ZFY-J2-014；PKF/PXQ-250704-XQN/ZFY-J2-005；PKF/PXQ-250708-XQN/ZFY-J2-004；YZH/PXQ-250729-XQN/ZFY-J2-005；YZH/ZFY-250903-WYH/SYY-J2-002；YZH/ZFY-250926-WYH/SYY-J2-011；YZH/ZFY-250928-WYH/SYY-J2-002；YZH/WYH-251124-WYH/YZH-J2-001；,90.05,g,,405,g,,2023.12.26转移
"氯化镉,2.5水",J2,危险化学品,国药,20181211,AR100g,,QDJ/WWY-231227-QHJ/ZHD-J2-029；SYY/WYH-250928-YZH/ZFY-J2-008；,,返还,92.95,g,五双,原212试剂柜-5,203,203G-03,2,YZH/ZFY-250928-SYY/WYH-J2-008,2,g,,90.95,g,,2023.12.26转移
高碘酸钾,J2,危险化学品,国药,20141017,AR100g,,QDJ/WWY-231227-QHJ/ZHD-J2-030；LMI/CYQ-240806-LMI/CYQ-J2-002;YZH/ZFY-250516-PXQ/PKF-J2-004；YZH/ZFY-250616-PXQ/PKF-J2-003；XQN/ZFY-250725-YZH/PXQ-J2-033；WYH/SYY-250917-YZH/ZFY-J2-002；WYH/SYY-250924-YZH/ZFY-J2-001；,,返还,96.87,g,五双,原212试剂柜-5,203,203G-03,2,LMI/CYQ-240806-LMI/CYQ-J2-002；PXQ/PKF-250516-YZH/ZFY-J2-004；YZH/ZFY-250612-PXQ/PKF-J2-003；YZH/PXQ-250725-XQN/ZFY-J2-006；YZH/ZFY-250917-WYH/SYY-J2-002；YZH/ZFY-250924-WYH/SYY-J2-001；,8.5,g,,88.37,g,,2023.12.26转移
碘酸钾,J2,危险化学品,艾科,201903251,25g,,QDJ/WWY-231227-QHJ/ZHD-J2-031,,返还,4.98,g,五双,原212试剂柜-5,203,203G-03,2,,,,,4.98,g,,2023.12.26转移
"N,N-二甲基对苯二胺二盐酸盐",J2,危险化学品,展云,180620,AR25g,改沃凯为展云,QDJ/WWY-231227-QHJ/ZHD-J2-032；WYH/SYY-250924-YZH/ZFY-J2-005；,,返还,0.4,g,五双,原212试剂柜-5,203,203G-03,2,YZH/ZFY-250924-WYH/SYY-J2-006;SYO/YZH-251211-YZH/SYO-J2-001,0.4,g,,,,,2023.12.26转移
硫酸镉,J2,危险化学品,阿拉丁,H514009,AR400g,,QDJ/WWY-231227-QHJ/ZHD-J2-033；WYH/SYY-250924-YZH/ZFY-J2-007；SYY/WYH-250926-YZH/ZFY-J2-001；,,返还,110.62,g,五双,原212试剂柜-5,203,203G-03,2,YZH/ZFY-250924-WYH/SYY-J2-008；YZH/ZFY-250926-SYY/WYH-J2-001；,6.8,g,,103.82,g,,2023.12.26转移
硫酸汞,J2,危险化学品,凌峰,20171120,AR250g,,QDJ/WWY-231227-QHJ/ZHD-J2-034,,返还,5.15,g,五双,原212试剂柜-5,203,203G-03,2,,,,,5.15,g,,2023.12.26转移
氨基磺酸,J2,危险化学品,国药,20141118,AR100g,,QDJ/WWY-231227-QHJ/ZHD-J2-035；SYY/WYH-250926-YZH/ZFY-J2-006；,,返还,89.84,g,五双,原212试剂柜-5,203,203G-03,2,YZH/ZFY-250926-SYY/WYH-J2-006,0.3,g,,89.54,g,,2023.12.26转移
无水对氨基苯磺酸,J2,危险化学品,天津化工研究所,/,基准试剂100g,,QDJ/WWY-231227-QHJ/ZHD-J2-036,,返还,65.55,g,五双,原212试剂柜-5,203,203G-03,2,,,,,65.55,g,,2023.12.26转移
4-氨基苯磺酸(无水对氨基苯磺酸）,J2,危险化学品,国药,20141018,AR100g,,QDJ/WWY-231227-QHJ/ZHD-J2-037；SYY/ZFY-250627-PKF/PXQ-J2-010；,,返还,10.27,g,五双,原212试剂柜-5,203,203G-03,2,PKF/PXQ-250627-SYY/ZFY-J2-011,8,g,,2.27,g,,2023.12.26转移
氢氧化钾,J2,危险化学品,西亚,20171101,AR500g,改润捷为西亚，2025.06.20核查，改规格AR为GR,QDJ/WWY-231227-QHJ/ZHD-J2-038；LMI/CYQ-240806-LMI/CYQ-J2-001；HYI/QDJ-241209-HYI/QDJ-J2-001;YZH/ZFY-250516-PXQ/PKF-J2-003；YZH/ZFY-250616-PXQ/PKF-J2-002；XQN/ZFY-250619-PKF/PXQ-J2-005；XQN/ZFY-250620-PKF/PXQ-J2-005；XQN/ZFY-250625-PKF/PXQ-J2-012；XQN/ZFY-250626-PKF/PXQ-J2-006；XQN/ZFY-250704-PKF/PXQ-J2-005；XQN/ZFY-250705-PKF/PXQ-J2-002；XQN/ZFY-250707-PKF/PXQ-J2-002；XQN/ZFY-250708-PKF/PXQ-J2-001；XQN/ZFY-250709-PKF/PXQ-J2-002；XQN/ZFY-250725-YZH/PXQ-J2-031；XQN/ZFY-250729-YZH/PXQ-J2-001；YZH/SYY-250912-LDC/ZFY-J2-009；,,返还,191.44,g,五双,原212试剂柜-5,203,203G-03,2,LMI/CYQ-240806-LMI/CYQ-J2-001;HYI/QDJ-241209-HYI/QDJ-J2-001；PXQ/PKF-250516-YZH/ZFY-J2-003；PXQ/PKF-250612-YZH/ZFY-J2-002；PKF/PXQ-20250619-XQN/ZFY-J2-005；PKF/PXQ-250620-XQN/ZFY-J2-005；PKF/PXQ-250625-XQN/ZFY-J2-026；PKF/PXQ-250626-XQN/ZFY-J2-005；PKF/PXQ-250704-XQN/ZFY-J2-001；PKF/PXQ-250705-XQN/ZFY-J2-002；PKF/PXQ-250707-XQN/ZFY-J2-001；PKF/PXQ-250708-XQN/ZFY-J2-001；PKF/PXQ-250709-XQN/ZFY-J2-002；YZH/PXQ-250725-XQN/ZFY-J2-004；YZH/PXQ-250729-XQN/ZFY-J2-001；LDC/ZFY-250912-YZH/SYY-J2-012；YZH/ZFY-250924-WYH/SYY-J2-002,191.44,g,,,,,2023.12.26转移
铬酸钾,J2,危险化学品,凌峰,20181227,AR500g,,QDJ/WWY-231227-QHJ/ZHD-J2-039；SYY/ZFY-250625-PKF/PXQ-J2-013；SYY/ZFY-250626-PKF/PXQ-J2-007；SYY/WYH-250914-YZH/ZFY-J2-002；SYY/WYH-250928-YZH/ZFY-J2-005；,,返还,497.27,g,五双,原212试剂柜-5,203,203G-03,1,PKF/PXQ-250625-SYY/ZFY-J2-018；PKF/PXQ-250626-SYY/ZFY-J2-008；YZH/ZFY-250914-SYY/WYH-J2-002；YZH/ZFY-250928-SYY/WYH-J2-005；,60,g,,437.27,g,,2023.12.26转移
硫酸氢钾,J2,危险化学品,国药 ,20140514,AR500g,,QDJ/WWY-231227-QHJ/ZHD-J2-040,,返还,481.36,g,五双,原212试剂柜-5,203,203G-03,1,,,,,481.36,g,,2023.12.26转移
溴酸钾,J2,危险化学品,国药 ,20190315,AR500g,,QDJ/WWY-231227-QHJ/ZHD-J2-041；XQN/ZFY-250620-PKF/PXQ-J2-006；XQN/ZFY-250707-PKF/PXQ-J2-004；SYY/WYH-250926-YZH/ZFY-J2-009；,,返还,498.48,g,五双,原212试剂柜-5,203,203G-03,1,PKF/PXQ-250620-XQN/ZFY-J2-006；PKF/PXQ-250707-XQN/ZFY-J2-006；YZH/ZFY-250926-SYY/WYH-J2-009；,8.48,g,,490,g,,2023.12.26转移
过二硫酸钾,J2,危险化学品,国药,20170201,AR500g,,QDJ/WWY-231227-QHJ/ZHD-J2-042,,返还,366.06,g,五双,原212试剂柜-5,203,203G-03,2,,,,,366.06,g,,2023.12.26转移
过硫酸钾,J2,危险化学品,CNW,91730087,AR500g,,QDJ/WWY-231227-QHJ/ZHD-J2-043；SYY/ZFY-250623-PKF/PXQ-J2-003；SYY/ZFY-250624-PKF/PXQ-J2-004；SYY/WYH-250928-YZH/ZFY-J2-003；,,返还,406.48,g,五双,原212试剂柜-5,203,203G-03,1,PKF/PXQ-250623-SYY/ZFY-J2-008；PKF/PXQ-250624-SYY/ZFY-J2-010；YZH/ZFY-250928-SYY/WYH-J2-003；,25,g,,381.48,g,,2023.12.26转移
酒石酸锑钾,J2,危险化学品,/,P1431772,AR500g,,QDJ/WWY-231227-QHJ/ZHD-J2-044；SYY/ZFY-250624-PKF/PXQ-J2-005；SYY/ZFY-250625-PKF/PXQ-J2-010；SYY/WYH-250914-YZH/ZFY-J2-001；SYY/WYH-250928-YZH/ZFY-J2-004；,,返还,498.34,g,五双,原212试剂柜-5,203,203G-03,1,PKF/PXQ-250624-SYY/ZFY-J2-012；PKF/PXQ-250625-SYY/ZFY-J2-022；YZH/ZFY-250914-SYY/WYH-J2-001；YZH/ZFY-250928-SYY/WYH-J2-004；,9.635,g,,488.705,g,,2023.12.26转移
酒石酸锑钾,J2,危险化学品,西亚,20210607,AR100g,,QDJ/WWY-231227-QHJ/ZHD-J2-045,,返还,99.1,g,五双,原212试剂柜-5,203,203G-03,2,,,,,99.1,g,,2023.12.26转移
三氯化铁六水（氯化高铁）,J2,危险化学品,国药,20150105,AR500g,,QDJ/WWY-231227-QHJ/ZHD-J2-046；WYH/SYY-250924-YZH/ZFY-J2-006；SYY/WYH-250926-YZH/ZFY-J2-004；WYH/YZH-251031-YZH/WYH-J2-003；,,返还,169.17,g,五双,原212试剂柜-5,203,203G-03,2,YZH/ZFY-250924-WYH/SYY-J2-007；YZH/ZFY-250926-SYY/WYH-J2-004；YZH/WYH-251031-WYH/YZH-J2-003；,40,g,,129.17,g,,2023.12.26转移
十水合四硼酸钠,J2,危险化学品,国药,20181217,AR500g,,QDJ/WWY-231227-QHJ/ZHD-J2-047,,返还,492.02,g,五双,原212试剂柜-5,203,203G-03,2,,,,,492.02,g,,2023.12.26转移
十水合四硼酸钠,J2,危险化学品,国药,20140926,AR500g,,QDJ/WWY-231227-QHJ/ZHD-J2-048；LMI/CYQ-240729-LMI/CYQ-J2-001；SYY/WYH-250928-YZH/ZFY-J2-007；,,返还,495.8,g,五双,原212试剂柜-5,203,203G-03,2,LMI/CYQ-240729-LMI/CYQ-J2-001；YZH/ZFY-250928-SYY/WYH-J2-007；,4,g,,491.8,g,,2023.12.26转移
硼酸,J2,危险化学品,国药,20141121,GR500g,,QDJ/WWY-231227-QHJ/ZHD-J2-049,,返还,466.12,g,五双,原212试剂柜-5,203,203G-03,2,,,,,466.12,g,,2023.12.26转移
乙酸,J2,危险化学品,凌峰,20170912,AR500ml,改永华为凌峰,QDJ/WWY-231227-QHJ/ZHD-J2-001；HYI/QDJ241101HYI/QDJ-J2-003；SYY/ZFY-250626-PKF/PXQ-J2-008；SYY/ZFY-250627-PKF/PXQ-J2-011；XQN/ZFY-250725-YZH/PXQ-J2-029；WYH/SYY-250901-YZH/ZFY-J2-002；SYY/WYH-250905-YZH/ZFY-J2-001；WYH/SYY-250924-YZH/ZFY-J2-003；YZH/SYY-250926-LDC/ZFY-J2-016；WYH/SYY-251015-YZH/LDC-J2-006；,,返还,133,ml,五双,原204试剂柜,203,203G-02,2,HYI/QDJ241101HYI/QDJ-J2-003；PKF/PXQ-250626-SYY/ZFY-J2-011；PKF/PXQ-250627-SYY/ZFY-J2-013；YZH/PXQ-250725-XQN/ZFY-J2-002；YZH/ZFY-250901-WYH/SYY-J2-002；YZH/ZFY-250905-SYY/WYH-J2-001；YZH/ZFY-250924-WYH/SYY-J2-004；YZH/ZFY-250926-SYY/WYH-J2-021；YZH/LDC-251015-WYH/SYY-J2-006；,36.7,ml,,96.3,ml,,2023.12.26转移
N-N二甲基甲酰胺,J2,危险化学品,西陇,150531  1,AR 500ml,,QDJ/WWY-231227-QHJ/ZHD-J2-002;LMI/CYQ-240801-LMI/CYQ-J2-001,,返还,19.64,ml,五双,原206试剂柜,203,203G-02,2,LMI/CYQ-240801-LMI/CYQ-J2-001；LMI/CYQ-240814-LMI/CYQ-J2-002,19.64,ml,,,,,2023.12.26转移
二乙胺,J2,危险化学品,润捷,22150901,AR 500ml,,QDJ/WWY-231227-QHJ/ZHD-J2-003,,返还,136.29,ml,五双,原206试剂柜,203,203G-02,2,,,,,136.29,ml,,2023.12.26转移
间甲酚,J2,危险化学品,艾科,201812081,AR 500ml,,QDJ/WWY-231227-QHJ/ZHD-J2-004,,返还,302.31,ml,五双,原206试剂柜,203,203G-02,2,,,,,302.31,ml,,2023.12.26转移
异丙醇,J2,危险化学品,国药,20141230,AR 500ml,,QDJ/WWY-231227-QHJ/ZHD-J2-005,,返还,172.11,ml,五双,原206试剂柜,203,203G-02,2,CYQ/LMI-240912-CYQ/LMI-J2-004,172.11,ml,,,,,2023.12.26转移
四氯化碳,J2,危险化学品,罗恩试剂,RH196792,AR 500ml,,QDJ/WWY-231227-QHJ/ZHD-J2-006；WYH.YZH-251125-YZH/WYH-J2-002；,,返还,343.12,ml,五双,原206试剂柜,203,203G-02,2,YZH/WYH-251125-WYH/YZH-J2-002,49.91,ml,,293.21,ml,,2023.12.26转移
正己烷,J2,危险化学品,科密欧,20171113,色谱级500ml,改阿拉丁为科密欧,QDJ/WWY-231227-QHJ/ZHD-J2-007；YZH/LDC-251014-SYY/WYH-J2-006；SYY/WYH-251014-YZH/LDC-J2-003；WYH/YZH-251125-YZH/WYH-J2-003；,,返还,190.49,ml,五双,原206试剂柜,203,203G-02,2,YZH/LDC-251014-SYY/WYH-J2-006；YZH/LDC-251014-SYY/WYH-J2-006；,120,ml,,70.49,ml,,2023.12.26转移
甲醇,J2,危险化学品,国药,20190125,AR 500ml,,QDJ/WWY-231227-QHJ/ZHD-J2-008,,返还,65.49,ml,五双,原206试剂柜,203,203G-02,2,,65.49,ml,,1.42109E-14,ml,,2023.12.26转移
苯,J2,危险化学品,西陇,150422  1,AR 500ml,,QDJ/WWY-231227-QHJ/ZHD-J2-009,,返还,216.83,ml,五双,原206试剂柜,203,203G-02,2,,,,,216.83,ml,,2023.12.26转移
二甲苯,J2,危险化学品,润捷,20161201,AR 500ml,,QDJ/WWY-231227-QHJ/ZHD-J2-010；WYH/YZH-251125-YZH/WYH-J2-004,,返还,478.18,ml,五双,原206试剂柜,203,203G-02,2,,,,,478.18,ml,,2023.12.26转移
二氯甲烷,J2,危险化学品,国药,20141224,AR 500ml,,QDJ/WWY-231227-QHJ/ZHD-J2-011；YZH/ZFY-250701-PKF/PXQ-J2-003；,,返还,245.66,ml,五双,原206试剂柜,203,203G-02,2,PKF/PXQ-250701-YZH/ZFY-J2-004；,245.66,ml,,,,,2023.12.26转移
4-甲基-2-戊酮（甲基异丁基甲酮）,J2,危险化学品,国药,20190116,AR 500ml,,QDJ/WWY-231227-QHJ/ZHD-J2-012,,返还,125.25,ml,五双,原206试剂柜,203,203G-02,2,,,,,125.25,ml,,2023.12.26转移
甲酸,J2,危险化学品,国药,20141203,AR 500ml,试剂挥发导致试剂瓶空了,QDJ/WWY-231227-QHJ/ZHD-J2-013,,返还,1.03,ml,五双,原206试剂柜,203,203G-02,2,LMI/HYI-241021-LMI/HYI-J2-001,1.03,ml,,,,,2023.12.26转移，20241021空瓶出库
氨水,J2,危险化学品,阿拉丁,H2127120,AR 500ml,,QDJ/WWY-231227-QHJ/ZHD-J2-014；WWY/QDJ-240222-QDJ/ZHD-J2-001；LMI/HYI-241017-LMI/HYI-J2-001；HYI/QDJ-241108-HYI/QDJ-J2-001,,返还,115.3,ml,五双,原206试剂柜,203,203G-02,2,QDJ/ZHD-240222-WWY/QDJ-J2-002；LMI/HYI-241017-LMI/HYI-J2-001;HYI/QDJ-241108-HYI/QDJ-J2-001;PXQ/PKF-250516-YZH/ZFY-J2-001,115.3,ml, ,,,,2023.12.26转移
二硫化碳,J2,危险化学品,CNW,B4760255,500ml,试剂挥发导致试剂瓶空了,QDJ/WWY-231227-QHJ/ZHD-J2-015,,返还,53.33,ml,五双,原206试剂柜,203,203G-02,2,LMI/HYI-241021-LMI/HYI-J2-002,53.33,ml,,,,,2023.12.26转移，20241021空瓶出库
甲醛溶液,J2,危险化学品,西陇,160922 2,AR 500ml,,QDJ/WWY-231227-QHJ/ZHD-J2-016；SYY/WYH-250926-YZH/ZFY-J2-005；,,返还,492,ml,五双,原208试剂柜,203,203G-02,2,YZH/ZFY-250926-SYY/WYH-J2-005,5.3,ml,,486.7,ml,,2023.12.26转移
次氯酸钠,J2,危险化学品,西亚,20230216,AR 500ml,,QDJ/WWY-231227-QHJ/ZHD-J2-017,,返还,18.66,ml,五双,原208试剂柜,203,203G-02,2,LDC/ZFY-250912-YZH/SYY-J2-004,18.66,ml,,,,,2023.12.26转移
无水乙醇,J2,危险化学品,凌峰化学,20190829,AR500ml,,QDJ/WWY-231227-QHJ/ZHD-J2-050,,返还,369.44,ml,五双,原212冰箱内,203,203G-02,2,LMI/CYQ-240731-LMI/CYQ-J2-001,369.44,ml,,,,,2023.12.26转移
二硫化碳,J2,危险化学品,国药,20160125,500ml,试剂挥发导致试剂瓶空了,QDJ/WWY-231227-QHJ/ZHD-J2-051,,返还,127.68,ml,五双,原212冰箱内,203,203G-02,2,LMI/HYI-241021-LMI/HYI-J2-003,127.68,ml,,,,,2023.12.26转移，20241021空瓶出库
六甲基二硅胺烷,J2,危险化学品,上海麦克林,C16330547,500ml,,CYQ/LMI-240912-CYQ/LMI-J2-001，CYQ/LMI-240912-CYQ/LMI-J2-004，CYQ/LMI-240919-CYQ/LMI-J2-003,,购置,500,mL,五双,,203,203G-02,2,CYQ/LMI-240912-CYQ/LMI-J2-003，CYQ/LMI-240919-CYQ/LMI-J2-004,443,mL,,57,mL,,
无水乙醇,J2,危险化学品,凌峰化学,20190829,500ml,,HYI/QDJ-241108-HYI/QDJ-J2-002,,返还,485,mL,五双,,203,203G-08,2,HYI/QDJ-241231-HYI/QDJ-J2-002,485,mL,,,,,
三聚氰酸（氰尿酸）,J2,危险化学品,广东元丰化学试剂有限公司,20250607035,AR500g,,KDY/KDT-250721-YZH/PXQ-J2-002；YZH/SYY-250927-LDC/ZFY-J2-001；YZH/SYY-251025-WYH/LDC-J2-001；,,购置,500,g,五双,,203,203G-02,4,LDC/ZFY-250927-YZH/SYY-J2-001；WYH/LDC-251025-YZH/SYY-J2-001；,10.5,g,,489.5,g,,
乙酸（冰醋酸）,J2,危险化学品,天津市科密欧化学试剂有限公司,20250328,AR500ml,,KDY/KDT-250725-YZH/PXQ-J2-001,,购置,1000,mL,五双,,203,203G-02,2,,,,,1000,mL,,
次氯酸钠溶液,J2,危险化学品,天津市科密欧化学试剂有限公司,20250630,AR500ml,,KDY/KDT-250725-YZH/PXQ-J2-002,,购置,500,mL,五双,,203,203G-02,2,,,,,500,mL,,
硫代乙酰胺,J2,危险化学品,天津市科密欧化学试剂有限公司,20250116,AR25g,,KDY/KDT-250725-YZH/PXQ-J2-004,,购置,25,g,五双,,203,203G-07,1,,,,,25,g,,
硫酸汞,J2,危险化学品,天津市科密欧化学试剂有限公司,20250513,AR100g,,KDY/KDT-250725-YZH/PXQ-J2-006,,购置,200,g,五双,,203,203G-07,1,,,,,200,g,,
4-甲基-2-戊酮（甲基异丁基甲酮）,J2,危险化学品,天津市科密欧化学试剂有限公司,20250512,AR500ml,,KDY/KDT-250725-YZH/PXQ-J2-009,,购置,500,mL,五双,,203,203G-01,1,,,,,500,mL,,
氢氧化钾,J2,危险化学品,天津市科密欧化学试剂有限公司,20250620,GR500g,,KDY/KDT-250725-YZH/PXQ-J2-010；WYH/SYY-250924-YZH/ZFY-J2-002；WYH/YZH-251107-YZH/WYH-J2-002；SYO/YZH-251217-YZH/SYO-J2-003,,购置,500,g,五双,,203,203G-07,1,YZH/ZFY-250924-WYH/SYY-J2-003；YZH/WYH-251107-WYH/YZH-J2-002；YZH/SYO-251217-SYO/YZH-J2-002,176.8,g,,323.2,g,,
碘酸钾,J2,危险化学品,天津市科密欧化学试剂有限公司,20250110,GR100g,,KDY/KDT-250725-YZH/PXQ-J2-011,,购置,100,g,五双,,203,203G-07,1,,,,,100,g,,
偏重亚硫酸钠（焦硫酸钠）,J2,危险化学品,天津市科密欧化学试剂有限公司,20250422,AR500g,,KDY/KDT-250725-YZH/PXQ-J2-012；XQN/ZFY-250725-YZH/PXQ-J2-030；WYH/SYY-250923-YZH/ZFY-J2-001；,,购置,500,g,五双,,203,203G-06,1,YZH/PXQ-250725-XQN/ZFY-J2-003；YZH/ZFY-250923-WYH/SYY-J2-001；,1.5,g,,498.5,g,,
亚硝基铁氰化钠,J2,危险化学品,天津市科密欧化学试剂有限公司,20250116,AR25g,,KDY/KDT-250725-YZH/PXQ-J2-013；YZH/SYY-250912-LDC/ZFY-J2-003；,,购置,25,g,五双,,203,203G-07,2,LDC/ZFY-250912-YZH/SYY-J2-003；,0.1,g,,24.9,g,,
二氯甲烷,J2,危险化学品,国药集团化学试剂有限公司,20250521,"HPLC,4L",,KDY/KDT-250725-YZH/PXQ-J2-022,,购置,4,L,五双,,203,203G-02,5,,,,,4,L,,
过硫酸铵,J2,危险化学品,国药集团化学试剂有限公司,20250415,AR100g,,KDY/KDT-250725-YZH/PXQ-J2-023,,购置,100,g,五双,,203,203G-07,5,,,,,100,g,,
碳酸镉,J2,危险化学品,天津市光复科技发展有限公司,20250328,AR500g,,KDY/KDT-250725-YZH/PXQ-J2-024,,购置,500,g,五双,,203,203G-07,5,,,,,500,g,,
氢氟酸,J2,危险化学品,国药集团化学试剂有限公司,20250523,GR500ml,,KDY/KDT-250725-YZH/PXQ-J2-025,,购置,500,mL,五双,,203,203G-08,1,,,,,500,mL,,
铜铁试剂,J2,危险化学品,国药集团化学试剂有限公司,20250522,CP25g,2-8℃避光保存,KDY/KDT-250725-YZH/PXQ-J2-026,,购置,25,g,五双,,203,电冰箱,2,,,,,25,g,,
溴酸钾,J2,危险化学品,国药集团化学试剂有限公司,20240809,AR100g,,KDY/KDT-250725-YZH/PXQ-J2-027,,购置,100,g,五双,,203,203G-03,2,,,,,100,g,,
氢氧化钾,J2,危险化学品,天津市科密欧化学试剂有限公司,20250620,GR500g,,KDY/KDT-250807-YZH/ZFY-J2-002,,购置,500,g,五双,,203,203G-07,1,,,,,500,g,,
二硫化碳,J2,危险化学品,上海阿拉丁生化科技股份有限公司,F2506273,HPLC，≥99.9%，500mL,,KDY/KDY-250808-YZH/ZFY-J2-001,,购置,2000,mL,五双,,203,203G-01,1,,,,,2000,mL,,
"N,N-二乙基-2-甲基-1,4-苯二胺盐酸盐",J2,危险化学品,上海麦克林生化科技股份有限公司,C17586122,"99%,5g",,KDY/KDY-250818-YZH/ZFY-J2-003,,购置,5,g,五双,,203,203G-07,2,,,,,5,g,,
甲醇,J2,危险化学品,国药集团化学试剂有限公司,20250702,HPLC，≥99.9%，4L,,KDY/KDY-250911-YZH/QDJ-J2-001，YZH/SYY-250911-LDC/ZFY-J2-003；YZH/SYY-250912-LDC/ZFY-J2-008；YZH/SYY-250915-LDC/ZFY-J2-001；YZH/SYY-250917-LDC/ZFY-J2-001；YZH/SYY-250918-LDC/ZFY-J2-005；YZH/SYY-250925-LDC/ZFY-J2-001；WYH/SYY-251015-YZH/LDC-J2-003；,,购置,4,L,五双,,203,203G-01,5,LDC/ZFY-250911-YZH/SYY-J2-001；LDC/ZFY-250912-YZH/SYY-J2-010；LDC/ZFY-250915-YZH/SYY-J2-001；LDC/ZFY-250917-YZH/SYY-J2-001；LDC/ZFY-250918-YZH/SYY-J2-006；LDC/ZFY-250918-YZH/SYY-J2-006；LDC/ZFY-250925-YZH/SYY-J2-001；YZH/LDC-251015-WYH/SYY-J2-001；,1.05,L,,2.95,L,,
甲醇,J2,危险化学品,国药集团化学试剂有限公司,20250707,AR500ml,,KDY/KDY-250911-YZH/QDJ-J2-002,,购置,4000,mL,五双,,203,203G-02,3,LDC/ZFY-250914-YZH/SYY-J2-006；LDC/ZFY-250926-YZH/SYY-J2-020；YZH/LDC-251014-SYY/WYH-J2-003；YZH/WYH-251028-WYH/YZH-J2-001；,3000,mL,,1000,mL,,
"N,N-二甲基对苯二胺盐酸盐",J2,危险化学品,天津市科密欧化学试剂有限公司,20250812,AR25g,,KDY/KDY-251009-YZH/QDJ-J2-003；WYH/YZH-251031-YZH/WYH-J2-002；,,购置,25,g,五双,,203,203G-07,3,YZH/WYH-251031-WYH/YZH-J2-002,1.2,g,,23.8,g,,
水中总磷,J3,标准物质,坛墨质检,B21060229,"100mg/L,20ml/瓶",,KDY/KDY220107WJS/WJS,2023.06.20,购置,1,瓶,常规,室温避光,203,冰箱,,MYM-220107-WJS-J3-001,1,瓶,,,,,
化学需氧量,J3,标准物质,坛墨质检,B21050076,"5000mg/L,20ml/瓶",,KDY/KDY220107WJS/WJS,2024.05.13,购置,2,瓶,常规,室温避光,203,冰箱,,MYM-220107-WJS-J3-002,2,瓶,,,,,
水质总磷,J3,标准物质,生态环境部,203996,0.223ppm，20mL/瓶,,,2025.10.31,购置,1,瓶,常规,室温避光,203,冰箱,,MYM-220107-WJS-J3-003,1,瓶,,,,,
水中氨氮,J3,标准物质,北京曼哈格生物,C0006535,"5.2μg/mL,20ml/瓶",,,2024.06.20,购置,1,瓶,常规,室温避光,203,冰箱,,MYM-220824-MYM-J3-003,1,瓶,,,,,
水质氨氮,J3,标准物质,生态环境部,2005147,"0.318μg/mL,20ml/瓶",202510,,2025.10.31,购置,1,瓶,常规,室温避光,310,冰箱,四,YZH/WYH-251126-WYH/YZH-J3-002,1,瓶,,,,,
水质氨氮,J3,标准物质,坛墨质检,B1907032,"7.00mg/L,20ml/瓶",,,2021.08.04,购置,1,瓶,常规,室温避光,203,冰箱,,MYM-220620-MYM-J3-001,1,瓶,,,,,
水质氨氮,J3,标准物质,坛墨质检,B1906147,"0.419mg/L,20ml/瓶",,,2021.08.01,购置,1,瓶,常规,室温避光,203,冰箱,,MYM-220620-MYM-J3-002,1,瓶,,,,,
水质氨氮,J3,标准物质,坛墨质检,B1905049,"40.7mg/L,20ml/瓶",,,2021.06.10,购置,1,瓶,常规,室温避光,203,冰箱,,MYM-220601-MYM-J3-001,1,瓶,,,,,
水中氨氮,J3,标准物质,鸿蒙,LL1603,"51.2μg/mL,20ml/瓶",,,2021.06.30,购置,1,瓶,常规,室温避光,203,冰箱,,MYM-220601-MYM-J3-002,1,瓶,,,,,
氨氮,J3,标准物质,鸿蒙,S5W1,"1000mg/L,50ml/瓶",,,2023.09.30,购置,1,瓶,常规,室温避光,203,冰箱,,MYM-220601-MYM-J3-003,1,瓶,,,,,
水质氨氮,J3,标准物质,生态环境部,2005119,"7.32mg/L,20ml/瓶",,,2023.09.30,购置,1,瓶,常规,,203,冰箱,,MYM-22025-MYM-J3-001,1,瓶,,,,,
水质氨氮,J3,标准物质,坛墨质检,B1906061,"17.6mg/L,20ml/瓶",,,2021.08.04,购置,1,瓶,常规,,203,冰箱,,MYM-220620-MYM-J3-003,1,瓶,,,,,
水质氨氮,J3,标准物质,坛墨质检,B1905147,"2.00mg/L,20ml/瓶",,,2021.07.28,购置,1,瓶,常规,,203,冰箱,,MYM-220613-MYM-J3-001,1,瓶,,,,,
水质总磷,J3,标准物质,北京曼哈格生物,C0006541,"1.43μg/mL,20ml/瓶",,,2021.06.26,购置,2,瓶,常规,,203,冰箱,,MYM-220602-MYM-J3-001;MYM-220607-MYM-J3-001,2,瓶,,,,,
水质总磷,J3,标准物质,北京曼哈格生物,C0006542,"2.54μg/mL,20ml/瓶",,,2021.06.26,购置,1,瓶,常规,,203,冰箱,,MYM-220602-MYM-J3-002,1,瓶,,,,,
水质总磷,J3,标准物质,生态环境部,203995,"1.07mg/L,20ml/瓶",,,2025.09.30,购置,1,瓶,常规,,203,冰箱,,MYM-220824-MYM-J3-002,1,瓶,,,,,
水质总磷,J3,标准物质,北京北方伟业,20190418,"2.00μg/mL,20ml/瓶",,,2020.04.30,购置,1,瓶,常规,,203,冰箱,,MYM-220614-MYM-J3-001,1,瓶,,,,,
水中总磷,J3,标准物质,北京曼哈格生物,C0005595,"500μg/mL,20ml/瓶",,,2021.03.29,购置,1,瓶,常规,,203,冰箱,,MYM-220621-MYM-J3-001,1,瓶,,,,,
总磷溶液,J3,标准物质,坛墨质检,B1905145,"1000mg/L,20ml/瓶",,,2021.06.05,购置,1,瓶,常规,,203,冰箱,,MYM-220621-MYM-J3-002,1,瓶,,,,,
总磷溶液,J3,标准物质,坛墨质检,B1906039,"100mg/L,20ml/瓶",,,2021.07.09,购置,1,瓶,常规,,203,冰箱,,MYM-220621-MYM-J3-003,1,瓶,,,,,
水中总磷,J3,标准物质,坛墨质检,B1907005,"0.205mg/L,20ml/瓶",,,2021.08.04,购置,1,瓶,常规,,203,冰箱,,MYM-220621-MYM-J3-004,1,瓶,,,,,
水中总磷,J3,标准物质,坛墨质检,B1905106,"1.46mg/L,20ml/瓶",,,2021.07.07,购置,3,瓶,常规,,203,冰箱,,mym-220607-mym-j3-002;MYM-220621-MYM-J3-005,3,瓶,,,,,
水中总氮,J3,标准物质,鸿蒙,S4B1,"1000mg/L,20ml/瓶",,,2022.09.30,购置,1,瓶,常规,,203,冰箱,,MYM-220602-MYM-J3-003,1,瓶,,,,,
水中六价铬,J3,标准物质,鸿蒙,A54395,"1.40μg/mL,20ml/瓶",,,2023.04.30,购置,1,瓶,常规,,203,冰箱,,MYM-221019-WXY-J3-001,1,瓶,,,,,
水中六价铬,J3,标准物质,鸿蒙,L5R1,"1000mg/L,20ml/瓶",,,2023.06.30,购置,1,瓶,常规,,203,冰箱,一,MYM-230629-CJF-J3-002,1,瓶,,,,,
总铬,J3,标准物质,鸿蒙,AO2005,"0.636μg/mL,20ml/瓶",,,2022.04.30,购置,1,瓶,常规,,203,冰箱,一,MYM-230629-CJF-J3-003,1,瓶,,,,,
水中铅,J3,标准物质,鸿蒙,J21575,0.50ug/ml,,,2023.01.31,购置,1,瓶,常规,,203,冰箱,一,MYM-230629-CJF-J3-004,1,瓶,,,,,
水质砷,J3,标准物质,生态环境部,200456,"19.7μg/mL,20ml/瓶",,,2025.10.31,购置,2,瓶,常规,,203,冰箱,,MYM-230315-CJF-J2-001,2,瓶,,,,,
砷溶液,J3,标准物质,生态环境部,103018,"100mg/L,20ml/瓶",202510,,2025.09.30,购置,1,瓶,常规,,203,冰箱,四,YZH/WYH-251126-WYH/YZH-J3-003,1,瓶,,,,,
水中钠,J3,标准物质,坛墨质检,B2001026,"1000mg/L,20ml/瓶",202303,,2023.03.04,购置,1,瓶,常规,过期转移至302,310,冰箱,二,YZH/WYH-251126-WYH/YZH-J3-004,1,瓶,,,,,
镍,J3,标准物质,,202018-4,50ml，1000mg/L,,,2022.03.02,购置,1,瓶,常规,,203,冰箱,一,MYM-230629-CJF-J3-001,1,瓶,,,,,
水中镍,J3,标准物质,坛墨质检,B21090109,"1000mg/L,20ml/瓶",202509,,2025.09.23,购置,1,瓶,常规,,203,冰箱,四,YZH/WYH-251126-WYH/YZH-J3-005,1,瓶,,,,,
水质镍,J3,标准物质,环保部,201519,"0.627mg/L,20ml/瓶",201909,,2023.09.30,购置,1,瓶,常规,过期转移至302,310,冰箱,二,YZH/WYH-251126-WYH/YZH-J3-006,1,瓶,,,,,
水中砷,J3,标准物质,坛墨质检,B20040042,"1000mg/L,20ml/瓶",202404,,2024.04.21,购置,1,瓶,常规,过期转移至302,310,冰箱,二,YZH/WYH-251126-WYH/YZH-J3-007,1,瓶,,,,,
水中氰,J3,标准物质,,85K1,"100mg/L,40ml/瓶",,,2022.02.28,购置,1,瓶,常规,,203,冰箱,,MYM-221008-WXY-J3-001,1,瓶,,,,,
水中总氰化物,J3,标准物质,生态环境部,202273,"0.202mg/L,20ml/瓶",202510,,2025.10.31,购置,1,瓶,常规,,203,冰箱,四,YZH/WYH-251126-WYH/YZH-J3-008,1,瓶,,,,,
水中总氰化物,J3,标准物质,鸿蒙,202274,"53.7μg/L,20ml/瓶",,,2025.10.31,购置,1,瓶,常规,,203,冰箱,,MYM-230508-CJF-J3-003,1,瓶,,,,,
硫化氢,J3,标准物质,鸿蒙,S591,"100μg/mL,20ml/瓶",,,2022.09.30,购置,1,瓶,常规,,203,冰箱,一,MYM-230710-CJF-J3-001,1,瓶,,,,,
硫化氢,J3,标准物质,鸿蒙,B5H1,"1000μg/mL,20ml/瓶",202210,,2022.10.31,购置,1,瓶,常规,过期转移至302,310,冰箱,一,YZH/WYH-251126-WYH/YZH-J3-009,1,瓶,,,,,
"红外用四氯乙烯石油类
",J3,标准物质,鸿蒙,7552,"1000μg/mL,20ml/瓶",202207,,2022.07.31,购置,1,瓶,常规,,203,冰箱,一,QHJ/ZHD-231228-QDJ/WWY-J3-001,1,瓶,,,,,
四氯乙烯中石油类,J3,标准物质,鸿蒙,AA7124,"22.7μg/mL,20ml/瓶",,,2023.04.30,购置,1,瓶,常规,,203,冰箱,,MYM-221028-XY-J3-002,1,瓶,,,,,
四氯乙烯中石油类,J3,标准物质,鸿蒙,7571013,"32.2μg/mL,20ml/瓶",,,2023.07.30,购置,2,瓶,常规,,203,冰箱,,MYM-221028-WXY-J3-001,2,瓶,,,,,
HJ油标准(无证书）,J3,标准物质,国家海洋环境监测中心,GBW（E）080913,1000mg/ml,/,,2021.01.01,购置,1,瓶,常规,过期转移至302,310,冰箱,一,YZH/WYH-251126-WYH/YZH-J3-010,1,瓶,,,,,
化学需氧量,J3,标准物质,鸿蒙,75V1572,"501μg/mL,20ml/瓶",202307,,2023.07.31,购置,1,瓶,常规,过期转移至302,310,冰箱,一,YZH/WYH-251126-WYH/YZH-J3-011,1,瓶,,,,,
化学需氧量,J3,标准物质,坛墨质检,B1905115,"267mg/L,20ml/瓶",,,2021.07.08,购置,2,瓶,常规,,203,冰箱,,MYM-220628-MYM-J3-001,2,瓶,,,,,
水中氯化物,J3,标准物质,北京曼哈格生物,C0006996,"500μg/mL,20ml/瓶",,,2021.08.01,购置,2,瓶,常规,,203,冰箱,,MYM-230309-CJF-J3-001,2,瓶,,,,,
水中苯胺,J3,标准物质,坛墨质检,B21070223,"100mg/L,20ml/瓶",,,2023.01.25,购置,1,瓶,常规,,203,冰箱,一,YM-230614-CJF-J3-001,1,瓶,,,,,
水中磷酸根,J3,标准物质,北京北方伟业,20190402,"1000μg/mL,20ml/瓶",,,2019.04.01,购置,1,瓶,常规,,203,冰箱,,MYM-230306-CJF-J2-001,1,瓶,,,,,
水中甲醛,J3,标准物质,北京北方伟业,20200408,"1000μg/mL,20ml/瓶",,,2020.04.30,购置,1,瓶,常规,,203,冰箱,,MYM-230613-CJF-J3-001,1,瓶,,,,,
水中苯酚,J3,标准物质,坛墨质检,A2103631,"1000μg/mL,10ml/瓶",202210,,2022.10.01,购置,1,瓶,常规,,203,冰箱,一,QHJ/ZHD-231228-QDJ/WWY-J3-002,1,瓶,,,,,
水中氟化物,J3,标准物质,北京曼哈格生物,C0008149,"11.7μg/mL,10ml/瓶",,,2021.10.21,购置,1,瓶,常规,,203,冰箱,,MYM-30309-CJF-J3-001,1,瓶,,,,,
水质 pH,J3,标准物质,生态环境部,202187,7.35，20ml/瓶,202411,,2024.11.30,购置,1,瓶,常规,过期转移至302,310,冰箱,一,YZH/WYH-251126-WYH/YZH-J3-012,1,瓶,,,,,
水质氨,J3,标准物质,坛墨质检,B2003068,"0.953mg/L,20ml/瓶",,,2022.05.10,购置,1,瓶,常规,,203,冰箱,,MYM-230524-CJF-J3-001,1,瓶,,,,,
水质氮氧化物,J3,标准物质,坛墨质检,B/19010091,"0.323mg/L,20ml/瓶",,,2022.11.26,购置,1,瓶,常规,,203,冰箱,,MYM-230330-CJF-J3-001,1,瓶,,,,,
水质氮氧化物,J3,标准物质,坛墨质检,B2003203,"0.326mg/L,20ml/瓶",,,2023.05.07,购置,1,瓶,常规,,203,冰箱,,MYM-230519-CJF-J3-001,1,瓶,,,,,
水质挥发酚,J3,标准物质,坛墨质检,A2003358,"18.9μg/L,20ml/瓶",,,2022.04.22,购置,1,瓶,常规,,203,冰箱,,MYM-230218-CJF-J3-001,1,瓶,,,,,
水质挥发酚,J3,标准物质,坛墨质检,A1912405,"22.5μg/L,20ml/瓶",,,2022.01.07,购置,1,瓶,常规,,203,冰箱,,MYM-220628-MYM-J3-001,1,瓶,,,,,
十二烷基苯胺磺酸钠（阴离子表面活性剂）,J3,标准物质,鸿蒙,A4M1,"1000μg/mL,20ml/瓶",,,2022.04.30,购置,1,瓶,常规,,203,冰箱,,MYM-221008-WXY-J3-002,1,瓶,,,,,
阴离子表面活性剂,J3,标准物质,坛墨质检,B2003259,"2.21μg/mL,15ml/瓶",,,2022.05.19,购置,1,瓶,常规,,203,冰箱,,MYM-221008-WXY-J3-003,1,瓶,,,,,
阴离子表面活性剂,J3,标准物质,坛墨质检,B1910006,"10.4mg/L,15ml/瓶",,,2021.10.13,购置,1,瓶,常规,,203,冰箱,,MYM-221008-WXY-J3-004,1,瓶,,,,,
总线本机亚磷酸酯（无证书）,J3,标准物质,,GL/2117,1ml,/,,2023.02.01,购置,1,瓶,常规,过期转移至302,310,冰箱,1#盒,YZH/WYH-251126-WYH/YZH-J3-013,1,瓶,,,,,
甲醇中邻苯二甲酸二丁酯溶液,J3,标准物质,环保部,435405,"1000μg/mL,2ml/瓶",,,2018.09.30,购置,1,瓶,常规,,203,冰箱,1#盒,MYM-230512-CJF-J3-001,1,瓶,,,,,
甲醇中七种苯系物混合,J3,标准物质,生态环境部,332423,2ml/瓶,202405,,2024.10.31,购置,1,瓶,常规,过期转移至302,310,冰箱,1#盒,YZH/WYH-251126-WYH/YZH-J3-014,1,瓶,,,,,
正己烷和甲苯中8种有机氯,J3,标准物质,坛墨质检,A2005175,1.2ml,202206,,2022.06.21,购置,1,瓶,常规,过期转移至302,310,冰箱,1#盒,YZH/WYH-251126-WYH/YZH-J3-015,1,瓶,,,,,
正己烷和甲苯中狄试剂,J3,标准物质,坛墨质检,A2002202,1.2ml，1000μg/mL,202303,,2023.03.11,购置,1,瓶,常规,过期转移至302,310,冰箱,1#盒,YZH/WYH-251126-WYH/YZH-J3-016,1,瓶,,,,,
二硫化碳中8种苯系物,J3,标准物质,坛墨质检,A1906387,2ml，1000μg/mL,,,2021.06.28,购置,1,瓶,常规,,203,冰箱,2#盒,MYM-20230323-CJF-J3-003,1,瓶,,,,,
二硫化碳中8种苯系物（无证书）,J3,标准物质,坛墨质检,A1906387,2ml，1000μg/mL,,,",2021.06.28",购置,1,瓶,常规,,203,冰箱,2#盒,MYM-2023041-CJF-J3-001,1,瓶,,,,,
二硫化碳中8种苯系物,J3,标准物质,坛墨质检,A1905299,2ml,,,2021.06.25,购置,1,瓶,常规,,203,冰箱,2#盒,MYM-230519-CJF-J3-002,1,瓶,,,,,
二硫化碳中8种苯系物,J3,标准物质,鸿蒙,3504,2ml,202011,,2020.11.30,购置,1,瓶,常规,过期转移至302,310,冰箱,1#盒,YZH/WYH-251126-WYH/YZH-J3-017,1,瓶,,,,,
二硫化碳中乙苯溶液标准物质（打不开）,J3,标准物质,,20190318,"2ml,1000μg/mL",,,,购置,1,瓶,常规,,203,冰箱,2#盒,MYM-20230323-CJF-J3-002,1,瓶,,,,,
二硫化碳中七种苯系物混合,J3,标准物质,坛墨质检,A1910335,2ml/瓶1000μg/mL,,,2021.11.10,购置,1,瓶,常规,,203,冰箱,2#盒,MYM-20230323-CJF-J3-003,1,瓶,,,,,
甲醇中8中苯系物,J3,标准物质,鸿蒙,DQ3774,2ml/瓶,202111,,2021.11.30,购置,1,瓶,常规,过期转移至302,310,冰箱,1#盒,YZH/WYH-251126-WYH/YZH-J3-018,1,瓶,,,,,
二硫化碳中八种苯系物质控样（打不开）,J3,标准物质,北京曼哈格生物,C0008503,-,202110,,2021.10.17,购置,1,瓶,常规,过期转移至302,310,冰箱,1#盒,YZH/WYH-251126-WYH/YZH-J3-019,1,瓶,,,,,
二硫化碳中八种苯系物质控样（打不开）,J3,标准物质,北京曼哈格生物,C0008765,-,202111,,2021.11.21,购置,1,瓶,常规,过期转移至302,310,冰箱,1#盒,YZH/WYH-251126-WYH/YZH-J3-021,1,瓶,,,,,
正己烷18种多氯联苯混标质控样（无证书）,J3,标准物质,,C0008534,-,202112,,2021.12.02,购置,1,瓶,常规,过期转移至302,310,冰箱,1#盒,YZH/WYH-251126-WYH/YZH-J3-020,1,瓶,,,,,
甲醇中间苯二酚溶液,J3,标准物质,环保部,434904,1000μg/mL,,,2021.02.28,购置,1,瓶,常规,,203,冰箱,3#盒,MYM-230421-CJF-J3-001,1,瓶,,,,,
甲醇中9种挥发性有机混合物（电子档看不见）,J3,标准物质,,A2004374,2ml,202211,,2022.11.04,购置,1,瓶,常规,,203,冰箱,四,,,,,1,瓶,,
甲醇中9种挥发性有机混合物,J3,标准物质,坛墨质检,A1905556,2ml,,,2021.06.16,购置,1,瓶,常规,,203,冰箱,3#盒,MYM-230509-CJF-J3-002,1,瓶,,,,,
甲醇中8种苯系物混合,J3,标准物质,,A1907103,"2ml,1000μg/mL",,,2021.07.14,购置,1,瓶,常规,,203,冰箱,1#盒,MYM-230619-CJF-J3-001,1,瓶,,,,,
甲醇中4-溴氟苯溶液,J3,标准物质,,20180911,1.2ml，1000μg/mL,/,,,购置,1,瓶,常规,,203,冰箱,四,,,,,1,瓶,,
丙烯酸,J3,标准物质,天津光复,20141002,5ml  99.5%,/,,,购置,1,瓶,常规,,203,冰箱,四,,,,,1,瓶,,
邻苯二甲酸二辛酯,J3,标准物质,天津光复,20130605,5ml  99.5%,/,,,购置,1,瓶,常规,,203,冰箱,四,,,,,1,瓶,,
乙酸丁酯,J3,标准物质,天津光复,20150428,5ml,/,,,购置,1,瓶,常规,,203,冰箱,四,,,,,1,瓶,,
1.3-二氯丙醇,J3,标准物质,天津光复,20130918,5ml  99.5%,/,,,购置,1,瓶,常规,,203,冰箱,四,,,,,1,瓶,,
松节油,J3,标准物质,天津光复,20150407,5ml,/,,,购置,1,瓶,常规,,203,冰箱,四,,,,,1,瓶,,
甲醇,J3,标准物质,,G21732,5ml,,,,购置,1,瓶,常规,2015.11.03生产,203,冰箱,4#盒,MYM-230425-CJF-J3-002,1,瓶,,,,,
异丙醚,J3,标准物质,天津光复,20140215,5ml  99.5%,/,,,购置,1,瓶,常规,,203,冰箱,四,,,,,1,瓶,,
二硫化碳中丁酮溶液标准物质,J3,标准物质,鸿蒙,/,2.0ug/ml,/,,,购置,1,瓶,常规,,203,冰箱,四,,,,,1,瓶,,
"2，4邻苯中甲苯（2,4-Diam in otolu ene）",J3,标准物质,OLTRA,EPB-1359,1ml 2000ug/ml,/,,,购置,1,瓶,常规,,203,冰箱,四,,,,,1,瓶,,
24种VOC,J3,标准物质,BePure,16206/001,2000mg/L,,,2021.04.02,购置,1,瓶,常规,,203,冰箱,5#盒,MYM-230418-CJF-J3-001,1,瓶,,,,,
PCB mix-18,J3,标准物质,,16233/003,"100μg/mL,2ml/瓶",,,2021.04.23,购置,1,瓶,常规,,203,冰箱,5#盒,MYM-230425-CJF-J3-01,1,瓶,,,,,
甲醇中甲苯,J3,标准物质,,N3D1,"1000μg/mL,2ml/瓶",,,2021.12.31,购置,1,瓶,常规,,203,冰箱,6#盒,MYM-230427-CJF-J3-001,1,瓶,,,,,
甲醇中苯,J3,标准物质,,N3T2,"1000μg/mL,2ml/瓶",,,2021.12.31,购置,1,瓶,常规,,203,冰箱,6#盒,MYM-230427-CJF-J3-002,1,瓶,,,,,
甲醇中邻二甲苯,J3,标准物质,,83V1,"1000μg/mL,2ml/瓶",,,2021.12.31,购置,1,瓶,常规,,203,冰箱,6#盒,MYM-230427-CJF-J3-003,1,瓶,,,,,
甲醇中对二甲苯,J3,标准物质,,83V1,"1000μg/mL,2ml/瓶",,,2021.12.31,购置,1,瓶,常规,,203,冰箱,6#盒,MYM-230427-CJF-J3-004,1,瓶,,,,,
甲醇中间二甲苯,J3,标准物质,,83A1,"1000μg/mL,2ml/瓶",,,2021.12.31,购置,1,瓶,常规,,203,冰箱,6#盒,MYM-230427-CJF-J3-005,1,瓶,,,,,
甲醇中2.4.5.6-四氯间二甲苯标准溶液,J3,标准物质,conteror,301702F37/KTY103698,1ml 1000ug/ml,202207,,,购置,1,瓶,常规,,203,冰箱,四,,,,,1,瓶,,
甲醇中2.4.6-三溴苯酚标准溶液,J3,标准物质,conteror,301701F02/KTY905951,1ml 1000ug/ml,202305,,2023.05.15,购置,1,瓶,常规,过期转移至302,310,冰箱,3-袋内,YZH/WYH-251126-WYH/YZH-J3-022,1,瓶,,,,,
甲醇中2-氟苯酚标准溶液,J3,标准物质,conteror,301701f03/KTY905950,1ml 1000ug/ml,202304,,,购置,1,瓶,常规,,203,冰箱,四,,,,,1,瓶,,
2.6一二甲基苯酚标准品,J3,标准物质,conteror,301717Y41/KTY001848,1ml   99.8%,,,,购置,1,瓶,常规,,203,冰箱,3-袋内,MYM-230509-CJF-J3-001,1,瓶,,,,,
甲醇中氘代甲苯标准溶液,J3,标准物质,conteror,301704013/KTY001644,1ml 1000ug/ml,202202,,,购置,1,瓶,常规,,203,冰箱,四,,,,,1,瓶,,
乙苯标准品,J3,标准物质,SITAER,301903H91/ZB0017080,1ml,,,,购置,1,瓶,常规,,203,冰箱,3-袋内,MYM-230411-CJF-J3-001,1,瓶,,,,,
1.2.3一三甲基苯标准品,J3,标准物质,SITAER,301902H61/ZB0017725,250mg,202901,,,购置,1,瓶,常规,,203,冰箱,四,,,,,1,瓶,,
正己烷中PCB52标准溶液,J3,标准物质,conteror,301612005/KTY105334,1ml 1000ug/ml,202602,,,购置,2,瓶,常规,,203,冰箱,四,SYO/YZH-251210-YZH/SYO-J3-001,1,瓶,,1,瓶,,251210核销出库1瓶
枯草杆菌黑色变种芽孢菌片,J3,标准物质,北京鑫四环,200516/200416,50片/包,/,,2021.05.15,购置,2,瓶,常规,过期转移至302,310,冰箱,三层,YZH/WYH-251126-WYH/YZH-J3-023,2,瓶,,,,,
嗜热脂肪杆菌芽孢菌片,J3,标准物质,北京鑫四环,200416,50片/包,/,,2021.04.15,购置,2,瓶,常规,过期转移至302,310,冰箱,三层,YZH/WYH-251126-WYH/YZH-J3-024,2,瓶,,,,,
正丁醇,J3,标准物质,,F30099,5ml,/,,,购置,1,瓶,常规,2015.11.05生产,203,冰箱,4月1日,,,,,1,瓶,,
异丙醇,J3,标准物质,,V87184,5ml,/,,,购置,3,瓶,常规,2015.11.04生产,203,冰箱,4月2日,QHJ/ZHD-231228-QDJ/WWY-J3-003,1,瓶,,2,瓶,,
乙醛,J3,标准物质,西亚化学,G1270,5ml,201709,,,购置,1,瓶,常规,2015.11.11生产,203,冰箱,4月3日,,,,,1,瓶,,
氯乙酸甲酯,J3,标准物质,,201410201,5ml,/,,,购置,1,瓶,常规,,203,冰箱,4月4日,,,,,1,瓶,,
甲酸乙酯,J3,标准物质,西亚化学,A60500,5ml,/,,,购置,1,瓶,常规,2015.11.03生产,203,冰箱,4月5日,,,,,1,瓶,,
乙酸戊酯,J3,标准物质,西亚化学,W5838,5ml,/,,,购置,1,瓶,常规,,203,冰箱,4月6日,,,,,1,瓶,,
丙烯酸,J3,标准物质,西亚化学,I20642,5ml,/,,,购置,1,瓶,常规,2015.11.09生产,203,冰箱,4月7日,,,,,1,瓶,,
甘氨酸,J3,标准物质,北纳创联生物,140529,5ml,/,,,购置,2,瓶,常规,,203,冰箱,4月8日,MYM-230613-CJF-J3-004,1,瓶,,1,瓶,,
丙烯醇,J3,标准物质,西亚化学,O9490,5ml,/,,,购置,1,瓶,常规,,203,冰箱,4月9日,,,,,1,瓶,,
甲酸,J3,标准物质,西亚化学,N8701,5ml,/,,,购置,1,瓶,常规,2015.11.05生产,203,冰箱,4月10日,,,,,1,瓶,,
氯丙烯,J3,标准物质,西亚化学,M86839,5ml,/,,,购置,1,瓶,常规,2015.11.09生产,203,冰箱,4月11日,,,,,1,瓶,,
丙烯腈,J3,标准物质,西亚化学,D0567,5ml,/,,,购置,1,瓶,常规,,203,冰箱,4月12日,,,,,1,瓶,,
对氯甲苯,J3,标准物质,西亚化学,i30277,5ml,/,,,购置,1,瓶,常规,2015.11.04生产,203,冰箱,4月13日,,,,,1,瓶,,
乙酸乙酯,J3,标准物质,西亚化学,263866,5ml,/,,,购置,1,瓶,常规,,203,冰箱,4月14日,,,,,1,瓶,,
环氧丙烷,J3,标准物质,西亚化学,A5476,5ml,/,,,购置,1,瓶,常规,2015.11.07生产,203,冰箱,4月15日,,,,,1,瓶,,
环氧丙烷,J3,标准物质,艾科试剂,201410201,5ml,/,,,购置,1,瓶,常规,,203,冰箱,4月15日,,,,,1,瓶,,
YSG,J3,标准物质,西亚化学,N2567,"5ml,99.9%",/,,,购置,1,瓶,常规,,203,冰箱,4月16日,,,,,1,瓶,,
异氟尔酮,J3,标准物质,艾科试剂,201503191,5ml,/,,,购置,1,瓶,常规,,203,冰箱,4月17日,,,,,1,瓶,,
间二氯苯,J3,标准物质,西亚化学,G41124,25ml,/,,,购置,1,瓶,常规,2015.114.04生产,203,冰箱,4月18日,,,,,1,瓶,,
丙酸,J3,标准物质,西亚化学,E9232,5ml,/,,,购置,1,瓶,常规,2015.11.02生产,203,冰箱,4月19日,,,,,1,瓶,,
吡啶,J3,标准物质,西亚化学,N74323,5ml,/,,,购置,1,瓶,常规,2015.11.04生产,203,冰箱,4月20日,,,,,1,瓶,,
"1,1-二氯乙烷",J3,标准物质,西亚化学,B0129,"5ml,99.9%",/,,,购置,1,瓶,常规,,203,冰箱,4月21日,,,,,1,瓶,,
"1,2-二氯乙烷",J3,标准物质,西亚化学,R37998,"5ml,99.9%",/,,,购置,1,瓶,常规,,203,冰箱,4月21日,,,,,1,瓶,,
二氯乙烷,J3,标准物质,艾科试剂,201504041,"5ml,99.9%",/,,,购置,1,瓶,常规,,203,冰箱,4月21日,,,,,1,瓶,,
甲酸,J3,标准物质,西亚化学,N8701,5ml,/,,,购置,1,瓶,常规,,203,冰箱,4月22日,,,,,1,瓶,,
乙酸异丁酯,J3,标准物质,西亚化学,F67929,5ml,/,,,购置,1,瓶,常规,,203,冰箱,4月23日,,,,,1,瓶,,
"N,N-二甲基乙酰胺",J3,标准物质,西亚化学,S9090,"5ml,99.9%",/,,,购置,1,瓶,常规,,203,冰箱,4月24日,,,,,1,瓶,,
环己酮,J3,标准物质,西亚化学,B39372,5ml,/,,,购置,1,瓶,常规,,203,冰箱,4月25日,,,,,1,瓶,,
氯乙酸乙酯,J3,标准物质,艾科试剂,201411031,5ml,/,,,购置,1,瓶,常规,,203,冰箱,4月26日,,,,,1,瓶,,
十氯联苯,J3,标准物质,,L1220045,5ml,/,,,购置,1,瓶,常规,,203,冰箱,4月27日,,,,,1,瓶,,
氢醌,J3,标准物质,中国食品药品检定研究院,BBK1-PQPT,约100mg,/,,,购置,1,瓶,常规,,203,冰箱,4月28日,,,,,1,瓶,,
BXC,J3,标准物质,,201410191,"5ml,99.9%",/,,,购置,1,瓶,常规,,203,冰箱,4月29日,,,,,1,瓶,,
乙二胺,J3,标准物质,,201609211,5ml,,,,购置,1,瓶,常规,,203,冰箱,4月30日,MYM-230612-CJF-J3-001,1,瓶,,,,,
碘甲烷,J3,标准物质,山东西亚化学,11472,"GCS,5ml，99.5%",/,,,购置,2,瓶,常规,,203,冰箱,4-31,MYM-230613-CJF-J3-003,1,瓶,,1,瓶,,
正庚烷,J3,标准物质,西亚化学,L4729/F65951,5ml,/,,,购置,1,瓶,常规,2015.11.06生产,203,冰柜,1#袋,,,,,2,瓶,,
正戊烷,J3,标准物质,西亚化学,H32126,5ml,/,,,购置,1,瓶,常规,2015.11.06生产,203,冰柜,1#袋,,,,,1,瓶,,
丙烯腈,J3,标准物质,西亚化学,D0567,5ml,/,,,购置,1,瓶,常规,2015.11.12生产,203,冰柜,1#袋,,,,,1,瓶,,
甲酸乙酯,J3,标准物质,西亚化学,A60500,5ml,/,,,购置,1,瓶,常规,2015.11.05生产,203,冰柜,1#袋,,,,,1,瓶,,
环己烷,J3,标准物质,西亚化学,T80632,5ml,/,,,购置,1,瓶,常规,,203,冰柜,1#袋,,,,,1,瓶,,
松节油,J3,标准物质,西亚化学,20141218,5ml,/,,,购置,1,瓶,常规,,203,冰柜,1#袋,,,,,1,瓶,,
氯丙烯,J3,标准物质,西亚化学,M86839,5ml,/,,,购置,1,瓶,常规,2015.11.09生产,203,冰柜,1#袋,,,,,1,瓶,,
氯化苄,J3,标准物质,西亚化学,G5193,5ml,/,,,购置,1,瓶,常规,,203,冰柜,1#袋,,,,,1,瓶,,
环氧氯丙烷,J3,标准物质,西亚化学,K79716,5ml,/,,,购置,1,瓶,常规,2015.11.05生产,203,冰柜,1#袋,,,,,1,瓶,,
乙腈,J3,标准物质,西亚化学,A9034,5ml,/,,,购置,1,瓶,常规,,203,冰柜,1#袋,,,,,1,瓶,,
"2,6二硝基氯苯",J3,标准物质,西亚化学,I5292,1g,/,,,购置,1,瓶,常规,,203,冰柜,2#袋,,,,,1,瓶,,
四氢呋喃,J3,标准物质,西亚化学,Z14884,5ml,/,,,购置,1,瓶,常规,2015.11.06生产,203,冰柜,2#袋,,,,,1,瓶,,
冰乙酸,J3,标准物质,西亚化学,H6921,5ml,/,,,购置,1,瓶,常规,2015.11.11生产,203,冰柜,2#袋,,,,,1,瓶,,
邻苯二甲酸二甲酯,J3,标准物质,西亚化学,A7030,5ml,/,,,购置,1,瓶,常规,2015.11.11生产,203,冰柜,2#袋,,,,,1,瓶,,
邻苯二甲酸二丁酯,J3,标准物质,西亚化学,L6365,5ml,,,,购置,1,瓶,常规,2015.11.07生产,203,冰柜,2#袋,MYM-230512-CJF-J3-002,1,瓶,,,,,
邻苯二甲酸二辛酯,J3,标准物质,,I258362,5ml,/,,,购置,1,瓶,常规,2015.11.10生产,203,冰柜,2#袋,,,,,1,瓶,,
甲醛,J3,标准物质,西亚化学,H11178,5ml,/,,,购置,1,瓶,常规,2015.11.08生产,203,冰柜,2#袋,,,,,1,瓶,,
乙酸甲酯,J3,标准物质,西亚化学,G88138,5ml,/,,,购置,1,瓶,常规,2015.11.07生产,203,冰柜,2#袋,,,,,1,瓶,,
乙酸乙酯,J3,标准物质,西亚化学,Z63866,5ml,/,,,购置,1,瓶,常规,,203,冰柜,2#袋,,,,,1,瓶,,
乙酸正丙酯,J3,标准物质,西亚化学,C0959,5ml,/,,,购置,1,瓶,常规,2015.11生产,203,冰柜,2#袋,,,,,1,瓶,,
乙酸丁酯,J3,标准物质,西亚化学,V82717,5ml,/,,,购置,1,瓶,常规,2015.11.04生产,203,冰柜,2#袋,,,,,1,瓶,,
乙酸戊酯,J3,标准物质,西亚化学,W5838,5ml,/,,,购置,1,瓶,常规,2015.11.09生产,203,冰柜,4#袋,,,,,1,瓶,,改3#袋为4#袋
异氟尔酮,J3,标准物质,西亚化学,201411101,5ml,/,,,购置,1,瓶,常规,,203,冰柜,4#袋,,,,,1,瓶,,改3#袋为4#袋
甲酸甲酯,J3,标准物质,西亚化学,M86485,5ml,/,,,购置,1,瓶,常规,2015.11生产,203,冰柜,4#袋,,,,,1,瓶,,改3#袋为4#袋
丙烯酸,J3,标准物质,西亚化学,1 20642,5ml,/,,,购置,1,瓶,常规,2015.11.09生产,203,冰柜,4#袋,,,,,1,瓶,,改3#袋为4#袋
甲醇中正十一烷溶液,J3,标准物质,环保部,601402,"1000μg/mL,2ml/瓶",202302,,2023.02.28,购置,1,瓶,常规,,203,冰柜,3#袋,,,,,1,瓶,,改4#袋为3#袋
正十六烷-异辛烷,J3,标准物质,中国计量,1703,5ml，100ng/Ul,201904,,2017.04.30,购置,1,瓶,常规,,310,冰柜,3#袋,YZH/WYH-251126-WYH/YZH-J3-025,1,瓶,,,,,改4#袋为3#袋
定制混标66,J3,标准物质,,258973,1ml,201702,,,购置,1,瓶,常规,,203,冰柜,5#袋,,,,,1,瓶,,新增为5#袋
十四种卤代烃混标,J3,标准物质,,263432,1ml,201711,,,购置,1,瓶,常规,,203,冰柜,5#袋,,,,,1,瓶,,新增为5#袋
乙醛,J3,标准物质,,260206/CDGG20267-07,1ml,201709,,,购置,1,瓶,常规,,203,冰柜,5#袋,,,,,1,瓶,,新增为5#袋
大肠菌群质控样,J3,标准物质,中国检验检疫研究所,QC/FD/003,粉末,/,,,购置,1,瓶,常规,冷冻保存,203,冰柜,5#袋,,,,,1,瓶,,新增为5#袋
16种邻苯二甲酸酯混标,J3,标准物质,,CDGG-111846-01,1ml,/,,,购置,1,瓶,常规,,203,冰柜,5#袋,,,,,1,瓶,,新增为5#袋
水中氨氮,J3,标准物质,坛墨质检,B22030333,50毫升，1000μg/ml,,QDJ-220602-MYM-J3-001,2024..05.09,购置,1,瓶,常规,,203,冰箱,2,MYM-230613-CJF-J3-002,1,瓶,,,,,
水中总氮,J3,标准物质,鸿蒙,M6X1,50毫升，1000μg/ml,,QDJ-220718-MYM-J3-001,2024.03.01,购置,1,瓶,常规,,203,冰箱,2,MYM-220817-MYM-J3-001,1,瓶,,,,,
高锰酸盐指数,J3,标准物质,鸿蒙,85M2645,"20ml,8.42±5%",,QDJ-220718-MYM-J3-002,2023.09.01,购置,1,瓶,常规,,203,冰箱,2,MYM-220718-MYM-J3-001,1,瓶,,,,,
高锰酸盐指数,J3,标准物质,鸿蒙,ENS9924,"20ml,31.6±5%",,QDJ-220718-MYM-J3-003,2024.01.01,购置,1,瓶,常规,,203,冰箱,2,MYM-230511-CJF-J3-001,1,瓶,,,,,
高锰酸盐指数,J3,标准物质,北京曼哈格生物,E0030296,"20ml,4.14±0.33",,QDJ-220720-MYM-J3-001,2023.11.16,购置,1,瓶,常规,,203,冰箱,2,MYM-2210009-WXY-J3-001,1,瓶,,,,,
水中总氮,J3,标准物质,北京曼哈格生物,E00126007,"20ml,0.520±0..026",,QDJ-220720-MYM-J3-002,2026.05.07,购置,1,瓶,常规,,203,冰箱,2,MYM-220824-MYM-J3-001,1,瓶,,,,,
水中总氮,J3,标准物质,北京曼哈格生物,F0031710,"20ml,50.0±0.2.5%",,QDJ-220720-MYM-J3-003,2027.01.12,购置,1,瓶,常规,,203,冰箱,2,MYM-230508-CJF-J3-002,1,瓶,,,,,
水中总氮,J3,标准物质,北京曼哈格生物,E0030720,"20ml,19.2±1.0",202612,QDJ-220720-MYM-J3-004,2026.12.06,购置,1,瓶,常规,,203,冰箱,四,,,,,1,瓶,,
砷溶液,J3,标准物质,环保部,103018,"100mg/L,20ml/瓶",202510,MYM-230314-MYM-J3-001,2025.09.30,返还,1,瓶,常规,,203,冰箱,二,YZH/WYH-251126-WYH/YZH-J3-003,1,瓶,,,,,
总磷P,J3,标准物质,国家有色金属及电子材料测试中心,22DC0401,"100μg/mL,50ml/瓶",,GQX-230316-MYM-J3-001,2023.12.20,购置,1,瓶,常规,,203,冰箱,2,MYM-230316-CJF-J3-001,1,瓶,,,,,
氯离子,J3,标准物质,国家有色金属及电子材料测试中心,233055-4,50毫升，1000μg/ml,,QDJ-230522-MYM-J3-001,2025.03.28,购置,1,瓶,常规,,203,冰箱,2,MYM-230523-CJF-J3-001,1,瓶,,,,,
氟离子,J3,标准物质,国家有色金属及电子材料测试中心,233051-3,50毫升，1000μg/ml,,QDJ-230522-MYM-J3-002,2025.04.02,购置,1,瓶,常规,,203,冰箱,2,MYM-230523-CJF-J3-002,1,瓶,,,,,
硝酸根,J3,标准物质,国家有色金属及电子材料测试中心,233025-2,50毫升，1000μg/ml,,QDJ-230522-MYM-J3-003,2025.03.19,购置,1,瓶,常规,,203,冰箱,2,MYM-230523-CJF-J3-003,1,瓶,,,,,
二硫化碳5种苯系物标液,J3,标准物质,四川众标,ST-020-05A-15A,2ml,,QDJ-231023-CJF-J3-001,2025.02.19,购置,3,瓶,常规,,203,冰箱,2,CJF-230801-QYT-J3-001，CJF-231023-QYT-J3-01，QHJ/ZHD-231204-QDJ/WWY-J3-001,3,瓶,,,,,
氰化物,J3,标准物质,四川众标,ST-020-24A-42A,50ml,,QDJ-230801-CJF-J3-002,2024.09.02,购置,1,瓶,常规,,203,冰箱,2,CJF-230801-QYT-J3-002,1,瓶,,,,,
红外用四氯乙烯石油类,J3,标准物质,北京海岸,136755,1000μg/ml，20ml/瓶,/,QDJ/WWY-231228-QHJ/ZHD-J3-001,,购置,1,瓶,常规,,203,冰箱,一,YZH/WYH-251125-WYH/YZH-J3-003,1,瓶,,,,,
浊度标准溶液,J3,标准物质,四川众创众瑞质检技术有限公司,Z9327,400NTU，100ml,,QDJ/WWY-231215-QHJ/ZHD-J3-001,2024.06.25,购置,1,瓶,常规,,203,冰箱,二,QHJ/ZHD-240117-QDJ/WWY-J3-001,1,瓶,,,,,
二硫化碳中5种苯系物,J3,标准物质,SITAER,SL008434,2ml，1000μg/ml,,QDJ/WWY-231215-QHJ/ZHD-J3-002,2025.03.19,购置,2,瓶,常规,,310,冰箱,二,QHJ/ZHD-231228-QDJ/WWY-J3-004；YZH/WYH-251126-WYH/YZH-J3-026,2,瓶,,,,已过期,
丙烯醇,J3,标准物质,西亚化学,O9490,5ml,/,WYH/YZH-251125-YZH/WYH-J3-005,,返还,1,瓶,常规,,203,冰箱,4月9日,,,,,1,瓶,,
水中尿素(以尿素计),J3,标准物质,坛墨质检-标准物质中心,A25050468,20mL，1000μg/mL,250618送达,KDY/KDY-250618-PKF/PXQ-J3-001,2027.05.22,购置,2,瓶,常规,盒1-14,203,冰箱,一,YZH/ZFY-250924-WYH/SYY-J2-010,1,瓶,,1,瓶,,
水质 溴酸根,J3,标准物质,坛墨质检-标准物质中心,B23090183,20mL，0.794mg/L,250618送达,KDY/KDY-250618-PKF/PXQ-J3-002,2026.10.12,购置,2,瓶,常规,盒1-14,203,冰箱,一,,,,,2,瓶,,
甲醇中22种总挥发性有机物TVOC混标,J3,标准物质,坛墨质检-标准物质中心,25030309,1mL，1000μg/mL,250618送达,KDY/KDY-250618-PKF/PXQ-J3-003,2028.09.12,购置,4,瓶,常规,红1,203,冰箱,一,ZFY/PXQ-250724-YZH/SYY-J3-003,1,瓶,,3,瓶,,
水中挥发酚,J3,标准物质,坛墨质检-标准物质中心,B25040621,20mL，100mg/L,250618送达,KDY/KDY-250618-PKF/PXQ-J3-004,2029.05.19,购置,2,瓶,常规,盒1-15,203,冰箱,一,YZH/ZFY-250926-WYH/SYY-J3-016,1,瓶,,1,瓶,,
二硫化碳中苯溶液标准物质,J3,标准物质,坛墨质检-标准物质中心,A25050642,2mL，1000μg/mL,250618送达,KDY/KDY-250618-PKF/PXQ-J3-005,2027.05.26,购置,3,瓶,常规,红2,203,冰箱,一,PKF/PXQ-250627-YZH/ZFY-J3-015,1,瓶,212,2,瓶,,
甲醇中16种挥发性有机物TVOC混标,J3,标准物质,坛墨质检-标准物质中心,A25050365,2mL，160μg/mL,250618送达,KDY/KDY-250618-PKF/PXQ-J3-006,2030.05.22,购置,2,瓶,常规,红2,203,冰箱,一,ZFY/PXQ-250724-YZH/SYY-J3-004,1,瓶,,1,瓶,,
水中靛蓝二磺酸钠,J3,标准物质,坛墨质检-标准物质中心,A25050618,1.2mL，1000μg/mL,250618送达,KDY/KDY-250618-PKF/PXQ-J3-007,2026.05.28,购置,3,瓶,常规,红4,203,冰箱,一,YZH/ZFY-250922-WYH/SYY-J3-001,1,瓶,,2,瓶,,
四氯乙烯中苯,J3,标准物质,坛墨质检-标准物质中心,A25020184,2mL，10000μg/mL,250618送达,KDY/KDY-250618-PKF/PXQ-J3-008,2028.02.16,购置,3,瓶,常规,红3,203,冰箱,一,YZH/PXQ-250716-XQN/ZFY-J3-001,1,瓶,212,2,瓶,,
甲基叔丁基醚中二氯乙酸,J3,标准物质,坛墨质检-标准物质中心,A25030729,1.2mL，1000μg/mL,250618送达,KDY/KDY-250618-PKF/PXQ-J3-009,2029.04.02,购置,3,瓶,常规,红4,203,冰箱,一,PKF/PXQ-250624-YZH/ZFY-J3-015；YZH/PXQ-250725-XQN/ZFY-J3-012；,2,瓶,,1,瓶,,
硫化氢溶液(以硫化氢计)/介质:0.01%氢氧化钠,J3,标准物质,坛墨质检-标准物质中心,B25040691,20mL，100mg/L,250618送达,KDY/KDY-250618-PKF/PXQ-J3-010,2026.11.14,购置,2,瓶,常规,盒1-15,203,冰箱,一,YZH/ZFY-250924-WYH/SYY-J2-012,1,瓶,,1,瓶,,
四氯乙烯中正十六烷,J3,标准物质,坛墨质检-标准物质中心,A22060388,2mL，10000μg/mL,250618送达,KDY/KDY-250618-PKF/PXQ-J3-011,2027.07.04,购置,2,瓶,常规,红6,203,冰箱,一,YZH/PXQ-250716-XQN/ZFY-J3-002,1,瓶,212,1,瓶,,
四氯乙烯中异辛烷,J3,标准物质,坛墨质检-标准物质中心,A22060166,2mL，10000μg/mL,250618送达,KDY/KDY-250618-PKF/PXQ-J3-012,2027.06.21,购置,2,瓶,常规,红6,203,冰箱,一,YZH/PXQ-250716-XQN/ZFY-J3-003,1,瓶,212,1,瓶,,
四氯乙烯中石油类（油雾）,J3,标准物质,坛墨质检-标准物质中心,A25050293,10mL，10000μg/mL,250618送达,KDY/KDY-250618-PKF/PXQ-J3-013,2026.11.22,购置,2,瓶,常规,盒1-16,203,冰箱,一,YZH/PXQ-250716-XQN/ZFY-J3-004,1,瓶,212,1,瓶,,
水质 8种阴离子混标/氟氯溴硝酸根亚硝酸根硫酸根亚硫酸根磷酸根,J3,标准物质,坛墨质检-标准物质中心,B24110346,20mL，2mg/L,250618送达,KDY/KDY-250618-PKF/PXQ-J3-014,2026.06.23,购置,2,瓶,常规,盒1-16,203,冰箱,一,,,,,2,瓶,,
"甲基叔丁基醚中1,2-二溴丙烷",J3,标准物质,坛墨质检-标准物质中心,A25050086,2mL，1000μg/mL,250618送达,KDY/KDY-250618-PKF/PXQ-J3-015,2029.05.11,购置,3,瓶,常规,红3,203,冰箱,一,PKF/PXQ-250625-YZH/ZFY-J3-028;LDC/ZFY-250822-YZH/SYY-J2-004,2,瓶,212,1,瓶,,
水中汞,J3,标准物质,坛墨质检-标准物质中心,B25040147,100mL，100mg/L,250618送达,KDY/KDY-250618-PKF/PXQ-J3-016,2029.04.09,购置,1,瓶,常规,,203,冰箱,一,PKF/PXQ-250620-XQN/ZFY-J3-009,1,瓶,212,,,,
汞溶液标准物质/介质:5%硝酸,J3,标准物质,坛墨质检-标准物质中心,B25030047,50mL，1000mg/L,250618送达,KDY/KDY-250618-PKF/PXQ-J3-017,2027.03.12,购置,1,瓶,常规,,203,冰箱,一,,,,,1,瓶,,
水中亚硫酸根,J3,标准物质,坛墨质检-标准物质中心,B25010332,20mL，1000mg/L,250618送达,KDY/KDY-250618-PKF/PXQ-J3-018,2026.08.18,购置,2,瓶,常规,盒1-17,203,冰箱,一,PKF/PXQ-250625-YZH/ZFY-J3-008,1,瓶,212,1,瓶,,
水中溴离子溶液,J3,标准物质,坛墨质检-标准物质中心,B25020461,50mL，1000mg/L,250618送达,KDY/KDY-250618-PKF/PXQ-J3-019,2027.03.10,购置,1,瓶,常规,,203,冰箱,一,PKF/PXQ-250625-YZH/ZFY-J3-005,1,瓶,212,,,,
水中氰,J3,标准物质,坛墨质检-标准物质中心,B25040356,50ml，100mg/l,250618送达,KDY/KDY-250618-PKF/PXQ-J3-020,2026.04.24,购置,2,瓶,常规,,203,冰箱,一,PKF/PXQ-250623-XQN/ZFY-J3-001,1,瓶,212,1,瓶,,
水中十二烷基苯磺酸钠/阴离子表面活性剂,J3,标准物质,坛墨质检-标准物质中心/环保标样所,103615,20mL，500mg/L,250618送达,KDY/KDY-250618-PKF/PXQ-J3-021,2027.05.31,购置,2,瓶,常规,盒1-1,203,冰箱,三,PKF/PXQ-250701-YZH/ZFY-J3-002,1,瓶,212-冰箱-2,1,瓶,,
水中硝酸盐氮,J3,标准物质,坛墨质检-标准物质中心/环保标样所,102129,20mL，500mg/L,250618送达,KDY/KDY-250618-PKF/PXQ-J3-022,2029.10.31,购置,1,瓶,常规,盒1-1,203,冰箱,三,,,,,1,瓶,,
水中总磷,J3,标准物质,坛墨质检-标准物质中心/环保标样所,106004,20mL，500mg/L,250618送达,KDY/KDY-250618-PKF/PXQ-J3-023,2030.02.28,购置,2,瓶,常规,盒1-1,203,冰箱,三,PKF/PXQ-250624-SYY/ZFY-J3-008,1,瓶,212-冰箱-5,1,瓶,,
水质 阴离子表面活性剂,J3,标准物质,坛墨质检-标准物质中心/环保标样所,204434,20mL，0.468mg/L,250618送达,KDY/KDY-250618-PKF/PXQ-J3-024,2029.10.30,购置,1,瓶,常规,盒1-1,203,冰箱,三,,,,,1,瓶,,
水质 亚硝酸盐（以氮计）,J3,标准物质,坛墨质检-标准物质中心,B25030111,20mL，0.269mg/L,250618送达,KDY/KDY-250618-PKF/PXQ-J3-025,2027.04.15,购置,2,瓶,常规,盒1-2,203,冰箱,三,PKF/PXQ-250625-SYY/ZFY-J3-020；,1,瓶,212,1,瓶,,
水中总砷,J3,标准物质,坛墨质检-标准物质中心,B25030076,50mL，100mg/L,250618送达,KDY/KDY-250618-PKF/PXQ-J3-026,2029.03.09,购置,2,瓶,常规,,203,冰箱,三,,,,,2,瓶,,
水中总砷,J3,标准物质,坛墨质检-标准物质中心,B25040464,20mL，100mg/L,250618送达,KDY/KDY-250618-PKF/PXQ-J3-027,2029.05.05,购置,3,瓶,常规,盒1-2,203,冰箱,三,PKF/PXQ-250619-XQN/ZFY-J3-002；,1,瓶,212,2,瓶,,
水质 亚硝酸盐(以氮计),J3,标准物质,坛墨质检-标准物质中心,B24110282,20mL，2.20mg/L,250618送达,KDY/KDY-250618-PKF/PXQ-J3-028,2027.12.03,购置,2,瓶,常规,盒1-2,203,冰箱,三,,,,,2,瓶,,
水中锰,J3,标准物质,坛墨质检-标准物质中心,B25030412,20mL，1000mg/L,250618送达,KDY/KDY-250618-PKF/PXQ-J3-029,2029.03.25,购置,2,瓶,常规,盒1-1,203,冰箱,三,PKF/PXQ-250626-XQN/ZFY-J3-002；,1,瓶,212,1,瓶,,
水质 总磷(以磷计）,J3,标准物质,坛墨质检-标准物质中心,B24110454,20mL，0.868mg/L,250618送达,KDY/KDY-250618-PKF/PXQ-J3-030,2026.12.30,购置,2,瓶,常规,盒1-3,203,冰箱,三,PKF/PXQ-250624-SYY/ZFY-J3-009；,1,瓶,212,1,瓶,,
水中总氮,J3,标准物质,坛墨质检-标准物质中心,B25030338,20mL，500mg/L,250618送达,KDY/KDY-250618-PKF/PXQ-J3-031,2027.03.25,购置,2,瓶,常规,盒1-3,203,冰箱,三,PKF/PXQ-250623-SYY/ZFY-J3-005；,1,瓶,212,1,瓶,,
水中铋,J3,标准物质,坛墨质检-标准物质中心,B25030549,50mL，100mg/L,250618送达,KDY/KDY-250618-PKF/PXQ-J3-032,2028.03.25,购置,1,瓶,常规,,203,,,PKF/PXQ-250625-XQN/ZFY-J3-015,1,瓶,212,,,,
草酸钠容量分析用标准溶液,J3,标准物质,坛墨质检-标准物质中心,B25040510,500mL，（1/2Na2C2O4）：0.01011mol/L,250618送达,KDY/KDY-250618-PKF/PXQ-J3-033,2027.02.26,购置,1,瓶,常规,,203,G-08,二,,,,,1,瓶,,
高锰酸钾容量分析用标准溶液,J3,标准物质,坛墨质检-标准物质中心,B25040750,500mL，（1/5KMnO4）：0.01017mol/L,250618送达,KDY/KDY-250618-PKF/PXQ-J3-034；WYH/SYY-250917-YZH/ZFY-J3-004；,2026.11.25,购置,500,mL,常规,,203,G-08,二,YZH/ZFY-250917-WYH/SYY-J3-004,0.62,mL,,499.38,mL,,
水质 氨氮,J3,标准物质,坛墨质检-标准物质中心,B24110313,20mL，0.442mg/L,250618送达,KDY/KDY-250618-PKF/PXQ-J3-035,2026.12.26,购置,2,瓶,常规,盒1-3,203,冰箱,三,,,,,2,瓶,,
水中溴酸根,J3,标准物质,坛墨质检-标准物质中心,B25040350,50ml，100mg/l,250618送达,KDY/KDY-250618-PKF/PXQ-J3-036,2027.04.16,购置,1,瓶,常规,,203,,,PKF/PXQ-250619-YZH/ZFY-J3-001,1,瓶,212,,,,
四氯乙烯中油烟,J3,标准物质,坛墨质检-标准物质中心,A25041128,10mL，1000μg/mL,250618送达,KDY/KDY-250618-PKF/PXQ-J3-037,2027.05.08,购置,2,瓶,常规,盒1-4,203,冰箱,三,YZH/PXQ-250716-XQN/ZFY-J3-005,1,瓶,212,1,瓶,,
碘酸钾标准溶液/HJ 586-2010 水质 游离氯和总氯的测定,J3,标准物质,坛墨质检-标准物质中心,B25030296,20mL，1.006mg/L,250618送达,KDY/KDY-250618-PKF/PXQ-J3-038,2026.09.25,购置,3,瓶,常规,盒1-4,203,冰箱,三,YZH/ZFY-250902-WYH/SYY-J3-002,1,瓶,,2,瓶,,
水中铝/介质：5%硝酸+0.4%盐酸,J3,标准物质,坛墨质检-标准物质中心,B25040725,20mL，1000mg/L,250618送达,KDY/KDY-250618-PKF/PXQ-J3-039,2028.05.07,购置,2,瓶,常规,盒1-11,203,冰箱,三,PKF/PXQ-250627-XQN/ZFY-J3-008；,1,瓶,212,1,瓶,,
水中亚硝酸钠,J3,标准物质,坛墨质检-标准物质中心,B25040730,20mL，200mg/L,250618送达,KDY/KDY-250618-PKF/PXQ-J3-040,2026.11.12,购置,2,瓶,常规,盒1-11,203,冰箱,三,,,,,2,瓶,,
二氧化硫标准溶液/介质:甲醛吸收液,J3,标准物质,坛墨质检-标准物质中心,B25030068,20mL，100mg/L,250618送达,KDY/KDY-250618-PKF/PXQ-J3-041,2028.03.13,购置,2,瓶,常规,盒1-11,203,冰箱,三,YZH/ZFY-250926-WYH/SYY-J3-015,1,瓶,,1,瓶,,
水中氨氮,J3,标准物质,坛墨质检-标准物质中心,B25020334,20mL，500mg/L,250618送达,KDY/KDY-250618-PKF/PXQ-J3-042,2027.03.02,购置,4,瓶,常规,盒1-12,203,冰箱,三,,,,,4,瓶,,
水质 总氮(以氮计),J3,标准物质,坛墨质检-标准物质中心,B24120247,20mL，0.503mg/L,250618送达,KDY/KDY-250618-PKF/PXQ-J3-043,2027.01.07,购置,2,瓶,常规,盒1-12,203,冰箱,三,PKF/PXQ-250623-SYY/ZFY-J3-004；,1,瓶,212,1,瓶,,
水中氯离子,J3,标准物质,坛墨质检-标准物质中心,B25030765,100mL，1000mg/L,250618送达,KDY/KDY-250618-PKF/PXQ-J3-044,2028.04.07,购置,2,瓶,常规,,203,,,PKF/PXQ-250623-XQN/ZFY-J3-002；PKF/PXQ-250625-YZH/ZFY-J3-004；,2,瓶,212,,,,
水中硝酸根离子溶液,J3,标准物质,坛墨质检-标准物质中心,B25040432,50mL，1000mg/L,250618送达,KDY/KDY-250618-PKF/PXQ-J3-045,2027.04.26,购置,1,瓶,常规,,203,,,PKF/PXQ-250625-YZH/ZFY-J3-007；,1,瓶,212,,,,
水中氟离子,J3,标准物质,坛墨质检-标准物质中心,B24120155,100mL，1000mg/L,250618送达,KDY/KDY-250618-PKF/PXQ-J3-046,2027.12.22,购置,1,瓶,常规,,203,,,PKF/PXQ-250625-YZH/ZFY-J3-002,1,瓶,212,,,,
水中锌溶液标准物质/介质:5%硝酸,J3,标准物质,坛墨质检-标准物质中心,B25020362,50mL，1000mg/L,250618送达,KDY/KDY-250618-PKF/PXQ-J3-047,2028.03.02,购置,2,瓶,常规,盒1-13,203,冰箱,二,PKF/PXQ-250624-XQN/ZFY-J3-005；,1,瓶,212,1,瓶,,
色度溶液标准物质,J3,标准物质,坛墨质检-标准物质中心,B25050200,50mL，500度,250618送达,KDY/KDY-250618-PKF/PXQ-J3-048,2027.05.22,购置,1,瓶,常规,,203,,,PKF/PXQ-250701-YZH/ZFY-J3-001,1,瓶,212,,,,
水中铜溶液标准物质/介质:5%硝酸,J3,标准物质,坛墨质检-标准物质中心,B25040683,50mL，1000mg/L,250618送达,KDY/KDY-250618-PKF/PXQ-J3-049,2029.05.11,购置,2,瓶,常规,,203,冰箱,二,PKF/PXQ-250624-XQN/ZFY-J3-004；,1,瓶,212,1,瓶,,
水中铅溶液标准物质/介质:5%硝酸,J3,标准物质,坛墨质检-标准物质中心,B25020403,50mL，1000mg/L,250618送达,KDY/KDY-250618-PKF/PXQ-J3-050,2028.03.04,购置,2,瓶,常规,,203,冰箱,二,PKF/PXQ-250624-XQN/ZFY-J3-006；,1,瓶,212,1,瓶,,
铁溶液标准物质,J3,标准物质,坛墨质检-标准物质中心,B25010160,50mL，1000mg/L,250618送达,KDY/KDY-250618-PKF/PXQ-J3-051,2027.02.04,购置,2,瓶,常规,,203,冰箱,二,PKF/PXQ-250626-XQN/ZFY-J3-001；,1,瓶,212,1,瓶,,
水中亚硝酸根,J3,标准物质,坛墨质检-标准物质中心,B25050212,50mL，1000mg/L,250618送达,KDY/KDY-250618-PKF/PXQ-J3-052,2027.05.20,购置,1,瓶,常规,,203,,,PKF/PXQ-250625-YZH/ZFY-J3-003,1,瓶,212,,,,
水中镉溶液标准物质/介质:5%硝酸,J3,标准物质,坛墨质检-标准物质中心,B25030267,50mL，1000mg/L,250618送达,KDY/KDY-250618-PKF/PXQ-J3-053,2027.03.18,购置,2,瓶,常规,,203,冰箱,二,PKF/PXQ-250624-XQN/ZFY-J3-007；,1,瓶,,1,瓶,,
水中磷酸根,J3,标准物质,坛墨质检-标准物质中心,B25010132,100mL，1000mg/L,250618送达,KDY/KDY-250618-PKF/PXQ-J3-054,2028.02.18,购置,1,瓶,常规,,203,,,PKF/PXQ-250625-YZH/ZFY-J3-001,1,瓶,212,,,,
水中硒,J3,标准物质,坛墨质检-标准物质中心,B25040471,20mL，100mg/L,250618送达,KDY/KDY-250618-PKF/PXQ-J3-055,2028.04.24,购置,3,瓶,常规,盒1-13,203,冰箱,三,PKF/PXQ-250620-XQN/ZFY-J3-010；,1,瓶,212,2,瓶,,
乙腈中苯并[a]芘,J3,标准物质,坛墨质检-标准物质中心,A25020318,2mL，100μg/mL,250618送达,KDY/KDY-250618-PKF/PXQ-J3-056,2029.02.24,购置,3,瓶,常规,红7,203,冰箱,一,PKF/PXQ-250626-YZH/ZFY-J3-012；LDC/ZFY-250926-YZH/SYY-J3-018；,2,瓶,212,1,瓶,,
4种阴离子混标/氟氯硫酸根硝酸根,J3,标准物质,坛墨质检-标准物质中心,B24120194,50mL，不同浓度,250618送达,KDY/KDY-250618-PKF/PXQ-J3-057,2026.12.19,购置,2,瓶,常规,,203,冰箱,二,PKF/PXQ-250624-XQN/ZFY-J3-004；,1,瓶,212,1,瓶,,
水中磷酸盐(以磷计),J3,标准物质,坛墨质检-标准物质中心,B25010085,50mL，500mg/L,250618送达,KDY/KDY-250618-PKF/PXQ-J3-058,2028.01.15,购置,1,瓶,常规,,203,,,PKF/PXQ-250625-SYY/ZFY-J3-023,1,瓶,212,,,,
水中总铬,J3,标准物质,坛墨质检-标准物质中心,B25040260,50mL，100mg/L,250618送达,KDY/KDY-250618-PKF/PXQ-J3-059,2027.04.18,购置,3,瓶,常规,,203,冰箱,二,PKF/PXQ-250627-XQN/ZFY-J3-009；YZH/PXQ-250724-XQN/ZFY-J3-002,2,瓶,212,1,瓶,,
水中锑,J3,标准物质,坛墨质检-标准物质中心,B24120424,50mL，100mg/L,250618送达,KDY/KDY-250618-PKF/PXQ-J3-060,2028.04.29,购置,1,瓶,常规,,203,,,PKF/PXQ-250625-XQN/ZFY-J3-016,1,瓶,212,,,,
铁溶液标准物质/介质：5%硝酸+0.4%盐酸,J3,标准物质,坛墨质检-标准物质中心,B25050142,50mL，100mg/L,250618送达,KDY/KDY-250618-PKF/PXQ-J3-061,2027.05.19,购置,1,瓶,常规,,203,冰箱,二,,,,,1,瓶,,
碘酸钾容量分析用标准溶液,J3,标准物质,坛墨质检-标准物质中心,B24050113,5支/袋，(1/6KIO3)0.1000mol/L,250618送达,KDY/KDY-250618-PKF/PXQ-J3-062,2027.05.14,购置,4,袋,常规,,203,冰箱,二,,,,,4,袋,,
水中氨,J3,标准物质,坛墨质检-标准物质中心,B25020460,100mL，1000mg/L,250618送达,KDY/KDY-250618-PKF/PXQ-J3-063;WYH/SYY-250930-YZH/ZFY-J2-005;,2027.03.04,购置,200,mL,常规,,203,冰箱,二,YZH/ZFY-250930-WYH/SYY-J3-006,5,mL,,195,mL,,
三氯乙酸,J3,标准物质,坛墨质检-标准物质中心,25041331,250mg，99.9%,250618送达,KDY/KDY-250618-PKF/PXQ-J3-064,2029.04.29,购置,2,瓶,常规,,203,冰箱,一,PKF/PXQ-250624-YZH/ZFY-J3-014,1,瓶,212,1,瓶,,
水中甲醇溶液,J3,标准物质,坛墨质检-标准物质中心,A25040260,2mL，1000μg/mL,250618送达,KDY/KDY-250618-PKF/PXQ-J3-065,2027.04.28,购置,3,瓶,常规,红7,203,冰箱,一,PKF/PXQ-250623-XQN/ZFY-J3-003,1,瓶,212,2,瓶,,
硫代硫酸钠容量分析用标准溶液,J3,标准物质,坛墨质检-标准物质中心,B25030502,500mL，(Na2S2O3):0.03004mol/L,250618送达,KDY/KDY-250618-PKF/PXQ-J3-066,2026.03.30,购置,1,瓶,常规,,203,G-08,三,,,,,1,瓶,,
硫代硫酸钠容量分析用标准溶液,J3,标准物质,坛墨质检-标准物质中心,B25040745,1000mL，c(Na2S2O3)=0.01017mol/L,250618送达,KDY/KDY-250618-PKF/PXQ-J3-067；XQN/ZFY-250725-YZH/PXQ-J3-037；WYH/SYY-250826-YZH/ZFY-J3-003；WYH/SYY-250902-YZH/ZFY-J3-002；WYH/SYY-250904-YZH/ZFY-J3-001；YZH/SYY-250912-LDC/ZFY-J3-005；WYH/SYY-250922-YZH/ZFY-J3-001；YZH/WYH-251027-YZH/WYH-J3-004；WYH/YZH-251118-YZH/WYH-J3-002；WYH/YZH-251126-YZH/WYH-J3-001；SYO/YZH-251217-YZH/SYO-J3-001,2026.05.08,购置,2000,mL,常规,,203,G-08,三,YZH/PXQ-250725-XQN/ZFY-J3-010；YZH/ZFY-250826-WYH/SYY-J3-003；YZH/ZFY-250902-WYH/SYY-J3-003；YZH/ZFY-250904-WYH/SYY-J3-002；LDC/ZFY-250912-YZH/SYY-J3-007；YZH/SYY-250912-LDC/ZFY-J3-005；YZH/WYH-251027-YZH/WYH-J3-005；YZH/WYH-251118-WYH/YZH-J3-003；YZH/WYH-251126-WYH/YZH-J3-001；YZH/SYO-251217-SYO/YZH-J3-003,720,mL,,1280,mL,,
水质 六价铬,J3,标准物质,钢研纳克检测技术股份有限公司,250429C5,20mL，1μg/L,250623送达,KDY/KDY-250623-PKF/PXQ-J3-068,2029.04.29,购置,2,瓶,常规,,203,冰箱,二,,,,,2,瓶,,
正己烷中石油类,J3,标准物质,坛墨质检-标准物质中心,A25050889,10mL，1000mg/L,250623送达,KDY/KDY-250623-PKF/PXQ-J3-069,2028.06.16,购置,3,瓶,常规,,203,冰箱,二,YZH/ZFY-250926-WYH/SYY-J3-017,1,瓶,,2,瓶,,
水中硫酸根,J3,标准物质,坛墨质检-标准物质中心,8040122401,90ml，1000mg/l,250623送达,KDY/KDY-250623-PKF/PXQ-J3-070,2026.11.25,购置,1,瓶,常规,,203,,,PKF/PXQ-250625-YZH/ZFY-J3-007,1,瓶,,,,,
水质 总硬度,J3,标准物质,坛墨质检-标准物质中心,200756,20ml，1.93mmol/l,250715送达,KDY/KDY-250716-YZH/PXQ-J3-001,2029.06.30,购置,1,支,常规,盒2-1,203,冰箱,三,,,,,1,支,,
水质 亚氯酸盐,J3,标准物质,坛墨质检-标准物质中心,207503,20ml，1.51mg/l,250715送达,KDY/KDY-250716-YZH/PXQ-J3-002,2028.10.31,购置,1,支,常规,盒2-1,203,冰箱,三,,,,,1,支,,
水质 硝酸盐（以氮计）,J3,标准物质,坛墨质检-标准物质中心,200856,20ml，3.18mg/l,250715送达,KDY/KDY-250716-YZH/PXQ-J3-003,2028.10.31,购置,1,支,常规,盒2-1,203,冰箱,三,,,,,1,支,,
水中硫酸根,J3,标准物质,坛墨质检-标准物质中心,101917,20ml，500mg/l,250715送达,KDY/KDY-250716-YZH/PXQ-J3-004,2028.04.30,购置,1,支,常规,盒2-1,203,冰箱,三,,,,,1,支,,
水中硝酸盐氮,J3,标准物质,坛墨质检-标准物质中心,102129,20ml，500mg/l,250715送达,KDY/KDY-250716-YZH/PXQ-J3-005,2029.10.31,购置,1,支,常规,盒2-1,203,冰箱,三,,,,,1,支,,
水中氯化物,J3,标准物质,坛墨质检-标准物质中心,101820,20ml，500mg/l,250715送达,KDY/KDY-250716-YZH/PXQ-J3-006,2029.05.31,购置,1,支,常规,盒2-2,203,冰箱,三,,,,,1,支,,
水中溴酸盐,J3,标准物质,坛墨质检-标准物质中心,104903,20ml，100mg/l,250715送达,KDY/KDY-250716-YZH/PXQ-J3-007,2029.10.31,购置,2,支,常规,盒2-2,203,冰箱,三,,,,,2,支,,
水质 高锰酸盐指数,J3,标准物质,坛墨质检-标准物质中心,2031139,20ml，8.72mg/l,250715送达,KDY/KDY-250716-YZH/PXQ-J3-008,2028.10.31,购置,1,支,常规,盒2-2,203,冰箱,三,,,,,1,支,,
水中氟化物,J3,标准物质,坛墨质检-标准物质中心,101725,20ml，500mg/l,250715送达,KDY/KDY-250716-YZH/PXQ-J3-009,2029.10.31,购置,1,支,常规,盒2-2,203,冰箱,三,,,,,1,支,,
水质 氯化物,J3,标准物质,坛墨质检-标准物质中心,201863,20ml，22.2mg/l,250715送达,KDY/KDY-250716-YZH/PXQ-J3-010,2030.02.28,购置,1,支,常规,盒2-3,203,冰箱,三,,,,,1,支,,
水中硝酸盐氮（以氮计）,J3,标准物质,坛墨质检-标准物质中心,B25040611,20ml，500mg/l,250715送达,KDY/KDY-250716-YZH/PXQ-J3-011,2028.05.05,购置,1,支,常规,盒2-3,203,冰箱,三,,,,,1,支,,
乙腈中苯并[a]芘,J3,标准物质,坛墨质检-标准物质中心,A20060268,2ml，100μg/ml,250715送达,KDY/KDY-250716-YZH/PXQ-J3-012,2029.06.16,购置,2,支,常规,红盒1,203,冰箱,二,PXQ/ZFY-250716-YZH/SYY-J3-008,1,支,212,1,支,,
二硫化碳中5种苯系物混标,J3,标准物质,坛墨质检-标准物质中心,A24120441,2ml，100μg/ml,250715送达,KDY/KDY-250716-YZH/PXQ-J3-013,2030.01.06,购置,3,支,常规,红盒1,203,冰箱,二,ZFY/PXQ-250724-YZH/SYY-J3-005；YZH/WYH-251118-WYH/YZH-J3-004；,2,支,,1,支,,
水质 氯酸盐,J3,标准物质,坛墨质检-标准物质中心,B25030227,2ml，0.760mg/l,250715送达,KDY/KDY-250716-YZH/PXQ-J3-014,2027.10.08,购置,1,支,常规,红盒2,203,冰箱,二,,,,,1,支,,
甲醇中16种挥发性有机物TVOC混标,J3,标准物质,坛墨质检-标准物质中心,A23020626,1ml，500μg/ml,250715送达,KDY/KDY-250716-YZH/PXQ-J3-015,2028.03.05,购置,1,支,常规,红盒2,203,冰箱,二,,,,,1,支,,
水中甲醛,J3,标准物质,坛墨质检-标准物质中心,A25050130,20ml，100mg/l,250715送达,KDY/KDY-250716-YZH/PXQ-J3-016,2027.06.12,购置,2,支,常规,盒2-3,203,冰箱,三,YZH/PXQ-250725-XQN/ZFY-J2-011,1,支,,1,支,,
甲醇中22种总挥发性有机物TVOC混标,J3,标准物质,坛墨质检-标准物质中心,25030309,1ml，1000μg/ml,250715送达,KDY/KDY-250716-YZH/PXQ-J3-017,2028.09.12,购置,1,支,常规,红盒3,203,冰箱,二,,,,,1,支,,
甲醇中二溴一氯甲烷,J3,标准物质,坛墨质检-标准物质中心,A25040318,2ml，100μg/ml,250715送达,KDY/KDY-250716-YZH/PXQ-J3-018,2028.04.15,购置,1,支,常规,红盒2,203,冰箱,二,LDC/ZFY-250829-YZH/SYY-J3-003,1,支,,,,,
甲基叔丁基醚中三氯乙酸,J3,标准物质,坛墨质检-标准物质中心,A25050896,1.2ml，1000μg/ml,250715送达,KDY/KDY-250716-YZH/PXQ-J3-019,2029.06.04,购置,2,支,常规,红盒2,203,冰箱,二,ZFY/PXQ-250724-YZH/SYY-J3-006；LDC/ZFY-250918-YZH/SYY-J3-004,2,支,,,,,
甲基叔丁基醚中二氯乙酸,J3,标准物质,坛墨质检-标准物质中心,A25030729,1.2ml，1000μg/ml,250715送达,KDY/KDY-250716-YZH/PXQ-J3-020,2029.04.02,购置,1,支,常规,红盒3,203,冰箱,二,,,,,1,支,,
甲醇中三溴甲烷,J3,标准物质,坛墨质检-标准物质中心,A24040170,2ml，100μg/ml,250715送达,KDY/KDY-250716-YZH/PXQ-J3-021,2029.04.13,购置,1,支,常规,红盒3,203,冰箱,二,LDC/ZFY-250829-YZH/SYY-J3-001,1,支,,,,,
甲醇中三氯甲烷溶液,J3,标准物质,坛墨质检-标准物质中心,A25030405,2ml，100μg/ml,250715送达,KDY/KDY-250716-YZH/PXQ-J3-022,2027.03.25,购置,1,支,常规,红盒3,203,冰箱,二,LDC/ZFY-250829-YZH/SYY-J3-002,1,支,,,,,
"甲基叔丁基醚中1,2-二溴丙烷",J3,标准物质,坛墨质检-标准物质中心,A25050086,2ml，100μg/ml,250715送达,KDY/KDY-250716-YZH/PXQ-J3-023,2029.05.11,购置,1,支,常规,红盒3,203,冰箱,二,,,,,1,支,,
水中汞/介质：5%硝酸,J3,标准物质,坛墨质检-标准物质中心,B25040147,100ml，100mg/l,250715送达,KDY/KDY-250716-YZH/PXQ-J3-024,2029.04.09,购置,1,瓶,常规,,203,冰箱,一,,,,,1,瓶,,
水中挥发酚,J3,标准物质,坛墨质检-标准物质中心,B25060094,20ml，2mg/l,250715送达,KDY/KDY-250716-YZH/PXQ-J3-025,2029.06.15,购置,1,支,常规,盒2-4,203,冰箱,三,,,,,1,支,,
水质 浊度,J3,标准物质,坛墨质检-标准物质中心,B25050556,50ml，1000NTU,250715送达,KDY/KDY-250716-YZH/PXQ-J3-026；SYY/WYH-250909-YZH/ZFY-J3-001；,2026.12.05,购置,50,mL,常规,,203,冰箱,一,YZH/ZFY-250909-SYY/WYH-J3-001,2,mL,,48,mL,,
水质 挥发酚,J3,标准物质,坛墨质检-标准物质中心,B25030666,20ml，1.47μg/ml,250715送达,KDY/KDY-250716-YZH/PXQ-J3-027,2027.06.02,购置,1,支,常规,盒2-4,203,冰箱,三,,,,,1,支,,
水中六价铬,J3,标准物质,坛墨质检-标准物质中心,B25060513,50ml，5mg/l,250715送达,KDY/KDY-250716-YZH/PXQ-J3-028,2027.07.02,购置,3,瓶,常规,,203,冰箱,二,YZH/PXQ-250724-XQN/ZFY-J3-001,1,瓶,,2,瓶,,
水中硝酸根离子溶液,J3,标准物质,坛墨质检-标准物质中心,B25040432,50ml，1000mg/l,250715送达,KDY/KDY-250716-YZH/PXQ-J3-029,2027.04.26,购置,1,瓶,常规,,203,冰箱,二,,,,,1,瓶,,
水中硫酸根,J3,标准物质,坛墨质检-标准物质中心,B25050101,100ml，1000mg/l,250715送达,KDY/KDY-250716-YZH/PXQ-J3-030,2028.05.25,购置,1,瓶,常规,,203,冰箱,一,,,,,1,瓶,,
水中氯离子,J3,标准物质,坛墨质检-标准物质中心,B25030765,100ml，1000mg/l,250715送达,KDY/KDY-250716-YZH/PXQ-J3-031；WYH/SYY-251013-YZH/LDC-J3-002；,2028.04.07,购置,100,mL,常规,,203,冰箱,一,YZH/LDC-251013-WYH/SYY-J3-003,20,mL,,80,mL,,
甲醇中二溴一氯甲烷,J3,标准物质,钢研纳克检测技术股份有限公司,25070425,2mL，1000μg/mL,250722送达,KDY/KDY-250723-YZH/PXQ-J3-001,2027.07.03,购置,1,支,常规,,203,冰箱,一,,,,,1,支,,
甲醇中一溴二氯甲烷,J3,标准物质,坛墨质检-标准物质中心,A25060866,2mL，1000μg/mL,250822送达,KDY/KDY-250822-YZH/ZFY-J2-005,2027.07.22,购置,1,支,常规,,203,冰箱,二,LDC/ZFY-250829-YZH/SYY-J3-004,1,支,,,,,
高纯空气,J5,实验气体,江苏宏仁气体有限公司,,纯度≥99.999%，40L,,,,购置,1,瓶,常规,,101,,,MYM-230720-CJF-J5-003,1,瓶,,,,,
高纯乙炔气,J5,实验气体,江苏宏仁气体有限公司,,纯度≥99.999%，40L,,,,购置,1,瓶,常规,,101,,,WJS-202218-WJS-J5-001,1,瓶,,,,,
高纯氦气,J5,实验气体,江苏宏仁气体有限公司,,纯度≥99.999%，40L，库内,,,,购置,1,瓶,常规,,101,,,MYM-230130-CJF-J5-001,1,瓶,,,,,实际无
高纯氩气,J5,实验气体,江苏宏仁气体有限公司,,纯度≥99.999%，40L，库内,,,,购置,2,瓶,常规,,101,,,"MYM-230322-CJF-J5-001,CJF-230918-QYT-J5-001",2,瓶,,,,,
CH4/N2 ,J3,标准物质,江苏宏仁气体有限公司,,802ppm,,,,购置,1,瓶,常规,北侧,101,,,,,,,1,瓶,,标准气体
CH4/N2 ,J5,实验气体,江苏宏仁气体有限公司,,20ppm,,,,购置,1,瓶,常规,,101,,,MYM-230401-CJF-J5-001,1,瓶,,,,,
高纯氮气,J5,实验气体,江苏宏仁气体有限公司,,纯度≥99.999%，40L，库内,,,,购置,3,瓶,常规,,101,,,MYM-230227-CJF-J5-001；MYM-230308-CJF-J5-001;MYM-230322-CJF-J5-002,3,瓶,,,,,
高纯氩气,J5,实验气体,江苏宏仁气体有限公司,,纯度≥99.999%，40L,,QDJ-230918-CJF-J5-001,,购置,2,瓶,常规,,101,,,YZH-251021-WYH-J5-001；YZH-251029-WYH-J5-002,2,瓶,,,,,
高纯氮气,J5,实验气体,江苏宏仁气体有限公司,,纯度≥99.999%，40L,,QDJ-230918-CJF-J5-002,,购置,1,瓶,常规,,101,,,LMI-240716-CYQ-J5-001,1,瓶,,,,,
高纯空气,J5,实验气体,江苏宏仁气体有限公司,,纯度≥99.999%，40L,,QDJ-230918-CJF-J5-003,,购置,1,瓶,常规,,101,,,LMI-240716-CYQ-J5-002,1,瓶,,,,,
高纯乙炔气,J5,实验气体,江苏宏仁气体有限公司,,纯度≥99.999%，40L,,QDJ-230918-CJF-J5-004,,购置,1,瓶,常规,,101,,,,,,,1,瓶,,
高纯氮气,J5,实验气体,江苏宏仁气体有限公司,,纯度≥99.999%，40L,,XJY/JAK-250719-YZH-J5-001,2027.07.07,购置,4,瓶,常规,,101,,,PXQ-250725-YZH-J5-013；ZFY-250912-YZH-J5-011,4,瓶,304柜子,,,,
高纯氦气,J5,实验气体,江苏宏仁气体有限公司,,纯度≥99.999%，40L,,XJY/JAK-250719-YZH-J5-002,2027.07.09,购置,1,瓶,常规,,101,,,PXQ-250719-YZH-J5-001,1,瓶,304右侧柜子,,,,
高纯空气,J5,实验气体,江苏宏仁气体有限公司,,纯度≥99.999%，40L,,XJY/JAK-250719-YZH-J5-003,,购置,1,瓶,常规,,101,,,PXQ-250725-YZH-J5-014,1,瓶,304柜子,,,,
高纯氩气,J5,实验气体,江苏宏仁气体有限公司,,纯度≥99.999%，40L,,KDY-251106-YZH-J5-001,,购置,2,瓶,常规,,101,,,,,,,2,瓶,,
高纯氮气,J5,实验气体,江苏宏仁气体有限公司,,纯度≥99.999%，40L,,KDY-251106-YZH-J5-002,,购置,1,瓶,常规,,101,,,,,,,1,瓶,,
高纯氦气,J5,实验气体,江苏宏仁气体有限公司,,纯度≥99.999%，40L,,KDY-251106-YZH-J5-003,,购置,1,瓶,常规,,101,,,,,,,1,瓶,,
滴瓶,J4,玻璃仪器,南通诚记化工,,60ml白、棕,,,,购置,8,个,常规,白6棕2,,J-06,2,,,个,,8,个,,
滴瓶,J4,玻璃仪器,南通诚记化工,,125ml白、棕,,,,购置,13,个,常规,白10棕3,,J-06,2,,,个,,13,个,,
小口试剂瓶,J4,玻璃仪器,南通诚记化工,,60ml棕,,,,购置,16,个,常规,白8棕8,,J-06,2,,,个,,16,个,,
小口试剂瓶,J4,玻璃仪器,南通诚记化工,,125ml,,,,购置,29,个,常规,白19棕10,,J-06,2,,,个,,29,个,,
小口试剂瓶,J4,玻璃仪器,南通诚记化工,,250ml白,,,,购置,20,个,常规,,,J-06,2,,,个,,20,个,,
小口试剂瓶,J4,玻璃仪器,南通诚记化工,,500ml白,,,,购置,1,个,常规,,,J-06,2,,,个,,1,个,,
小口试剂瓶,J4,玻璃仪器,南通诚记化工,,1000ml白,,,,购置,1,个,常规,,,J-06,2,,,个,,1,个,,
小口试剂瓶,J4,玻璃仪器,南通诚记化工,,2500ml白,,,,购置,2,个,常规,,,J-06,2,MYM-211020-LJ-J4-001,2,个,,,个,,
大口试剂瓶,J4,玻璃仪器,南通诚记化工,,60ml白、棕,,,,购置,33,个,常规,白17棕16,,J-06,2,,,个,,33,个,,
大口试剂瓶,J4,玻璃仪器,南通诚记化工,,125ml白、棕,,,,购置,18,个,常规,白6棕12,,J-06,2,,,个,,18,个,,
大口试剂瓶,J4,玻璃仪器,南通诚记化工,,2500ml白,,,,购置,1,个,常规,,,J-06,2,,,个,,1,个,,
大口试剂瓶,J4,玻璃仪器,南通诚记化工,,250ml棕,,,,购置,5,个,常规,,,J-06,2,,,个,,5,个,,
大口试剂瓶,J4,玻璃仪器,南通诚记化工,,500ml棕,,,,购置,1,个,常规,,,J-06,2,,,个,,1,个,,
刻度细口试剂瓶,J4,玻璃仪器,南通诚记化工,,60ml,,,,购置,10,个,常规,,,J-06,2,,,个,,10,个,,
棕色螺口试剂瓶,J4,玻璃仪器,广州诺玖顺,,100mL ,,,,购置,1,个,常规,,,J-06,2,,,个,,1,个,,
棕容量瓶,J4,玻璃仪器,广州诺玖顺,,2mL,,,,购置,4,个,常规,,,J-06,3,,,个,,4,个,,
棕容量瓶,J4,玻璃仪器,南通诚记化工,,5ml,,,,购置,3,支,常规,,,J-06,3,MYM-221206-CJF-J4-001,3,支,,,支,,
棕容量瓶,J4,玻璃仪器,南通诚记化工,,25ml,,,,购置,4,个,常规,,,J-06,3,,,个,,4,个,,
棕容量瓶  ,J4,玻璃仪器,南通诚记化工,,1000ml,,,,购置,10,个,常规,,,J-06,3,,,个,,10,个,,
棕容量瓶  ,J4,玻璃仪器,南通诚记化工,,2000ml,,,,购置,9,个,常规,,,J-06,3,,,个,,9,个,,
玻璃长颈漏斗,J4,玻璃仪器,南通诚记化工,,60mm,,,,购置,10,个,常规,,,J-06,4,,,个,,10,个,,
玻璃短颈漏斗,J4,玻璃仪器,南通诚记化工,,30mm,,,,购置,3,个,常规,,,J-06,4,,,个,,3,个,,
玻璃短颈漏斗,J4,玻璃仪器,南通诚记化工,,90mm,,,,购置,8,个,常规,,,J-06,4,MYM-200722-PDJ-J4-002,8,个,,,个,,
塑料刻度移液管WJ018,J4,玻璃仪器,,,1ml,,,,购置,1,支,常规,,,J-06,4,MYM-210622-QJW-J6-001,1,支,,,支,,
塑料刻度移液管WJ019,J4,玻璃仪器,,,2ml,,,,购置,1,支,常规,,,J-06,4,MYM-210622-QJW-J6-002,1,支,,,支,,
塑料刻度移液管WJ020,J4,玻璃仪器,,,5ml,,,,购置,1,支,常规,,,J-06,4,MYM-210622-QJW-J6-003,1,支,,,支,,
塑料刻度移液管WJ021,J4,玻璃仪器,,,10ml,,,,购置,1,支,常规,,,J-06,4,MYM-210622-QJW-J6-004,1,支,,,支,,
塑料刻度移液管WJ022,J4,玻璃仪器,,,10ml,,,,购置,1,支,常规,,,J-06,4,MYM-210622-QJW-J6-004,1,支,,,支,,
塑料刻度移液管WJ066,J4,玻璃仪器,,,25ml,,,,购置,1,支,常规,,,J-06,4,MYM-210622-QJW-J6-005,1,支,,,支,,
玻璃刻度移液管WJ032,J4,玻璃仪器,,,0.1ml,,,,购置,1,支,常规,,,J-06,4,MYM-210520-QJW-J4-002,1,支,,,支,,
玻璃刻度移液管WJ033,J4,玻璃仪器,,,2ml,,,,购置,1,支,常规,,,J-06,4,,,支,,1,支,,
玻璃刻度移液管WJ038,J4,玻璃仪器,,,5ml,,,,购置,1,支,常规,,,J-06,4,,,支,,1,支,,
玻璃刻度移液管WJ035,J4,玻璃仪器,,,10ml,,,,购置,1,支,常规,,,J-06,4,,,支,,1,支,,
玻璃刻度移液管WJ036,J4,玻璃仪器,,,25ml,,,,购置,1,支,常规,,,J-06,4,,,支,,1,支,,
玻璃刻度移液管WJ037,J4,玻璃仪器,,,50ml,,,,购置,1,支,常规,,,J-06,4,MYM-210520-QJW-J4-002,1,支,,,支,,
玻璃刻度移液管WJ034,J4,玻璃仪器,,,50ml,,,,购置,1,支,常规,,,J-06,4,MYM-210520-QJW-J4-002,1,支,,,支,,
具塞比色管WJ039,J4,玻璃仪器,,,10ml,,,,购置,1,支,常规,,,J-06,4,MYM-210520-QJW-J4-006,1,支,,,支,,
具塞比色管WJ040,J4,玻璃仪器,,,25ml,,,,购置,1,支,常规,,,J-06,4,MYM-210520-QJW-J4-007,1,支,,,支,,
具塞比色管WJ041,J4,玻璃仪器,,,50ml,,,,购置,1,支,常规,,,J-06,4,MYM-210520-QJW-J4-008,1,支,,,支,,
具塞比色管WJ042,J4,玻璃仪器,,,100ml,,,,购置,1,支,常规,,,J-06,4,MYM-210520-QJW-J4-009,1,支,,,支,,
玻璃注射器WJ043,J4,玻璃仪器,,,1ml,,,,购置,1,支,常规,,,J-06,4,,,支,,1,支,,
白色容量瓶WJ050,J4,玻璃仪器,,,5ml,,,,购置,1,只,常规,,,J-06,4,MYM-210520-QJW-J4-010,1,只,,,只,,
白色容量瓶WJ051,J4,玻璃仪器,,,25ml,,,,购置,1,只,常规,,,J-06,4,MYM-210520-QJW-J4-011,1,只,,,只,,
白色容量瓶WJ054,J4,玻璃仪器,,,100ml,,,,购置,1,只,常规,,,J-06,4,MYM-210520-QJW-J4-012,1,只,,,只,,
白色容量瓶WJ058,J4,玻璃仪器,,,500ml,,,,购置,1,只,常规,,,J-06,4,MYM-210520-QJW-J4-013,1,只,,,只,,
白色容量瓶WJ060,J4,玻璃仪器,,,1000ml,,,,购置,1,只,常规,,,J-06,4,MYM-210520-QJW-J4-014,1,只,,,只,,
白色容量瓶WJ062,J4,玻璃仪器,,,2000ml,,,,购置,1,只,常规,,,J-06,4,MYM-210520-QJW-J4-015,1,只,,,只,,
白色聚乙烯容量瓶WJ079,J4,玻璃仪器,,,100ml,,,,购置,1,只,常规,,,J-06,4,MYM-210520-QJW-J4-018,1,只,,,只,,
微量进样器WJ067,J4,玻璃仪器,,,1ul,,,,购置,1,支,常规,,,J-06,4,MYM-210520-QJW-J4-004,1,支,,,支,,
微量进样器WJ070,J4,玻璃仪器,,,10ul,,,,购置,1,支,常规,,,J-06,4,MYM-210520-QJW-J4-005,1,支,,,支,,
水银温度计WJ071,J4,玻璃仪器,,,0-300,,,,购置,1,支,常规,,,J-06,4,,,支,,1,支,,
单标移液管WJ004,J4,玻璃仪器,,,1ml,,,,购置,1,支,常规,,,J-06,4,,,支,,1,支,,
单标移液管WJ005,J4,玻璃仪器,,,2ml,,,,购置,1,支,常规,,,J-06,4,,,支,,1,支,,
单标移液管WJ078,J4,玻璃仪器,,,3ml,,,,购置,1,支,常规,,,J-06,4,,,支,,1,支,,
单标移液管WJ006,J4,玻璃仪器,,,5ml,,,,购置,1,支,常规,,,J-06,4,,,支,,1,支,,
单标移液管WJ007,J4,玻璃仪器,,,10ml,,,,购置,1,支,常规,,,J-06,4,,,支,,1,支,,
单标移液管WJ008,J4,玻璃仪器,,,15ml,,,,购置,1,支,常规,,,J-06,4,,,支,,1,支,,
单标移液管WJ009,J4,玻璃仪器,,,20ml,,,,购置,1,支,常规,,,J-06,4,,,支,,1,支,,
单标移液管WJ010,J4,玻璃仪器,,,20ml,,,,购置,1,支,常规,,,J-06,4,,,支,,1,支,,
单标移液管WJ011,J4,玻璃仪器,,,50ml,,,,购置,1,支,常规,,,J-06,4,,,支,,1,支,,
单标移液管WJ012,J4,玻璃仪器,,,100ml,,,,购置,1,支,常规,,,J-06,4,,,支,,1,支,,
棕色碱式滴定管WJ024,J4,玻璃仪器,,,25ml,,,,购置,1,支,常规,,,J-06,4,,,支,,1,支,,
棕色碱式滴定管WJ026,J4,玻璃仪器,,,50ml,,,,购置,1,支,常规,,,J-06,4,,,支,,1,支,,
白色碱式滴定管WJ023,J4,玻璃仪器,,,25ml,,,,购置,1,支,常规,,,J-06,4,,,支,,1,支,,
白色碱式滴定管WJ025,J4,玻璃仪器,,,50ml,,,,购置,1,支,常规,,,J-06,4,,,支,,1,支,,
白色两用滴定管WJ031,J4,玻璃仪器,,,25ml,,,,购置,1,支,常规,,,J-06,4,MYM-210622-QJW-J4-006,1,支,,,支,,
白色酸式滴定管WJ027,J4,玻璃仪器,,,25ml,,,,购置,1,支,常规,,,J-06,4,MYM-210622-QJW-J4-007,1,支,,,支,,
白色酸式滴定管WJ029,J4,玻璃仪器,,,50ml,,,,购置,1,支,常规,,,J-06,4,MYM-210622-QJW-J4-008,1,支,,,支,,
棕色酸式滴定管WJ028,J4,玻璃仪器,,,25ml,,,,购置,1,支,常规,,,J-06,4,MYM-210622-QJW-J4-009,1,支,,,支,,
量筒WJ017,J4,玻璃仪器,,,500ml,,,,购置,1,只,常规,,,J-06,4,MYM-210520-QJW-J4-016,1,只,,,只,,
量筒WJ016,J4,玻璃仪器,,,250ml,,,,购置,1,只,常规,,,J-06,4,MYM-210520-QJW-J4-017,1,只,,,只,,
座式微量滴定管,J4,玻璃仪器,南通诚记化工,,2ml,,,,购置,4,个,常规,,,J-05,0,,,个,,4,个,,
座式微量滴定管,J4,玻璃仪器,南通诚记化工,,5ml,,,,购置,4,个,常规,,,J-05,0,,,个,,4,个,,
具塞锥形瓶  ,J4,玻璃仪器,南通诚记化工,,50ml,,,,购置,20,个,常规,,,J-05,1,,,个,,20,个,,
具塞锥形瓶  ,J4,玻璃仪器,南通诚记化工,,100ml/19#,,,,购置,10,个,常规,,,J-05,1,,,个,,10,个,,
具塞锥形瓶  ,J4,玻璃仪器,南通诚记化工,,150ml/19#,,,,购置,10,个,常规,,,J-05,1,,,个,,10,个,,
具塞锥形瓶  ,J4,玻璃仪器,广州诺玖顺,,250ml,,,,购置,40,个,常规,,,J-05,1,MYM-210422-QJW-J4-005,10,个,,30,个,,
碘量瓶   ,J4,玻璃仪器,南通诚记化工,,100ml/19#,,,,购置,18,个,常规,,,J-05,1,,,个,,18,个,,
碘量瓶   ,J4,玻璃仪器,南通诚记化工,,150ml/19#,,,,购置,10,个,常规,,,J-05,1,,,个,,10,个,,
碘量瓶   ,J4,玻璃仪器,南通诚记化工,,250ml/24#,,,,购置,4,个,常规,,,J-05,1,,,个,,4,个,,
溶解氧瓶,J4,玻璃仪器,南通诚记化工,,250ml,,,,购置,41,个,常规,蜀牛、GG-17,,J-05,2,MYM-211009-LJ-J4-001；MYM-211020-LJ-J4-002,31,个,,10,个,,
三角烧瓶（广口）,J4,玻璃仪器,南通诚记化工,,100ml,,,,购置,18,个,常规,,,J-05,2,,,个,,18,个,,
三角烧瓶（广口）,J4,玻璃仪器,南通诚记化工,,150ml,,,,购置,14,个,常规,,,J-05,2,,,个,,14,个,,
三角烧瓶（广口）,J4,玻璃仪器,南通诚记化工,,250ml,,,,购置,2,个,常规,,,J-05,2,,,个,,2,个,,
三角烧瓶（广口）,J4,玻璃仪器,南通诚记化工,,500ml,,,,购置,3,个,常规,,,J-05,2,,,个,,3,个,,
三角烧瓶（广口细口）,J4,玻璃仪器,南通诚记化工,,150ml,,,,购置,3,个,常规,,,J-05,2,,,个,,3,个,,
白容量瓶,J4,玻璃仪器,南通诚记化工,,10ml,,,,购置,5,个,常规,,,J-05,3,,,个,,5,个,,
白容量瓶,J4,玻璃仪器,南通诚记化工,,250ml,,,,购置,2,个,常规,,,J-05,3,,,个,,2,个,,
白容量瓶,J4,玻璃仪器,南通诚记化工,,500ml,,,,购置,6,个,常规,,,J-05,3,,,个,,6,个,,
白容量瓶,J4,玻璃仪器,南通诚记化工,,1000ml,,,,购置,6,个,常规,,,J-05,3,,,个,,6,个,,
白色容量瓶,J4,玻璃仪器,南通诚记化工,,2L,,,,购置,8,个,常规,,,J-05,3,,,个,,8,个,,
直型冷凝管,J4,玻璃仪器,南通诚记化工,,300mm,,,,购置,3,支,常规,,,J-05,4,MYM-210416-QJW-J4-004,2,支,,1,支,,
直型冷凝管,J4,玻璃仪器,南通诚记化工,,500mm,,,,购置,2,支,常规,,,J-05,4,,,支,,2,支,,
蛇形冷凝管,J4,玻璃仪器,南通诚记化工,,300mm,,,,购置,1,支,常规,,,J-05,4,MYM-210416-QJW-J4-003,1,支,,,支,,
球形冷凝管,J4,玻璃仪器,南通诚记化工,,500mm,,,,购置,3,支,常规,,,J-05,4,,,支,,3,支,,
碱式滴定管,J4,玻璃仪器,南通诚记化工,,50ml白、棕,,,,购置,16,支,常规,白8棕8,,J-05,4,PXQ-250515-YZH-J4-001,1,支,,15,支,,20250515领用1支白色滴定管
碱式滴定管,J4,玻璃仪器,南通诚记化工,,50ml棕,,WWY-231229-ZHD-J4-001,,购置,1,支,常规,棕1,,J-05,4,,,支,,1,支,,
碱式滴定管,J4,玻璃仪器,南通诚记化工,,25ml白、棕,,,,购置,15,支,常规,白7棕8,,J-05,4,,,支,,15,支,,
酸式滴定管,J4,玻璃仪器,南通诚记化工,,50ml白、棕,,,,购置,10,支,常规,白4棕4,,J-05,4,MYM-211104-LJ-J4-001,2,支,,8,支,,
酸式滴定管,J4,玻璃仪器,南通诚记化工,,25ml白、棕,,WYH-251119-WYH-J6-016,,购置,15,支,常规,白8棕7,,J-05,4,MYM-230524-CJF-J4-007,2,支,,15,支,,原先13支，2025.11.19日返还入库2支
白聚四氟乙烯旋塞滴定管,J4,玻璃仪器,南通诚记化工,,25ml,,,,购置,1,个,常规,,,J-05,4,,,个,,1,个,,
酸碱通用滴定管,J4,玻璃仪器,泰州市众星教学设备有限公司,,10ml,,,,购置,3,个,常规,,,J-05,4,,,个,,3,个,,
座式微量滴定管,J4,玻璃仪器,南通诚记化工,,10ml,,,,购置,4,个,常规,,,J-04,0,,,个,,4,个,,
具塞圆底刻度试管,J4,玻璃仪器,南通诚记化工,,10ml,,,,购置,20,个,常规,,,J-04,1,,,个,,20,个,,
具塞圆底刻度试管,J4,玻璃仪器,南通诚记化工,,25ml,,,,购置,18,个,常规,,,J-04,1,,,个,,18,个,,
具塞圆底刻度试管,J4,玻璃仪器,南通诚记化工,,50ml,,,,购置,11,个,常规,,,J-04,1,,,个,,11,个,,
具塞比色管,J4,玻璃仪器,南通诚记化工,,10ml,,,,购置,165,个,常规,,,J-04,1,MYM-200508-MYM-J4-004；MYM-201208-SCL-J4-003；MYM-210525-QJW-J4-002,69,个,,96,个,,
具塞比色管,J4,玻璃仪器,南通诚记化工,,25ml,,,,购置,87,个,常规,,,J-04,1,MYM-201229-SCL-J4-003；MYM-210422-QIW-J4-004；MYM-211020-LJ-J4-003；MYM-230111-CJF-J4-001；MYM-230524-CJF-J4-004,67,个,,20,个,,
具塞比色管,J4,玻璃仪器,南通诚记化工,,50ml,,,,购置,108,个,常规,,,J-04,1,MYM-200512-CYX-J4-002;MYM-201229-SCL-J4-002；MYM-210406-QJW-J4-001;MYM-210517-QJW-J4-001;MYM-210525-QJW-J4-001；MYM-210816-QJW-J4-003；MYM-211018-LJ-J4-001,98,个,,10,个,,
具塞比色管,J4,玻璃仪器,南通诚记化工,,100ml,,,,购置,132,个,常规,,,J-04,1,MYM-201229SCL-J4-004;MYM-210420-QJW-J4-002;MYM-210525-QJW-J4-003,48,个,,84,个,,
玻璃培养皿,J4,玻璃仪器,南通诚记化工,,90mm,,,,购置,10,个,常规,,,J-04,2,MYM-210412-QJW-J4-001,10,个,,,个,,
玻璃培养皿,J4,玻璃仪器,南通诚记化工,,120mm,,,,购置,20,个,常规,,,J-04,2,,,个,,20,个,,
烧杯          ,J4,玻璃仪器,南通诚记化工,,50ml,,,,购置,10,个,常规,,,J-04,2,,,个,,10,个,,
烧杯          ,J4,玻璃仪器,蜀牛玻璃实验仪器商场,,100ml,,,,购置,9,个,常规,,,J-04,2,MYM-230524-CJF-J4-005,2,个,,7,个,,
烧杯          ,J4,玻璃仪器,南通诚记化工,,250ml,,,,购置,25,个,常规,低型13高型6,,J-04,2,MYM-211110-LJ-J4-015;MYM-230524-CJF-J4-006,6,个,,19,个,,
烧杯          ,J4,玻璃仪器,南通诚记化工,,600ml,,,,购置,15,个,常规,,,J-04,2,MYM-211110-LJ-J4-016,4,个,,11,个,,
烧杯            ,J4,玻璃仪器,蜀牛玻璃实验仪器商场,,1000ml,,,,购置,1,个,常规,,,J-04,2,,,个,,1,个,,
烧杯          ,J4,玻璃仪器,南通诚记化工,,2000ml,,,,购置,4,个,常规,,,J-04,2,CYQ-240919-LMI-J4-001,3,个,,1,个,,
烧杯,J4,玻璃仪器,南通诚记化工,,3000ml,,,,购置,2,个,常规,,,J-04,2,,,个,,2,个,,
平底烧瓶,J4,玻璃仪器,南通诚记化工,,100ml,,,,购置,8,个,常规,,,J-04,3,,,个,,8,个,,
平底烧瓶,J4,玻璃仪器,南通诚记化工,,150ml,,,,购置,5,个,常规,,,J-04,3,,,个,,5,个,,
平底烧瓶,J4,玻璃仪器,南通诚记化工,,250ml,,,,购置,15,个,常规,,,J-04,3,ZHD-231229-WWY-J4-001,2,个,,13,个,,
平底烧瓶,J4,玻璃仪器,南通诚记化工,,500ml,,,,购置,8,个,常规,,,J-04,3,,,个,,8,个,,
平底烧瓶,J4,玻璃仪器,,,,,WWY-231229-ZHD-J4-002,,购置,2,个,常规,,,J-04,3,,,,,2,个,,
平底烧瓶,J4,玻璃仪器,南通诚记化工,,1000ml,,,,购置,6,个,常规,,,J-04,3,,,个,,6,个,,
抽滤瓶,J4,玻璃仪器,南通诚记化工,,500ml,,,,购置,3,个,常规,,,J-04,3,,,个,,3,个,,
抽滤瓶,J4,玻璃仪器,南通诚记化工,,1000ml,,,,购置,2,个,常规,,,J-04,3,,,个,,2,个,,
球形分液漏斗,J4,玻璃仪器,南通诚记化工,,500ml,,,,购置,8,个,常规,,,J-04,3,MYM-210913-RL-J4-001,8,个,,,个,,
蒸馏烧瓶,J4,玻璃仪器,南通诚记化工,,250ml,,,,购置,5,个,常规,,,J-04,4,,,个,,5,个,,
蒸馏烧瓶,J4,玻璃仪器,南通诚记化工,,500ml,,,,购置,5,个,常规,,,J-04,4,,,个,,5,个,,
圆底烧瓶,J4,玻璃仪器,南通诚记化工,,100ml,,,,购置,3,个,常规,,,J-04,4,,,个,,3,个,,
圆底烧瓶(长颈）,J4,玻璃仪器,南通诚记化工,,250ml长颈、短颈,,,,购置,7,个,常规,长4短3,,J-04,4,,,个,,7,个,,
圆底烧瓶,J4,玻璃仪器,南通诚记化工,,500ml,,,,购置,4,个,常规,,,J-04,4,MYM-210401-QJW-J4-004,1,个,,3,个,,
圆底烧瓶,J4,玻璃仪器,南通诚记化工,,1000ml,,,,购置,5,个,常规,,,J-04,4,,,个,,5,个,,
圆底烧瓶,J4,玻璃仪器,南通诚记化工,,2000ml,,,,购置,3,个,常规,,,J-04,4,,,个,,3,个,,
梨形烧瓶,J4,玻璃仪器,南通诚记化工,,50ml,,,,购置,3,个,常规,,,J-04,4,,,个,,3,个,,
梨形烧瓶,J4,玻璃仪器,南通诚记化工,,100ml,,,,购置,3,个,常规,,,J-04,4,,,个,,3,个,,
梨形烧瓶,J4,玻璃仪器,南通诚记化工,,250ml,,,,购置,3,个,常规,,,J-04,4,,,个,,3,个,,
定氮烧瓶(梨形),J4,玻璃仪器,南通诚记化工,,500ml,,,,购置,5,个,常规,,,J-04,4,,,个,,5,个,,
称量瓶（低型）,J4,玻璃仪器,南通诚记化工,,40*25mm,,,,购置,6,个,常规,,,J-02,3,PXQ-250512-YZH-J2-001,2,个,,4,个,,
称量瓶（低型）,J4,玻璃仪器,南通诚记化工,,70*35mm,,,,购置,2,个,常规,,,J-02,3,MYM-201112-KAP-J4-002,2,个,,,个,,
称量瓶（高型）,J4,玻璃仪器,南通诚记化工,,30*60mm,,,,购置,10,个,常规,,,J-02,3,,,个,,10,个,,
称量瓶（高型）,J4,玻璃仪器,南通诚记化工,,35*70mm,,,,购置,10,个,常规,,,J-02,3,,,个,,10,个,,
称量瓶（高型）,J4,玻璃仪器,南通诚记化工,,40*70mm,,,,购置,10,个,常规,,,J-02,3,,,个,,10,个,,
酒精灯,J4,玻璃仪器,,,250mm,,,,购置,9,个,常规,,,J-02,2,,,个,,9,个,,
结晶碗（玻璃蒸发皿）,J4,玻璃仪器,盐城超宇,,,,,,购置,5,只,常规,,,J-02,2,,,只,,5,只,,
结晶杯（石英坩埚）,J4,玻璃仪器,盐城超宇,,,,,,购置,2,只,常规,,,J-02,2,,,只,,2,只,,
棕色样品瓶,J4,玻璃仪器,,,5ml,,,,购置,6,个,常规,,,J-02,2,MYM-200326-SCL-J4-002,6,个,,,个,,
棕色样品瓶,J4,玻璃仪器,,,40ml,,,,购置,2,个,常规,,,J-02,2,MYM-200326-SCL-J4-001,2,个,,,个,,
表面皿,J4,玻璃仪器,南通诚记化工,,120mm,,,,购置,15,个,常规,,,J-02,3,MYM-200702-PDJ-J4-001,1,个,,14,个,,
表面皿,J4,玻璃仪器,南通诚记化工,,150mm,,,,购置,20,个,常规,,,J-02,3,,,个,,20,个,,
砂芯坩埚,J4,玻璃仪器,南通诚记化工,,30ml-1-3#,,,,购置,15,个,常规,,,J-02,3,,,个,,15,个,,
75度蒸馏转接头,J4,玻璃仪器,南通诚记化工,,24/29,,,,购置,3,套,常规,,,J-02,3,,,套,,3,套,,
75度蒸馏转弯头,J4,玻璃仪器,南通诚记化工,,24/29；19/26,,,,购置,2,个,常规,,,J-02,3,,,个,,2,个,,
三口连接管,J4,玻璃仪器,南通诚记化工,,19*4，19/26；24*4，24/29,,,,购置,4,根,常规,各2个,,J-02,3,,,根,,4,根,,
牛角管,J4,玻璃仪器,南通诚记化工,,,,,,购置,4,根,常规,,,J-02,3,,,根,,4,根,,
玻璃三通,J4,玻璃仪器,南通诚记化工,,,,,,购置,2,个,常规,,,J-02,3,,,个,,2,个,,
结晶皿,J4,玻璃仪器,南通诚记化工,,15cm,,,,购置,2,个,常规,,,J-02,3,MYM-22054-MYM-J4-001,2,个,,,个,,
直形滴管,J4,玻璃仪器,南通诚记化工,,90mm,,,,购置,20,根,常规,,,J-02,3,CYQ-240805-LMI-J4-001,10,根,,10,根,,
具螺纹口试管（黑色盖子）,J4,玻璃仪器,南通诚记化工,,16*100mm/16*180mm,,,,购置,20,个,常规,各10个,,J-02,3,,,个,,20,个,,
发酵试管/小倒管,J4,玻璃仪器,南通诚记化工,,小，厚/小，薄,,,,购置,31,根,常规,厚16薄15,,J-02,3,,,根,,31,根,,
发酵试管/小倒管,J4,玻璃仪器,南通诚记化工,,中，厚/中，薄,,,,购置,29,根,常规,厚14薄15,,J-02,3,,,根,,29,根,,
平口试管,J4,玻璃仪器,南通诚记化工,,20*200mm  / 18*180mm,,,,购置,45,个,常规,大15小30,,J-02,3,MYM-200911-SCL--J4-001,30,个,,15,个,,
平口刻度试管,J4,玻璃仪器,,,50ml,,,,购置,10,个,常规,,,J-02,3,,,个,,10,个,,
玻璃比色皿,J4,玻璃仪器,,,10㎜,,,,购置,1,只,常规,,,J-02,3,MYM-200724-SCL-J4-001,1,只,,,只,,
玻璃比色皿,J4,玻璃仪器,,,20㎜,,,,购置,10,只,常规,,,J-02,3,MYM-200522-SHY-J4-003；MYM-211109-LJ-J4-001,3,只,,7,只,,
玻璃比色皿,J4,玻璃仪器,,,30㎜,,,,购置,9,只,常规,,,J-02,3,MYM-200724-SCL-J4-002；MYM-201208-SCL-J4-005；MYM-210303-SCL-J4-001；MYM-210816-J4-002；MYM-220110-WJS-J4-002,6,只,,3,只,,
石英比色皿,J4,玻璃仪器,,,10㎜,,,,购置,1,只,常规,,,J-02,3,,,只,,1,只,,
石英比色皿,J4,玻璃仪器,姜堰科达,,50㎜,,,,购置,1,只,常规,,,J-02,3,,,只,,1,只,,
大包式采样管,J4,玻璃仪器,南通诚记化工,,10ml白色、棕色,,,,购置,8,个,常规,白5棕3,,J-02,4,,,个,,8,个,,
小包式采样管,J4,玻璃仪器,南通诚记化工,,5ml白色，棕色,,,,购置,20,个,常规,白10棕10,,J-02,4,,,个,,20,个,,
U型多孔玻板吸收管,J4,玻璃仪器,南通诚记化工,,10ml白色,,,,购置,3,个,常规,,,J-02,4,,,个,,3,个,,
U型多孔玻板吸收管,J4,玻璃仪器,南通诚记化工,,10ml白色,,WWY-231229-ZHD-J4-003,,购置,1,个,常规,,,J-02,4,,,个,,1,个,,
U型多孔玻板吸收管,J4,玻璃仪器,盐城超宇,,50ml棕,,,,购置,30,个,常规,,,J-02,4,MYM-211123-LJ-J4-001,18,个,,12,个,,
撞击式气体采样器,J4,玻璃仪器,南通诚记化工,,10ml棕色,,,,购置,4,个,常规,,,J-02,4,,,个,,4,个,,
白色小型气泡吸收管（小包）,J4,玻璃仪器,盐城超宇,,5ml/14*2、白色,,,,购置,9,只,常规,,,J-02,4,,,只,,9,只,,
大型气泡吸收管,J4,玻璃仪器,盐城超宇,,10ml白色、棕色,,,,购置,49,只,常规,白1棕48,,J-02,4,ZHD-231229-WWY-J4-002、SYY-250827-ZFY-J4-001,2,只,,47,只,,
棕色大型气泡吸收管,J4,玻璃仪器,盐城超宇,,10ml,,,,购置,1,只,常规,,,J-02,4,,,只,,1,只,,
白色冲击式吸收管,J4,玻璃仪器,盐城超宇,,10ml,,,,购置,3,只,常规,,,J-02,4,,,只,,3,只,,
二氧化硫吸收瓶,J4,玻璃仪器,盐城超宇,,50ml,,,,购置,1,只,常规,,,J-02,4,,,只,,1,只,,
硫化氢吸收管,J4,玻璃仪器,,,,,,,购置,3,只,常规,,,J-02,4,,,只,,3,只,,
微量定氮蒸馏器,J4,玻璃仪器,南通诚记化工,,凯氏６件,,,,购置,2,套,常规,不确定是否完整,,J-02,5,,,套,,2,套,,
凯氏专用球形冷凝管,J4,玻璃仪器,南通诚记化工,,300mm,,,,购置,1,个,常规,凯式氮专用,,J-02,5,,,个,,1,个,,
镉柱还原装置,J4,玻璃仪器,,,2个一套,,,,购置,4,套,常规,1套有破损,,J-02,5,,,套,,4,套,,
索氏萃取器,J4,玻璃仪器,蜀牛玻璃实验仪器商场,,250ml,,,,购置,4,套,常规,,,J-02,5,,,套,,4,套,,
刻度移液管,J4,玻璃仪器,南通诚记化工,,0.1ml,,,,购置,11,根,常规,直的,,J-03,2,,,根,,11,根,,
刻度移液管,J4,玻璃仪器,南通诚记化工,,0.2ml,,,,购置,4,根,常规,,,J-03,2,,,根,,4,根,,
刻度移液管,J4,玻璃仪器,南通诚记化工,,0.5ml,,,,购置,8,根,常规,,,J-03,2,MYM-210520-QJW-J4-001,1,根,,7,根,,
刻度移液管,J4,玻璃仪器,姜堰科达,,1ml,,,,购置,4,根,常规,,,J-03,2,MYM-200702-SHY-J4-002,2,根,,2,根,,
刻度移液管,J4,玻璃仪器,南通诚记化工,,2ml,,,,购置,8,根,常规,,,J-03,2,MYM-211110-LJ-J4-010,2,根,,6,根,,
刻度移液管,J4,玻璃仪器,南通诚记化工,,5ml,,,,购置,12,根,常规,,,J-03,2,YM-211110-LJ-J4-009,4,根,,8,根,,
刻度移液管,J4,玻璃仪器,南通诚记化工,,10ml,,,,购置,8,根,常规,,,J-03,2,MYM-200702-SHY-J4-003；MYM-211110-LJ-J4-011;MYM-221206-CJF-J4-004,6,根,,2,根,,
刻度移液管,J4,玻璃仪器,南通诚记化工,,25ml,,,,购置,4,根,常规,,,J-03,2,,,根,,4,根,,
刻度移液管,J4,玻璃仪器,南通诚记化工,,50ml,,,,购置,1,根,常规,,,J-03,2,,,根,,1,根,,
玻璃棒,J4,玻璃仪器,南通诚记化工,,长、短,,,,购置,16,个,常规,长9短3,,J-03,2,MYM-211110-LJ-J4-001,4,个,,12,个,,
塑料试管架,J4,玻璃仪器,,,15孔,,,,购置,3,个,常规,,,J-03,2,MYM-201208-KAP-J6-002,1,个,,2,个,,
有机玻璃比色管架,J4,玻璃仪器,,,12孔/50ml，10孔,,,,购置,9,个,常规,分别6和2个,,J-03,2,MYM-210104-SCL-J4-002,1,个,,8,个,,
移液管架,J4,玻璃仪器,蜀牛玻璃实验仪器商场,,18孔,,,,购置,10,个,常规,,,J-03,2,MYM-211118-LJ-J4-001,1,个,,9,个,,
单标移液管,J4,玻璃仪器,南通诚记化工,,1ml,,,,购置,10,根,常规,小胖肚,,J-03,3,MYM-201202-SCL-J4-005；MYM-211110-LJ-J4-007;MYM-221206-CJF-J4-002,7,根,,3,根,,
单标移液管,J4,玻璃仪器,南通诚记化工,,2ml,,,,购置,18,根,常规,小胖肚,,J-03,3,MYM-200713-SCL-J4-003；MYM-211110-LJ-J4-005,4,根,,14,根,,
单标移液管,J4,玻璃仪器,南通诚记化工,,3ml,,,,购置,21,根,常规,小胖肚,,J-03,3,MYM-211110-LJ-J4-004,2,根,,19,根,,
单标移液管,J4,玻璃仪器,南通诚记化工,,5ml,,,,购置,8,根,常规,小胖肚,,J-03,3,MYM-211110-LJ-J4-006,2,根,,6,根,,
单标移液管,J4,玻璃仪器,南通诚记化工,,10ml,,,,购置,9,根,常规,小胖肚,,J-03,3,,,根,,9,根,,
单标移液管,J4,玻璃仪器,南通诚记化工,,15ml,,,,购置,11,根,常规,小胖肚,,J-03,3,,,根,,11,根,,
单标移液管,J4,玻璃仪器,南通诚记化工,,20ml,,,,购置,10,根,常规,小胖肚,,J-03,3,MYM-211110-LJ-J4-008,2,根,,8,根,,
单标移液管,J4,玻璃仪器,南通诚记化工,,25ml,,,,购置,6,根,常规,小胖肚,,J-03,3,MYM-211110-LJ-J4-003,2,根,,4,根,,
单标移液管,J4,玻璃仪器,南通诚记化工,,50ml,,,,购置,10,根,常规,小胖肚,,J-03,3,MYM-211110-LJ-J4-002;MYM-221206-CJF-J4-003,2,根,,8,根,,
量筒,J4,玻璃仪器,南通诚记化工,,10ml,,,,购置,4,个,常规,,,J-03,3,,,个,,4,个,,
量筒,J4,玻璃仪器,南通诚记化工,,25ml,,,,购置,3,个,常规,,,J-03,3,MYM-201202-SCL-J4-002,1,个,,2,个,,
量筒,J4,玻璃仪器,南通诚记化工,,50ml,,,,购置,2,个,常规,,,J-03,3,MYM-201202-SCL-J4-003,1,个,,1,个,,
量筒,J4,玻璃仪器,南通诚记化工,,100ml,,,,购置,5,个,常规,,,J-03,3,MYM-20072-SHY-J4-004;MYM-201202-SCL-J4-004；MYM-211110-LJ-J4-012,3,个,,2,个,,
量筒,J4,玻璃仪器,南通诚记化工,,250ml，200ml,,,,购置,7,个,常规,,,J-03,3,MYM-211110-LJ-J4-013,1,个,,6,个,,
量筒,J4,玻璃仪器,南通诚记化工,,500ml,,,,购置,1,个,常规,,,J-03,3,,,个,,1,个,,
2ml棕色玻璃瓶+实心盖子,J4,玻璃仪器,,,90046+90038,,,,购置,71,个,常规,实际是1.5ml的，没有盖子,,J-07,2,MYM-200927-SCL-J4-004,71,个,,,个,,
微量进样器,J4,玻璃仪器,南通诚记化工,,1ul,,,,购置,8,个,常规,,,J-08,3,,,个,,8,个,,
微量进样器,J4,玻璃仪器,南通诚记化工,,5ul,,,,购置,7,个,常规,,,J-08,3,MYM-230313-CJF-J4-004,1,个,,6,个,,
微量进样器,J4,玻璃仪器,南通诚记化工,,25ul,,,,购置,1,个,常规,,,J-08,3,,,个,,1,个,,
微量进样器,J4,玻璃仪器,南通诚记化工,,50ul,,,,购置,1,个,常规,,,J-08,3,,,个,,1,个,,
微量进样器,J4,玻璃仪器,南通诚记化工,,100ul,,,,购置,3,个,常规,,,J-08,3,,,个,,3,个,,
微量进样器,J4,玻璃仪器,南通诚记化工,,500ul,,,,购置,4,个,常规,,,J-08,3,,,个,,4,个,,
微量进样器,J4,玻璃仪器,,,1000ul,,,,购置,2,个,常规,,,J-08,3,,,个,,2,个,,
土壤比重计,J4,玻璃仪器,衡水斯菲尔,,0-60,,,,购置,1,支,常规,,,J-03,3,,,支,,1,支,,
比重计,J4,玻璃仪器,南通诚记化工,,0.6-0.7,,,,购置,1,个,常规,,,J-03,3,,,个,,1,个,,
比重计,J4,玻璃仪器,南通诚记化工,,0.9-1.0,,,,购置,1,个,常规,,,J-03,3,,,个,,1,个,,
比重计,J4,玻璃仪器,南通诚记化工,,1.5-1.6,,,,购置,1,个,常规,,,J-03,3,,,个,,1,个,,
比重计,J4,玻璃仪器,南通诚记化工,,1.6-1.7,,,,购置,1,个,常规,,,J-03,3,,,个,,1,个,,
比重计,J4,玻璃仪器,南通诚记化工,,1.7-1.8,,,,购置,1,个,常规,,,J-03,3,,,个,,1,个,,
密度计,J4,玻璃仪器,南通诚记化工,,0.8-0.9,,,,购置,1,个,常规,,,J-03,3,,,个,,1,个,,
密度计,J4,玻璃仪器,南通诚记化工,,1.3-1.4,,,,购置,1,个,常规,,,J-03,3,,,个,,1,个,,
密度计,J4,玻璃仪器,南通诚记化工,,1.4-1.5,,,,购置,1,个,常规,,,J-03,3,,,个,,1,个,,
水银温度计,J4,玻璃仪器,,,0~100℃,,,,购置,1,根,常规,,,J-03,3,,,根,,1,根,,
水银温度计,J4,玻璃仪器,,,­50~50℃,,,,购置,1,根,常规,,,J-03,3,,,根,,1,根,,
水银温度计,J4,玻璃仪器,南通诚记化工,,0-300℃,,,,购置,6,根,常规,,,J-03,3,,,根,,6,根,,
盖玻片,J4,玻璃仪器,南通诚记化工,,24*24mm，100片/盒,,,,购置,21,盒,常规,,,J-07,4,MYM-201027-KAP-J4-003,4,盒,,17,盒,,
载玻片,J4,玻璃仪器,南通诚记化工,,磨砂边，25.4*76.2mm，50片/盒,,,,购置,16,盒,常规,,,J-07,4,,,盒,,16,盒,,
玻璃注射器（无针头）,J4,玻璃仪器,南通诚记化工,,1ml,,,,购置,6,个,常规,,,J-03,3,,,个,,6,个,,
玻璃注射器（无针头）,J4,玻璃仪器,南通诚记化工,,5ml,,,,购置,16,个,常规,,,J-03,3,,,个,,16,个,,
玻璃注射器（无针头）,J4,玻璃仪器,南通诚记化工,,10ml,,,,购置,11,个,常规,,,J-03,3,,,个,,11,个,,
玻璃注射器（无针头）,J4,玻璃仪器,南通诚记化工,,50ml,,,,购置,5,个,常规,,,J-03,3,,,个,,5,个,,
棕色U形多孔玻璃吸收管,J4,玻璃仪器,,,75ml,,LYG-190710-MYM-JC04-003,,购置,60,只,常规,,,J-02,2,MYM-210506-QJW-J4-008;MYM-210520-QJW-J4-020,16,只,,44,只,,
石英比色皿,J4,玻璃仪器,,,30㎜,,LYG-191028-MYM-JC04-001,,购置,2,只,常规,,,J-02,3,MYM-191028-SHY-JC04-001；MYM-211110-LJ-J4-014,2,只,,,只,,
玻璃漏斗,J4,玻璃仪器,,,90㎜,,LYG-191107-MYM-JC04-001,,购置,30,只,常规,,,J-06,4,,,只,,30,只,,
微量进样器,J4,玻璃仪器,,,10微升,,LYG-191216-MYM-JC04-001,,购置,5,根,常规,,,J-08,3,MYM-191216-SCL-JC04-001；MYM-200616-SCL-J6-003;MYM-2009027-SCL-J4-003,4,根,,1,根,,
微量进样器,J4,玻璃仪器,,,50微升,,LYG-191216-MYM-JC04-002,,购置,3,根,常规,,,J-08,3,,,根,,3,根,,
臭气采样瓶,J4,玻璃仪器,,,10L，玻璃,,,,购置,9,只,常规,,,105,,WYH-251122-YZH-J4-001,9,只,,,只,,
氮氧化物采样管,J4,玻璃仪器,,,,刘静安提供,LJA-200314-MYM-J4-001；WYH-251119-WYH-J4-003,,返还,24,支,常规,,,J-02,4,,,支,,24,支,,2025.11.19日返还入库6个
棕色广口瓶,J4,玻璃仪器,,,1000ml,实验室返还,SCL-200415-MYM-J4-001,,返还,8,只,常规,,,J-03,4,,,只,,8,只,,
白色广口瓶,J4,玻璃仪器,,,1000ml,实验室返还,SCL-200415-MYM-J4-002,,返还,1,只,常规,,,J-03,4,,,只,,1,只,,
棕色广口瓶,J4,玻璃仪器,,,500ml,实验室返还,SCL-200415-MYM-J4-003,,返还,10,只,常规,,,J-03,4,,,只,,10,只,,
白色广口瓶,J4,玻璃仪器,,,500ml,实验室返还,SCL-200415-MYM-J4-004,,返还,2,只,常规,,,J-03,4,,,只,,2,只,,
棕色广口瓶,J4,玻璃仪器,,,250ml,实验室返还,SCL-200415-MYM-J4-005,,返还,12,只,常规,,,J-03,4,MYM-210104-SCL-J4-003,3,只,,9,只,,
白色广口瓶,J4,玻璃仪器,,,250ml,实验室返还,SCL-200415-MYM-J4-006,,返还,15,只,常规,,,J-03,4,,,只,,15,只,,
白色广口瓶,J4,玻璃仪器,,,125ml,实验室返还,SCL-200415-MYM-J4-007,,返还,8,只,常规,,,J-03,4,,,只,,8,只,,
棕色小口瓶,J4,玻璃仪器,,,60ml,实验室返还,SCL-200415-MYM-J4-008,,返还,11,只,常规,,,J-03,4,,,只,,11,只,,
棕色小口瓶,J4,玻璃仪器,,,125ml,实验室返还,SCL-200415-MYM-J4-009,,返还,8,只,常规,,,J-03,4,,,只,,8,只,,
棕色小口瓶,J4,玻璃仪器,,,250ml,实验室返还,SCL-200415-MYM-J4-010,,返还,13,只,常规,,,J-03,4,,,只,,13,只,,
棕色小口瓶,J4,玻璃仪器,,,500ml,实验室返还,SCL-200415-MYM-J4-011,,返还,1,只,常规,,,J-03,4,,,只,,1,只,,
白色小口瓶,J4,玻璃仪器,,,500ml,实验室返还,SCL-200415-MYM-J4-012,,返还,6,只,常规,,,J-03,4,,,只,,6,只,,
棕色冲击式吸收管,J4,玻璃仪器,天博,,75mL,,LYG-200628-MYM-J4-001,,购置,20,只,常规,,,,,MYMN-200628-SCL-J4-001,20,只,,,只,,
铝灯,J4,玻璃仪器,,,,,LYG-200628-MYM-J4-002,,购置,1,只,常规,,,,,MYMN-200628-SCL-J4-002,1,只,,,只,,
小导管（发酵管）,J4,玻璃仪器,,,6*30㎜，50只/包,,XMY-200702-MYM-J4-004,,购置,5,包,常规,,,J-02,3,MYM-200729-CYX-J4-001,2,包,,3,包,,
卷边圆口圆底玻璃试管,J4,玻璃仪器,海门市超博实验器材厂,,40*190㎜/150ml,,XMY-2000729-MYM-J4-001,,购置,6,只,常规,,,,,MYM-200730-SCL-J4-001,6,只,,,只,,
配套试管架,J4,玻璃仪器,海门市超博实验器材厂,,,,XMY-2000729-MYM-J4-002,,购置,1,只,常规,,,,,MYM-200730-SCL-J4-002,1,只,,,只,,
配套硅胶塞,J4,玻璃仪器,海门市超博实验器材厂,,,,XMY-2000729-MYM-J4-003,,购置,6,只,常规,,,,,MYM-200730-SCL-J4-003,6,只,,,只,,
棕色具塞比色管,J4,玻璃仪器,,,25ml,,XMY-200801-MYM-J4-002,,购置,23,只,常规,,,,,MYM-200801-CYX-J4-002,23,只,,,只,,
锑灯,J4,玻璃仪器,,,波长231.2,,XMY-200901-MYM-J4-003,,购置,1,只,常规,,,,,MYM-200901-CYX-J4-003,1,只,,,只,,
球形抽气管,J4,玻璃仪器,,,,,YFG-201130-MYM-J4-001,,购置,1,只,常规,,,,,MYM-201201-SCL-J4-001,1,只,,,只,,
玻璃漏斗,J4,玻璃仪器,,,φ60㎜,,YFG-201221-MYM-J4-001,,购置,49,只,常规,,,J-06,4,MYM-201221-SCL-J4-003；MYM-220110-WJS-J4-001,22,只,,27,只,,
紫外钨灯灯泡,J4,玻璃仪器,,,,,YFG-210127-MYM-J4-001,,购置,1,只,常规,,,J-07,2,MYM-210127-SCL-J4-001,1,只,,,只,,
紫外钨灯灯泡,J4,玻璃仪器,,,,,YFG-210204-MYM-J4-001,,购置,1,只,常规,,,J-07,2,MYM-210517-QJW-J4-002,1,只,,,只,,
玻璃梨形分液漏斗,J4,玻璃仪器,,,250ml,,YFG-210625-MYM-J4-001,,购置,13,只,常规,,,,,MYM-210702-QJW-J4-002,13,只,,,只,,
棕色玻璃瓶,J4,玻璃仪器,,,40毫升,,YFG-210915-MYM-J4-001,,购置,50,个,常规,,,,,MYM-210915-ZX-J4-001,50,个,,,个,,
棕色样品瓶,J4,玻璃仪器,,,40ml,,QDJ-220111-MYM-J4-001,,返还,50,个,常规,,,J-02,3,,,个,,50,个,,
坩埚式过滤器,J4,玻璃仪器,南通诚记化工,,30ml,,,,其它,9,个,常规,,,J-02,3,,,个,,9,个,,
气泡刻度吸收管,J4,玻璃仪器,,,10ml,,MYM-220613-MYM-J4-001；WYH-251119-WYH-J4-005,,返还,19,支,常规,,,J-02,4,,,支,,19,支,,原有18支，20251119返还入库1支
砂芯坩埚,J4,玻璃仪器,上海玻璃厂,,30ml,,MYM-220613-MYM-J4-002,,返还,7,只,常规,,,J-02,3,,,只,,7,只,,
钢化煲,J4,玻璃仪器,波匠,,2.5L,,CJF231025-CJF-J4-001,,返还,1,个,常规,,,J-02,3,,,个,,1,个,,
玻璃砂芯过滤装置,J4,玻璃仪器,高德玻璃仪器耗材,,1000ml,,CJM-240719-CYQ-J4-001,,购置,1,套,常规,,,,,CYQ-240719-LMI-J4-001,1,套,,,套,,
紫外灯管,J4,玻璃仪器,尚吉光,,120cm,,YHQ-240801-CYQ-J4-001,,购置,2,支,常规,,,,,CYQ-240801-LMI-J4-001,2,支,,,支,,
玻璃比色皿,J4,玻璃仪器,书弗,,30cm两通光（四只装）,,YHQ-240805-CYQ-J4-001,,购置,1,套,常规,,,,,CYQ-240805-LMI-J4-002,1,套,,,套,,
石英比色皿,J4,玻璃仪器,SGKG（扬州益捷实验仪器有限公司）,,10mm，751/722，2只/盒,,KDY-250702-PXQ-J4-001；KDY-250707-PXQ-J4-001,,购置,2,个,常规,,,J-02,3,PXQ-250703-SYY-J4-001,1,个,,1,个,,
具塞衍生瓶,J4,玻璃仪器,淘宝中玻实验玻璃仪器厂,,16ml,,KDY-250704-PXQ-J4-001；KDY-250708-PKF-J4-001,,购置,10,个,常规,盒子,,J-03,1,,,个,,10,个,,
具塞萃取瓶,J4,玻璃仪器,淘宝中玻实验玻璃仪器厂,,50ml,,KDY-250708-PXQ-J4-002；KDY-250712-PXQ-J4-001,,购置,10,个,常规,盒子,,J-03,1,,,个,,10,个,,
微量滴定管,J4,玻璃仪器,江堰市夏南生化器械城,,5ml,,KDY-250714-SYY-J4-001,,购置,1,个,常规,盒子,,J-04,1,SYY-250910-YZH-J4-001,1,个,,,个,,给YZH出库放于212
全玻璃注射器（有轴无套）,J4,玻璃仪器,,,,,WYH-251119-WYH-J4-004,,返还,2,个,常规,,,J-03,3,,,个,,2,个,,
球形冷凝管,J4,玻璃仪器,,,200mm,,WYH-251119-WYH-J6-014,,返还,4,个,常规,,,J-02,5,,,个,,4,个,,黑色架子上
平底烧瓶,J4,玻璃仪器,,,250mL，24/29,,WYH-251119-WYH-J6-015,,返还,3,个,常规,,,J-02,5,,,个,,3,个,,黑色架子上
调温电热器,J6,专用物耗,南通诚记化工,,1kw,,,,购置,1,只,常规,,,J-06,0,,,只,,1,只,,
不锈钢篮子,J6,专用物耗,,,,,,,购置,1,只,常规,,,J-06,0,,,只,,1,只,,
搪瓷盖,J6,专用物耗,南通诚记化工,,20*30cm/11.5寸,,,,购置,3,个,常规,2大1小,,J-06,0,,,个,,3,个,,
移液枪头,J6,专用物耗,,,200ul,,,,购置,4,袋,常规,,,J-01,2,MYM-201019-KAP-J6-002；MYM-220124-MYM-J6-002,4,袋,,,袋,,
移液枪头,J6,专用物耗,,,1ml,,,,购置,3,袋,常规,,,J-01,2,MYM-200122-SHY-JC06-001;MYM-200428-SHY-J6-003；MYM-200708-CYX-J6-001,3,袋,,,袋,,
移液枪头,J6,专用物耗,广州诺玖顺,,5mL,,,,购置,208,支,常规,,,J-01,2,MYM-200522-SHY-J6-004；MYM-210901-RL-J6-006;MYM-210927-LJ-J6-002；ZHD-231129-WWY-J6-002,208,支,,,支,,
移液枪头,J6,专用物耗,,,10ml，50个/包,,,,购置,103,支,常规,,,J-01,2,MYM-210901-RL-J6-005,20,支,,83,支,,
移液枪头架/盒,J6,专用物耗,,,96孔,,,,购置,1,支,常规,,,J-01,2,,,支,,1,支,,
活性炭采样管,J6,专用物耗,,,6*120,,,,购置,2,盒,常规,,,J-01,2,MYM-200401-XP-J6-003；MYM-201012-YQL-J6-001；MYM-201203-YF-J6-002；MYM-210319-YF-J6-004；MYM-210823-ZHL-J6-002,2,盒,,,盒,,
VOCS采样管（不锈钢）,J6,专用物耗,盐城超宇,,6*120,,,,购置,5,只,常规,,,J-01,2,MYM-201203-SCL-J6-006,5,只,,,只,,
GH-1型硅胶采样管,J6,专用物耗,盐城超宇,,6*100,,,,购置,2,只,常规,,,J-01,2,,,只,,2,只,,
GH-1型活性炭采样管,J6,专用物耗,盐城超宇,,6*120,,,,购置,5,只,常规,,,J-01,2,,,只,,5,只,,
CO2硅胶采样管BMILP,J6,专用物耗,盐城超宇,,,,,,购置,7,只,常规,,,J-01,2,,,只,,7,只,,
活性炭采样管BMILP,J6,专用物耗,盐城超宇,,,,,,购置,19,只,常规,,,J-01,2,CJF-231024-QYT-J6-001,3,只,,16,只,,
活性炭采样管BMILP,J6,专用物耗,盐城超宇,,,,WWY-231229-ZHD-J6-001,,购置,3,只,常规,,,J-01,2,,,只,,3,只,,
不锈钢采样管(TENEX),J6,专用物耗,,,,,,,购置,3,只,常规,,,J-01,2,MYM-200608-SCL-J6-004,3,只,,,只,,
橡胶小帽（采样管）,J6,专用物耗,,,,,,,购置,1,袋,常规,,,J-01,2,,,袋,,1,袋,已开封229个,
搅拌子,J6,专用物耗,,,7*15mm/5*10mm,,,,购置,6,个,常规,大2小4,,J-01,2,MYM-210407-QJW-J6-002；MYM-211018-LJ-J6-001,6,个,,,个,,
试管橡胶塞,J6,专用物耗,,,,,,,购置,180,个,常规,,,J-01,2,MYM-200911-SCL-J6-002,26,个,,154,个,,
密封锥形塞子,J6,专用物耗,,,,,,,购置,42,个,常规,,,J-01,2,,,个,,42,个,,
水系过滤头,J6,专用物耗,津腾,,0.45um*25mm,,,,购置,50,个,常规,聚醚砜,,J-01,2,MYM-200508-SCL-J6-003;MYM-200911-SCL-J6-003；MYM-201211-SCL-J6-001,50,个,,,个,,
硅藻土提取柱,J6,专用物耗,南通诚记化工,,20ml,,,,购置,2,个,常规,,,J-01,3,,,个,,2,个,,
偶氮检测专用柱,J6,专用物耗,浏阳市华研,,60ml,,,,购置,36,个,常规,,,J-01,3,,,个,,36,个,,
坩埚,J6,专用物耗,南通诚记化工,,30ml,,,,购置,5,个,常规,,,J-01,3,,,个,,5,个,,
坩埚,J6,专用物耗,南通诚记化工,,50ml,,,,购置,5,个,常规,,,J-01,3,,,个,,5,个,,
古氏过滤坩埚,J6,专用物耗,上海睿齐,,30ml,,,,购置,3,只,常规,,,J-01,3,,,只,,3,只,,
四氟烧杯（PTFE),J6,专用物耗,南通诚记化工,,50ml,,,,购置,1,个,常规,,,J-01,3,,,个,,1,个,,
四氟烧杯（PTFE),J6,专用物耗,南通诚记化工,,250ml,,,,购置,5,个,常规,,,J-01,3,,,个,,5,个,,
研磨钵,J6,专用物耗,南通诚记化工,,130mm,,,,购置,2,套,常规,,,J-01,3,,,套,,2,套,,
称量纸,J6,专用物耗,南通诚记化工,,100*100MM，90*90MM，75*75MM，500张/包,,,,购置,10,包,常规,大6中2小2,,J-01,4,MYM-200811-CYX-J6-001；MYM-210426-QJW-J6-002；MYM-211229-WJS-J6-002；MYM-230719-CJF-J6-002;SYY-250918-YZH-001；SYY-251010-SYY-001,6,包,,4,包,,
玻璃纤维滤膜（测尘滤膜）-职业卫生,J6,专用物耗,盐城超宇,,"φ40mm,100张/盒",,,,购置,11,盒,常规,蓝盖10黄盖1,,J-01,4,,,盒,,11,盒,2024.11.16盘点为10盒,
职业卫生滤膜,J6,专用物耗,,,20mm(白瓶和蓝瓶）,,,,购置,2,盒,常规,绿色与白色,,J-01,4,,,盒,,2,盒,,
乙酸硝酸纤维微孔滤膜-采环境金属,J6,专用物耗,上海兴亚,,92*0.8μm 50片/盒,,,,购置,5,盒,常规,,,J-01,4,,,盒,,5,盒,,
混合纤维微孔滤膜,J6,专用物耗,,,90*0.8μm 50片/盒,,,,购置,1,盒,常规,已用四片,,J-01,4,,,盒,,1,盒,,
混合膜-测ss,J6,专用物耗,,,0.45*50 100片/盒,,,,购置,2,盒,常规,,,J-01,4,MYM-200905-SCL-J6-001；MYM-220112-MYM-J6-010,2,盒,,,盒,,
水系微孔滤膜,J6,专用物耗,桃园,,60*0.45ul/盒,,,,购置,1,盒,常规,,,J-01,4,,,盒,,1,盒,,
玻璃纤维测尘滤膜,J6,专用物耗,,,90um  50片/盒,,,,购置,1,盒,常规,,,J-01,4,MYM-200623-WYP-J6-001,1,盒,,,盒,,
微孔滤膜,J6,专用物耗,上海钰标,,40mm*0.8um 50片/盒,,,,购置,6,盒,常规,,,J-01,4,,,盒,,6,盒,,
醋酸纤维滤膜,J6,专用物耗,,,0.22um*47mm 100张/盒,,,,购置,1,盒,常规,,,J-01,4,,,盒,,1,盒,,
醋酸纤维滤膜,J6,专用物耗,,,0.45um*47mm 100张/盒,,,,购置,1,盒,常规,,,J-01,4,,,盒,,1,盒,,
黄盖无标记滤膜,J6,专用物耗,,,,,,,购置,1,盒,常规,,,J-01,4,,,盒,,1,盒,,
测尘滤膜-丙纶纤维滤膜,J6,专用物耗,,,"φ40mm,100片/盒",,,,购置,1,盒,常规,,,J-01,4,MYM-201109-XMY-J6-001,1,盒,,,盒,,
PH广范试纸,J6,专用物耗,南通诚记化工,,1-14 20本/盒,,,,购置,48,本,常规,,,J-01,4,MYM-200901-CYX-J6-001；MYM-211009-LJ-J6-001,15,本,,33,本,,
PH精密试纸,J6,专用物耗,南通诚记化工,,试纸0.5-5.0、3.8-5.4,,,,购置,9,个,常规,7+2,,J-01,4,,,个,,9,个,,
碘化钾淀粉试纸,J6,专用物耗,上海三爱思/温州华侨,,100张/盒,,,,购置,2,盒,常规,5本/盒,,J-01,4,,,盒,,2,盒,,
蓝石蕊试纸,J6,专用物耗,南通诚记化工/上海睿齐,,100张/盒,,,,购置,11,盒,常规,5本/盒,,J-01,4,,,盒,,11,盒,,
红石蕊试纸,J6,专用物耗,南通诚记化工/上海睿齐,,100张/盒,,,,购置,11,盒,常规,5本/盒,,J-01,4,,,盒,,11,盒,,
定量滤纸,J6,专用物耗,,,12.5  100张/盒,,,,购置,5,盒,常规,,,J-01,4,MYM-200708-CYX-J6-003；MYM-201116-SCL-J6-002;CJF-230814-QYT-J6-001,3,盒,,2,盒,,
定量滤纸,J6,专用物耗,,,12.5  100张/盒,,WWY-231229-ZHD-J6-002,,购置,1,盒,常规,,,J-01,4,,,盒,,1,盒,,
擦镜纸,J6,专用物耗,,,10*15/10*7.7/10*7.5,,,,购置,9,本,常规,大9小7,,J-01,4,,,本,,9,本,,
擦镜纸,J6,专用物耗,,,10*15/10*7.7/10*7.5,,WWY-231229-ZHD-J6-003,,购置,7,本,常规,大9小7,,J-01,4,,,本,,7,本,,
POS机打印纸,J6,专用物耗,,,57mm*30mm，2个/卷,,,,购置,2,卷,常规,热敏纸,,J-01,4,MYM-200424-CYX-J6-001,2,卷,,,卷,,
PE样品袋,J6,专用物耗,,,小（7*10）,,,,购置,300,个,常规,"自封袋,纸箱",,J-01,5,MYM-200328-SCL-J6-002,100,个,,200,个,,
密封袋,J6,专用物耗,,,12*18,,,,购置,180,个,常规,纸箱,,J-01,5,MYM-200711-SXH-J6-001；MYM-200722-PDJ-J6-001,180,个,,,个,,
密封袋,J6,专用物耗,,,10*15,,,,购置,800,个,常规,纸箱,,J-01,5,MYM-201207-YF-J6-003；MYM-210319-MYM-J6-005;MYM-210524-YF-J6-001,700,个,,100,个,,
密封袋,J6,专用物耗,,,9*13,,QHJ-231019-CJF-J6-001,,购置,200,个,常规,纸箱,,J-01,5,MYM-210319-YF-J6-003；MYM-210412-QJW-J6-005；MYM-210701-QJW-J6-002；MYM-210803-QJW-J6-002,0,个,,200,个,,
双面板,J6,专用物耗,,,60孔,,,,购置,10,个,常规,"绿色,纸箱",,J-01,5,,,个,,10,个,,
小黄盒,J6,专用物耗,,,,,,,购置,10,只,常规,"嫩黄色,纸箱",,J-01,5,,,只,,10,只,,
双面板含盖子,J6,专用物耗,,,96孔,,,,购置,10,套,常规,"橘黄,纸箱",,J-01,5,,,套,,10,套,,
沥水架,J6,专用物耗,,,,,,,购置,25,只,常规,"白色,纸箱",,J-01,5,,,只,,25,只,,
进样板,J6,专用物耗,,,孔径12mm,,,,购置,4,个,常规,"蓝色,纸箱",,J-01,5,,,个,,4,个,,
三脚架,J6,专用物耗,,,,,,,购置,9,个,常规,,,J-02,2,,,个,,9,个,,
布氏漏斗,J6,专用物耗,南通诚记化工,,120mm,,,,购置,4,个,常规,,,J-01,3,,,个,,4,个,,
布氏漏斗,J6,专用物耗,南通诚记化工,,80mm,,,,购置,3,个,常规,,,J-01,3,,,个,,3,个,,
玻璃珠,J6,专用物耗,南通诚记化工,,2-3mm,,,,购置,1,袋,常规,,,J-02,3,MYM-211109-LJ-J6-001,1,袋,,,袋,,
圆底坩埚,J6,专用物耗,南通诚记化工,,,,,,购置,2,个,常规,,,J-01,3,,,个,,2,个,,
洗耳球,J6,专用物耗,,,大、中、小,,,,购置,9,个,常规,大2中5小2,,J-01,3,MYM-210128-SCL-J6-002;MYM-210128-SCL-J6-003；MYM-211110-LJ-J6-001；HYI-241105-HYI-J6-001,5,个,,4,个,,
培养皿消毒桶,J6,专用物耗,兴瑞,,90mm,,,,购置,1,个,常规,,,J-03,2,MYM-230313-CJF-J6-002,1,个,,,个,,
不锈钢试管架,J6,专用物耗,兴瑞,,19mm*40孔,,,,购置,1,个,常规,,,J-03,2,MYM-200927-KAO-J6-005,1,个,,,个,,
洁尔灭,J6,专用物耗,,,500ml,,,,购置,6,瓶,常规,,,J-03,4,MYM-210913-RL-J6-003；MYM-220218-MYM-J6-001,6,瓶,,,瓶,,
84消毒液,J6,专用物耗,,,5L,,,,购置,3,瓶,常规,,,J-03、D-01,5、南墙角,,,瓶,,3,瓶,,
硅油,J6,专用物耗,南通诚记化工,,1kg,,,,购置,3,瓶,常规,,,J-03,5,MYM-230203-CJF-J6-001,1,瓶,,2,瓶,,
硅砂（石英砂）,J6,专用物耗,,,40-80目,,,,购置,2.5,kg,常规,,,J-03,5,,,kg,,2.5,kg,,
2ml样品瓶隔垫,J6,专用物耗,,,80011,,,,购置,2,包,常规,红色,,J-07,2,MYM-230407-CJF-J6-001,1,包,,1,包,,
顶空进样瓶垫片,J6,专用物耗,,,18001,,,,购置,1,包,常规,蓝色17.5*1.5,,J-07,2,MYM-200911-SCL-J6-004,1,包,,,包,,
2ml进样小瓶瓶盖,J6,专用物耗,,,,,,,购置,2,包,常规,,,J-07,2,MYM-200911-SCL-J6-005；MYM-210428-QJW-J6-004,2,包,,,包,,
水晶贴纸,J6,专用物耗,,,,,,,购置,1,袋,常规,,,J-07,2,,,袋,,1,袋,,
警示标贴,J6,专用物耗,,,,,,,购置,68,张,常规,,,J-07,2,MYM-200526-SHY-J6-001,10,张,,58,张,,
三角警示标贴,J6,专用物耗,,,,,,,购置,4,个,常规,,,J-07,2,ZHD-231229-WWY-J6-001,4,个,,,个,,
减压器,J6,专用物耗,,,,,,,购置,2,个,常规,JC-QT-1501-015/016,,J-07,2,,2,个,,,个,,
增氧附件（止流阀/气泡石/皮管  ）,J6,专用物耗,,,,,,,购置,1,套,常规,,,J-07,2,MYM-201116-SCL-J6-001,1,套,,,套,,
双联球,J6,专用物耗,,,,,,,购置,1,个,常规,,,J-07,2,,,个,,1,个,,
刷子,J6,专用物耗,,,4寸,,,,购置,1,个,常规,,,J-07,2,,,个,,1,个,,
天平刷,J6,专用物耗,,,,,,,购置,4,个,常规,,,J-07,2,,,个,,4,个,,
压敏胶带,J6,专用物耗,,,2.5*500/0.9*300,,,,购置,19,卷,常规,分别为8和11,,J-07,2,,,卷,,19,卷,,
延时管,J6,专用物耗,,,T3.15A250V,,,,购置,96,个,常规,,,J-07,2,,,个,,96,个,,
鞋套,J6,专用物耗,,,,,,,购置,4,个,常规,,,J-07,2,,,个,,4,个,,
原子荧光泵管,J6,专用物耗,,,1.14*180,,,,购置,5,个,常规,分别为2和3,,J-07,2,MYM-200414-SHY-J6-001；MYM-201109-SCL-J6-003；MYM-210316-SCL-J6-002；MYM-211122-YF-J6-002,4,个,,1,个,,
尼龙绳,J6,专用物耗,,,5米/根,,,,购置,1,个,常规,,,J-07,2,,,个,,1,个,,
绒里手套,J6,专用物耗,,,双发,,,,购置,5,副,常规,,,J-07,5,,,副,,5,副,,
纱布手套,J6,专用物耗,,,,,,,购置,3,副,常规,,,J-07,5,MYM-210809-QJW-J6-001,3,副,,,副,,
医用棉签,J6,专用物耗,,,10cm,,,,购置,27,袋,常规,,,J-07,5,MYM-201223-YF-J6-001；MYM-220907-MYM-J6-002；ZHD-240313-WWY-J6-001,3,袋,,24,袋,,
经济型活性炭口罩,J6,专用物耗,,,50只/袋,,,,购置,2,盒,常规,,,J-07,5,MYM-200601-CYX-J6-003；MYM-200811-CYX-J6-003；,2,盒,,,盒,,
一次性无纺布口罩,J6,专用物耗,,,50只/盒,,,,购置,5.38,盒,常规,,,J-07,5,MYM-200324-SHY-J6-001;MYM-200508-SCL-J6-001；MYM-200811-CYX-J6-002；MYM-210207-SCL-J6-001；MYM-230331-CJF-J6-001；ZHD-231121-WWY-J6-001,5.38,盒,,,盒,,
耐酸碱乳胶手套,J6,专用物耗,,,大号,,,,购置,3,付,常规,,,J-07,5,MYM-210506-QJW-J6-009,3,付,,,付,,
有线防静电手环,J6,专用物耗,,,3m，黄色,,,,购置,16,个,常规,纸盒,,J-07,5,,,个,,16,个,,
分样筛,J6,专用物耗,南通诚记化工,,"20目 20cm,孔径0.9mm",,WYH-251124-WYH-J6-004,,购置,2,个,常规,,,J-08,2,,,个,,2,个,,2025.11.24日返还入库了一个20目筛子
分样筛,J6,专用物耗,南通诚记化工,,40目  20cm，孔径0.45mm,,,,购置,3,个,常规,,,J-08,2,,,个,,3,个,,
分样筛,J6,专用物耗,南通诚记化工,,60目  20cm，孔径0.3mm,,,,购置,1,个,常规,,,J-08,2,,,个,,1,个,,
分样筛,J6,专用物耗,南通诚记化工,,120目  21cm，孔径0.125mm,,,,购置,1,个,常规,,,J-08,2,,,个,,1,个,,
分样筛,J6,专用物耗,南通诚记化工,,100目 ，0.9mm，孔径0.15mm,,,,购置,1,个,常规,,,J-08,2,WYH-251124-WYH-J6-003,1,个,,,个,,2025.11.19日盘点无100目筛，因而出库100目筛进行核销
分样筛,J6,专用物耗,南通诚记化工,,400目（塑料）,,,,购置,1,个,常规,,,J-08,2,,,个,,1,个,,
聚乙烯塑料瓶,J6,专用物耗,,,500ml,,,,返还,11,个,常规,旧的,,J-08,2,,,个,,11,个,,
画粉笔,J6,专用物耗,,,裁衣彩画粉,,,,购置,1,盒,常规,,,J-07,4,MYM-230524-CJF-J6-003,1,盒,,,盒,,
秒表,J6,专用物耗,,,无福牌,,,,购置,1,只,常规,,,J-07,4,,,只,,1,只,,
氧化铝纱布120目/600目,J6,专用物耗,,,120目/600目,,,,购置,140,个,常规,分别为45和95,,J-07,4,,,个,,140,个,,
线剪,J6,专用物耗,,,小,,,,购置,2,个,常规,,,J-07,4,,,个,,2,个,,
剪刀(中号）,J6,专用物耗,DEXIN,,13*6cm,,,,购置,4,把,常规,,,J-07,4,,,把,,4,把,,
10寸裁缝剪,J6,专用物耗,,,10寸,,,,购置,1,个,常规,,,J-07,4,,,个,,1,个,,
软卷尺,J6,专用物耗,得力,,1.5m,,,,购置,1,个,常规,,,J-07,4,,,个,,1,个,,
喷壶,J6,专用物耗,,,薄款,,,,购置,1,个,常规,,,J-07,2,,,个,,1,个,,
数显游标卡尺,J6,专用物耗,南通诚记化工,,0-150mm,,,,购置,1,个,常规,,,J-07,4,,,个,,1,个,,
塑料刻度移液管,J6,专用物耗,南通诚记化工,,1ml,,,,购置,19,个,常规,,,J-09,4,MYM-211123-LJ-J6-002,1,个,G1储物箱,18,个,G1储物箱,
塑料刻度移液管,J6,专用物耗,南通诚记化工,,2ml,,,,购置,19,个,常规,,,J-09,4,MYM-211123-LJ-J6-003,1,个,G1储物箱,18,个,G1储物箱,
塑料刻度移液管,J6,专用物耗,南通诚记化工,,5ml ,,,,购置,16,根,常规,,,J-09,4,,,根,G1储物箱,16,根,G1储物箱,
塑料刻度移液管,J6,专用物耗,南通诚记化工,,10ml,,,,购置,18,个,常规,,,J-09,4,MYM-210622-QJW-J6-004,1,个,G1储物箱,17,个,G1储物箱,
塑料刻度移液管,J6,专用物耗,南通诚记化工,,25ml,,,,购置,19,根,常规,,,J-09,4,MYM-210622-QJW-J6-005;MYM-220112-MYM-J6-007,3,根,G1储物箱,16,根,G1储物箱,
塑料容量瓶,J6,专用物耗,南通诚记化工,,250ml,,,,购置,9,个,常规,,,J-09,4,,,个,G1储物箱,9,个,G1储物箱,
试管刷(长柄）,J6,专用物耗,南通诚记化工,,大,,,,购置,9,个,常规,大5小4,,J-08,5,,,个,G5储物箱,9,个,G5储物箱,
试管刷（短柄）,J6,专用物耗,南通诚记化工,,中,,,,购置,1,个,常规,,,J-08,5,,,个,G5储物箱,1,个,G5储物箱,
烧杯刷,J6,专用物耗,南通诚记化工,,100ml/150ml,,,,购置,2,个,常规,各1个,,J-08,5,,,个,G5储物箱,2,个,G5储物箱,
烧瓶刷,J6,专用物耗,南通诚记化工,,大,,,,购置,10,个,常规,大4中2小4,,J-08,5,,,个,G5储物箱,10,个,G5储物箱,
容量瓶刷,J6,专用物耗,南通诚记化工,,100ml/250ml/500ml/1000ml,,,,购置,21,个,常规,4/5/8/4,,J-08,5,,,个,G5储物箱,21,个,G5储物箱,
塑料烧杯,J6,专用物耗,,,50ml,,,,购置,6,个,常规,,,J-08,4,MYM-210621-QJW-J6-003,6,个,G1储物箱,,个,G1储物箱,
塑料烧杯PP,J6,专用物耗,南通诚记化工,,100ml,,,,购置,4,个,常规,,,J-08,4,,,个,G1储物箱,4,个,G1储物箱,
塑料烧杯PP,J6,专用物耗,南通诚记化工,,300ml,,,,购置,2,个,常规,,,J-08,4,,,个,G1储物箱,2,个,G1储物箱,
塑料烧杯PP,J6,专用物耗,南通诚记化工,,500ml,,,,购置,6,个,常规,,,J-08,4,,,个,G1储物箱,6,个,G1储物箱,
防护眼镜,J6,专用物耗,,,,,,,购置,8,副,常规,,,J-08,4,MYM-2210009-WXY-J6-001,2,副,G6储物箱,6,副,G6储物箱,
十字夹,J6,专用物耗,,,,,,,购置,6,个,常规,铁架台夹子,,J-08,4,MYM-220112-MYM-J6-006,6,个,G6储物箱,,个,G6储物箱,
耳塞,J6,专用物耗,,,3M 1100防噪声弹性耳塞,,,,购置,37,个,常规,,,J-08,4,,,个,G6储物箱,37,个,G6储物箱,
废水吊桶(塑料小桶）,J6,专用物耗,,,个,红色,,,购置,1,个,常规,,,J-08,4,,,个,G6储物箱,1,个,G6储物箱,
医用脱脂纱布,J6,专用物耗,,,21S*21S，115*105，84cm,,,,购置,1,袋,常规,,,J-08,5,MYM-220714-MYM-J6-002,1,袋,G9储物箱,,袋,G9储物箱,
挂钩,J6,专用物耗,,,2个/盒,,,,购置,13,盒,常规,,,J-08,4,WWY-240309-ZHD-J6-001,6,盒,G6储物箱,7,盒,G6储物箱,
漏斗,J6,专用物耗,,,个,蓝色,,,购置,1,个,常规,,,J-08,4,,,个,G6储物箱,1,个,G6储物箱,
水勺,J6,专用物耗,,,个,黄色,,,购置,1,个,常规,,,J-08,4,,,个,G6储物箱,1,个,G6储物箱,
手术剪刀,J6,专用物耗,,,,,,,购置,1,把,常规,,,J-07,4,,,把,,1,把,,
呼吸面罩,J6,专用物耗,,,620P，3M,,,,购置,1,只,常规,,,J-08,4,ZHD-231229-WWY-J6-002,1,只,G6储物箱,,只,,
滤毒盒,J6,专用物耗,,,3M 6001,,,,购置,1,2对/盒,常规,,,J-08,4,,,2对/盒,G6储物箱,1,2对/盒,G6储物箱,
滤棉,J6,专用物耗,,,5N11,,,,购置,1,4片/包,常规,,,J-08,4,,,4片/包,G6储物箱,1,4片/包,G6储物箱,
纱布绷带,J6,专用物耗,,,20*600cm,,,,购置,3,卷,常规,,,J-08,5,MYM-210128-SCL-J6-001,1,卷,G9储物箱,2,卷,G9储物箱,
无菌采样袋,J6,专用物耗,比克曼生物,,630ml,,,,购置,94,个,常规,,,J-08,5,,,个,G9储物箱,94,个,G9储物箱,
无菌采样袋,J6,专用物耗,,,12*18cm,,,,购置,100,个,常规,已拆，100个一袋,,J-08,5,MYM-210407-YF-J6-003；MYM-220517-QDJ-J6-001,24,个,G9储物箱,76,个,G9储物箱,
白毛巾,J6,专用物耗,,,个 ,,,,购置,1,个 ,常规,,,J-08,5,MYM-201027-KAP-J6-004,1,个 ,G9储物箱,,个 ,G9储物箱,
棉球,J6,专用物耗,华晨,,500g，中号,,,,购置,2,袋,常规,出库100个,,J-08,5,MYM-220714-MYM-J6-001,1,袋,G9储物箱,1,袋,G9储物箱,
一次性灭菌帽,J6,专用物耗,,,10个/包,,,,购置,8,包,常规,,,J-08,5,,,包,G9储物箱,8,包,G9储物箱,
无纺布(柔巾）,J6,专用物耗,,,22cm*16m，美容专用棉柔巾,,,,购置,1,卷,常规,,,J-08,5,,,卷,G9储物箱,1,卷,G9储物箱,
不锈钢碗,J6,专用物耗,,,,,,,购置,5,个,常规,客户送来检验,,J-09,4,,,个,G3储物箱,5,个,G3储物箱,
红嘴塑料洗瓶PP,J6,专用物耗,南通诚记化工,,250ml,,,,购置,6,瓶,常规,,,J-09,2,,,瓶,,6,瓶,,
白色塑料洗瓶PP,J6,专用物耗,,,500ml,,,,购置,20,个,常规,,,J-09,2,MYM-230403-CJF-J6-002；HYI-241216-HYI-J6-002,2,个,,18,个,,
聚乙烯塑料瓶（大口，小口）,J6,专用物耗,,,100ml,,,,购置,23,个,常规,其中两个没盖，小口2个）,,J-09,2,,,个,,23,个,,
塑料试剂瓶 ,J6,专用物耗,南通诚记化工,,250ml,,,,购置,9,个,常规,,,J-09,2,,,个,,9,个,,
聚乙烯塑料瓶,J6,专用物耗,,,500ml,,,,购置,1,个,常规,,,J-09,2,,,个,,1,个,,
塑料试剂瓶,J6,专用物耗,南通诚记化工,,2000ml,,,,购置,2,个,常规,,,J-09,2,,,个,,2,个,,
聚丙烯瓶,J6,专用物耗,,,125ml ,,,,购置,34,个,常规,,,J-09,2,,,个,,34,个,,
石棉垫,J6,专用物耗,南通诚记化工,,大/中、小,,,,购置,12,个,常规,大2中5小5,,J-09,4,MYM-200522-SHY-J6-001(中）,3,个,G3储物箱,9,个,G3储物箱,
砂轮片,J6,专用物耗,,,,,,,购置,9,个,常规,,,J-09,4,MYM-230313-CJF-J6-001、ZHD-231130-WWY-J6-002,2,个,G3储物箱,7,个,G3储物箱,
铝针盒,J6,专用物耗,,,/,,,,购置,4,个,常规,,,J-09,4,,,个,G3储物箱,4,个,G3储物箱,
钢尺,J6,专用物耗,,,30CM带英寸,,,,购置,1,根,常规,,,J-07,4,,,根,,1,根,,
铁夹（单臂夹，黑色）,J6,专用物耗,,,,,,,购置,10,个,常规,,,J-09,4,MYM-200522-SHY-J6-002,3,个,G3储物箱,7,个,G3储物箱,
嗅辨袋,J6,专用物耗,,,3L,,,,购置,20,个,常规,,,J-01,4,,,个,,20,个,,
嗅辨塞,J6,专用物耗,,,,,,,购置,52,个,常规,,,J-01,4,,,个,,52,个,,
充气点火器,J6,专用物耗,,,29.5*4.3cm,,,,购置,1,个,常规,,,J-07,4,MYM-220810-MYM-J6-001,1,个,,,个,,
不锈钢药匙,J6,专用物耗,,,3个/套,,,,购置,8,套,常规,,,J-07,4,,,套,,8,套,,
挑针,J6,专用物耗,,,,,,,购置,10,根,常规,,,J-09,4,,,根,G3储物箱,10,根,G3储物箱,
聚四氟乙烯过滤器采样夹,J6,专用物耗,,,直径25cm,,,,购置,2,个,常规,,,J-01,4,,,个,,2,个,,
镊子,J6,专用物耗,,,不锈钢，直角尖头,,,,购置,1,个,常规,,,J-09,3,MYM-210422-YF-J6-003,1,个,G3储物箱,,个,G3储物箱,
塑料离心管,J6,专用物耗,南通诚记化工,,2,,,,购置,7,支,常规,,,J-09,3,MYM-220112-MYM-J6-004,7,支,G4储物箱,,支,,
塑料离心管,J6,专用物耗,南通诚记化工,,4,,,,购置,1,支,常规,,,J-09,3,MYM-220112-MYM-J6-005,1,支,G4储物箱,,支,,
尖头塑料离心管,J6,专用物耗,南通诚记化工,,15ml,,,,购置,86,支,常规,6个无盖,,J-09,3,MYM-200421-SCL-J6-001;MYM-2009027-KAP-J6-001；MYM-211123-LJ-J6-005,39,支,G4储物箱,47,支,,
塑料离心管,J6,专用物耗,南通诚记化工,,50ml,,,,购置,55,支,常规,,,J-09,3,MYM-201125-SCL-J6-002；MYM-201207-YF-J6-004;MYM-201214-SCL-J6-003；MYM-201218-SCL-J6-001,36,支,G4储物箱,19,支,,
塑料离心管,J6,专用物耗,南通诚记化工,,50ml,,WWY-231229-ZHD-J6-004,,购置,1,支,常规,,,J-09,3,,,支,G4储物箱,1,支,,
塑料带盖平口试管,J6,专用物耗,南通诚记化工,,10ml,,,,购置,171,个,常规,,,J-09,3,,,个,G4储物箱,171,个,,
塑料离心管,J6,专用物耗,,,20ml,,,,购置,200,支,常规,,,J-09,3,MYM-200326-SCL-J6-003,14,支,G4储物箱,186,支,,
衣架,J6,专用物耗,,,个,,,,购置,15,个,常规,,,J-09,5,,,个,G7储物箱,15,个,G7储物箱,
裤架,J6,专用物耗,,,个,,,,购置,20,个,常规,,,J-09,5,,,个,G7储物箱,20,个,G7储物箱,
洁净服,J6,专用物耗,,,,,,,购置,1,件,常规,,,J-09,4,,,件,G8储物箱,1,件,G8储物箱,
洁净鞋,J6,专用物耗,,,,,,,购置,2,盒,常规,,,J-09,4,,,盒,G8储物箱,2,盒,G8储物箱,
分离钳,J6,专用物耗,,,,,,,购置,4,只,常规,,,J-09,4,,,只,G8储物箱,4,只,G8储物箱,
注射器针头,J6,专用物耗,南通诚记化工,,10个/盒 4号,,,,购置,10,个,常规,,,J-09,3,,,个,,10,个,,
注射器针头,J6,专用物耗,南通诚记化工,,10个/盒 10号,,,,购置,7,个,常规,,,J-09,3,,,个,,7,个,,
一次性使用无菌注射针（针头）,J6,专用物耗,重庆加加林,,0.7*30,,,,购置,192,个,常规,,,J-09,3,MYM-210426-QJW-J6-004,192,个,,,个,,
一次性使用无菌注射器（带针头）,J6,专用物耗,成都新津,,1ml,,,,购置,179,支,常规,,,J-09,3,MYM-211118-LJ-J6-001,5,支,,174,支,,
一次性注射器（无黑色胶，无针头）,J6,专用物耗,广州诺玖顺,,1mL,,,,购置,100,个,常规,,,J-09,3,,,个,,100,个,,
一次性使用无菌注射器（带针头）,J6,专用物耗,成都新津,,10ml,,,,购置,139,支,常规,,,J-09,3,MYM-210525-QJW-J6-007；MYM-210809-QJW-J6-002；MYM-210819-JW-J6-002,17,支,,122,支,,
大理石滴定台,J6,专用物耗,南通诚记化工,,附夹,,,,购置,1,个,常规,,,D-01,北墙角,,,个,,1,个,,
铁架台,J6,专用物耗,南通诚记化工,,附杆,,,,购置,1,个,常规,,,D-01,北墙角,,,个,,1,个,,
封面,J6,专用物耗,,,,,,,购置,7,袋,常规,,,D-01,北墙角,MYM-200708-QHJ-J6-001;MYM-220607-QHJ-J6-001；ZHD-231229-WWY-J6-003,7,袋,,,袋,已修改,
废液桶,J6,专用物耗,,,10L,,,,购置,1,个,常规,,,D-01,南墙角,MYM-200727-PDJ-J6-005,1,个,,,个,,
撑衣杆,J6,专用物耗,,,个,,,,购置,1,个,常规,,,D-01,南墙角,,,个,,1,个,,
洗手液,J6,专用物耗,,,5kg,,,,购置,1,桶,常规,,,D-01,南墙角,MYM-221123-CJF-J6-001,1,桶,,,桶,,
硅胶管,J6,专用物耗,,,6*8,,,,购置,12,米,常规,,,D-01,南墙角,MYM-201201-YF-J6-002,12,米,,,米,,
硅胶管,J6,专用物耗,,,8*12,,,,购置,6.6,米,常规,,,J-01,5,MYM-220112-WJS-J6-003,3.6,米,,3,米,,
乙炔减压器,J6,专用物耗,,,精品全铜,,LYG-190712-MYM-JC06-001,,购置,1,只,常规,,,J-07,2,,,只,,1,只,,
透明塑料储物格,J6,专用物耗,宜家,,37*24*7,,ZRJ-190715-MYM-JC06-002,,购置,10,只,常规,,,J-07,4,MYM-190715-SCL-JC06-002；MYM-190716-SYP-JC06-001；MYM-201208-KAP-J6-001；WYH-251111-YZH-J6-017,7,只,,3,只,,
塑料透明盒盖,J6,专用物耗,宜家,,5L,,ZRJ-190715-MYM-JC06-003,,购置,10,只,常规,,,J-07,4,MYM-190715-SCL-JC06-003；MYM-190716-SYP-JC06-002；MYM-191213-SCL-JC06-001;MYM-201208-SCL-J6-007；MYM-210913-RL-J6-004,9,只,,1,只,,
塑料透明盒子,J6,专用物耗,宜家,,28*19*14,,ZRJ-190715-MYM-JC06-004,,购置,10,只,常规,,,J-07,4,MYM-190715-SCL-JC06-004；MYM-190716-SYP-JC06-003；MYM-191213-SCL-JC06-002;MYM-201208-SCL-J6-004;MYM-210913-RL-J6-005,9,只,,1,只,,
橙色家具N盒,J6,专用物耗,宜家,,33*38*33,,ZRJ-190715-MYM-JC06-005,,购置,2,只,常规,,,J-07,4,,,只,,2,只,,
紫色家具N盒,J6,专用物耗,宜家,,33*38*33,,ZRJ-190715-MYM-JC06-006,,购置,2,只,常规,,,J-07,4,,,只,,2,只,,
不锈钢烧烤烟熏盒,J6,专用物耗,宜家,,30444755,,ZRJ-190715-MYM-JC06-007,,购置,2,只,常规,,,J-07,4,,,只,,2,只,,
封口膜,J6,专用物耗,,,4IN*125FT.ROLL,,LYG-190722-MYM-JC06-001,,购置,1,盒,常规,,,J-08,3,MYM-2009028-SCL-J6-001,1,盒,G2储物箱,,盒,,
得力塑料直尺,J6,专用物耗,,,50公分,,QHJ-190722-MYM-JC06-002,,购置,2,把,常规,,,J-07,4,,,把,,2,把,,
硅胶垫,J6,专用物耗,,,50*50公分,,LYG-190723-MYM-JC06-001,,购置,1,块,常规,,,J-07,4,,,块,,1,块,,
水浴锅温度探头,J6,专用物耗,,,,,LYG-190724-MYM-JC06-001,,购置,1,根,常规,,,J-08,3,MYM-200616-SCL-J6-004,1,根,G2储物箱,,根,,
顶空瓶垫,J6,专用物耗,,,17.5*1.5㎜,,LYG-190731-MYM-JC06-001,,购置,3,包,常规,,,J-07,2,MYM-191016-SCL-JC06-003；MYM-230313-CJF-J6-003；SYY-250901-YZH-J6-001,3,包,,,包,,
耐高温灭菌袋,J6,专用物耗,,,200片/盒，57*130㎜,,LYG-190731-MYM-JC06-002,,购置,1,盒,常规,,,J-08,5,,,盒,G9储物箱,1,盒,G9储物箱,
测尘滤膜-玻璃纤维,J6,专用物耗,,,φ90㎜，50片/盒,,LYG-190806-MYM-JC06-001,,购置,10,盒,常规,,,J-01,4,MYM-200820-WYP-J6-001;MYM-200921-SCL-J6-002；MYM-201105-YQL-J6-001;MYM-201221-SCL-J6-001；MYM-210322-SCL-J6-002；MYM-210401-QJW-J6-003；MYM-210420-QJW-J6-003；MYM-210602-YF-J6-002；MYM-210705-QJW--J6-002,10,盒,,,盒,,
丁腈手套,J6,专用物耗,,,M号,,LYG-190812-MYM-JC06-001,,购置,10,盒,常规,,,J-07,5,MYM-200114-LXC-JC06-001；MYM-200117-SHY-JC04-002；MYM-200228-SHY-JC06-002，MYM-200324-SHY-J6-002；MYM-200402-SCL-J6-001；MYM-200415-SXH-J6-001；MYM-200418-SHY-J6-001,10,盒,,,盒,,
聚乙烯管,J6,专用物耗,,,,,ZRJ-190821-MYM-JC06-001,,购置,4,米,常规,纸箱,,J-01,5,MYM-210401-LJY-J6-001,1.5,米,,2.5,米,,
PP棉,J6,专用物耗,,,,纯水机配件,LYG-190826-MYM-JC06-002,,购置,2,只,常规,,,J-07,2,,,只,,2,只,,
RO膜,J6,专用物耗,,,TFC-2012-100,纯水机配件,LYG-190826-MYM-JC06-003,,购置,1,只,常规,,,J-07,2,,,只,,1,只,,
活性炭,J6,专用物耗,,,SY-CTO,纯水机配件,LYG-190826-MYM-JC06-004,,购置,1,只,常规,,,J-07,2,,,只,,1,只,,
塑料周转筐,J6,专用物耗,,,610*410*200,,LYG-190902-MYM-JC06-001,,购置,10,只,常规,,,J-08,2,MYM-190902-LXC-JC06-002;WYH-251101-LDC-J6-001,10,只,,,只,,
硅胶采样管,J6,专用物耗,,,50/100㎎，6*80，100只/盒,,LYG-190909-MYM-JC06-002,,购置,300,支,常规,,,J-01,2,MYM-190918-LXC-JC06-001；MYM-210319-YF-J6-002；MYM-210426-YF-J6-001,205,支,,95,支,,
硅胶采样管,J6,专用物耗,,,50/100㎎，6*80，100只/盒,,WWY-231229-ZHD-J6-005,,购置,5,支,常规,,,J-01,2,,,支,,5,支,,
无胶滤筒,J6,专用物耗,,,"28*70,20个/盒",,LYG-191008-MYM-JC06-001,,购置,10,盒,常规,,,J-01,4,MYM-191014-SHY-JC06-001；MYM-191104-SCL-JC06-001;MYM-200328-CYX-J6-001；MYM-200423-SCL-J6-001,10,盒,,,盒,,
乳胶管,J6,专用物耗,,,外径9㎜内径6㎜,,LYG-191008-MYM-JC06-003,,购置,20,米,常规,纸箱,,J-01,5,MYM-201020-SCL-J6-001,20,米,,,米,,
橡胶小帽,J6,专用物耗,,,,,LYG-191107-MYM-JC06-001,,购置,500,个,常规,,,J-01,2,,,个,,500,个,,
新洁尔灭消毒液,J6,专用物耗,,,500ml/瓶,,LYG-191203-MYM-JC06-001,,购置,45,瓶,常规,,,D-01,南墙角,MYM-220218-MYM-J6-002；MYM220714-MYM-J6-003；MYM-221109-CJF-J6-002；MYM-230403-CJF-J6-001，CJF-230926-QYT-J6-001；ZHD-231229-WWY-J6-004；CYQ-240730-LMI-J6-001；CYQ-240918-LMI-J6-003；HYI-241116-HYI-J6-001；HYI-241216-HYI-J6-001；PXQ-250122-PXQ-J6-001,26,瓶,,19,瓶,,
75%酒精消毒液,J6,专用物耗,,,2.5L/桶,,LYG-191203-MYM-JC06-002,,购置,5,桶,常规,,,D-01,南墙角,MYM-200102-SHY-JC06-004；MYM-200428-SHY-J6-002；MYM-200813-CYX-J6-001；MYM-210913-RL-J6-001；MYM-221021-WXY-J6-002,5,桶,,,桶,,
热敏收银纸,J6,专用物耗,,,,,LYG-191203-MYM-JC06-003,,购置,100,卷,常规,,,J-01,4,MYM-191212-LXC-JC06-002；MYM-200108-WYH-JC06-00；MYM-200401-WYP-J6-001；MYM-200701-WYP-J6-001；MYM-200801-SXH-J6-003;MYM-200904-SCL-J6-001；MYM-201021-XP-J6-002；MYM-201109-XMY-J6-002；MYM-210422-YF-J6-006；MYM-210602-YF-J6-001；MYM-210806-RL-J6-001MYM-210711-YF-J6-001；MYM-210909-ZHL-J6-001,44,卷,,56,卷,,
无尘洁净鞋靴,J6,专用物耗,,,L码,,LYG-191203-MYM-JC06-006,,购置,4,双,常规,,,J-09,4,MYM-191203-SHY-JC06-003,2,双,G8储物箱,2,双,G8储物箱,
双盒防毒口罩,J6,专用物耗,,,P-A-1-双盒3#,,ZRJ-200210-MYM-JC06-001,,购置,80,只,常规,,,J-03,1,MYM-200210-QHJ-JC06-006；MYM-200210-ZRJ-JC06-001,13,只,,67,只,,
消毒自救呼吸器,J6,专用物耗,,,TZL30,,ZRJ-200210-MYM-JC06-002,,购置,18,只,常规,,,J-03,1,,,只,,18,只,,
塑料采水瓶,J6,专用物耗,,,"500ml,44只/箱",,LYG-200224-MYM-JC06-001；WYH-251119-WYH-017,,购置,22.991,箱,常规,,,D-01,北墙角,"MYM-200304-WYP-J6-001，MYM-200314-WYP-J6-001，MYM-200316-WYP-J6-001，MYM-200325-CZJ-J6-001,MYM-200520-WYP-J6-001,MYM-200526-LY-J6-013;MYM-200902-ZPF-J6-001;MYM-200914-WYP-J6-002;MYM-200921-ZPF--J6-001;MYM-200922-YQL-J6-001；MYM-201010-YQL-J6-001",10.45,箱,,12.541,箱,,原库存9.55箱，2025.11.19返还入库2.991箱
便携采样箱,J6,专用物耗,,,10L,,,,购置,3,只,常规,,,107,,WYH-251124-YZH-J6-001,3,只,,,只,,
嗅辨袋,J6,专用物耗,,,3L,,,,购置,83,个,常规,,,310G-01,,WYH-251122-YZH-J6-002,83,个,白色储物箱内,,个,白色储物箱内,
平衡袋,J6,专用物耗,,,,,,,购置,3,个,常规,,,310G-01,,WYH-251122-YZH-J6-003,3,个,白色储物箱内,,个,白色储物箱内,
六联分配器,J6,专用物耗,,,,,,,购置,1,只,常规,,,310G-01,,WYH-251122-YZH-J6-004,1,只,柜子,,只,柜子,
压力表,J6,专用物耗,,,,,,,购置,1,只,常规,,,310G-01,,WYH-251122-YZH-J6-005,1,只,柜子,,只,柜子,
衣架,J6,专用物耗,,,,,QDJ-200304-MYM-J6-001,,购置,31,件,常规,G7箱,,J-09,5,,,件,G2储物箱,31,件,,
塑料吸管,J6,专用物耗,,,3mL，100支/袋,,LYG-200309-MYM-J6-001,,购置,500,支,常规,,,J-01,2,MYM-200508-SCL-J6-002；MYM-200601-CYX-J6-002；MYM-200713-SCL-J6-002；MYM-200801-CYX-J6-001,500,支,,,支,,
中速定性滤纸,J6,专用物耗,通用电气生物科技杭州公司,,φ12.5㎜，100张/盒,,LYG-200309-MYM-J6-002,,购置,25,盒,常规,,,J-01,4,MYM-200424-CYX-J6-002;MYM-200923-KAP-J6-001；MYM-201125-SCL-J6-003；MYM-201214-KAP-J6-001；MYM-200612-SHY-J6-002；MYM-201023-KAP-J6-001；MYM-210316-SCL-J6-003；MYM-210428-QJW-J6-003;MYM-210525-QJW-J6-004；MYM-210727-QJW-J6-002,25,盒,,,盒,,
女装,J6,专用物耗,,,,,LYG-200312-MYM-J6-001,,购置,1,件,常规,,,,,MYM-200326-MYM-J6-004,1,件,,,件,,
床单,J6,专用物耗,,,,,LYG-200312-MYM-J6-002,,购置,1,条,常规,,,,,MYM-200326-MYM-J6-005,1,条,,,条,,
棉毛平腰两用裆裤,J6,专用物耗,,,100/56,,LYG-200407-MYM--J6-001,,购置,1,条,常规,,,,,MYM-200407-MYM-J6-001,1,条,,,条,,
短袖T恤,J6,专用物耗,,,4XL,,LYG-200407-MYM--J6-002,,购置,1,件,常规,,,,,MYM-200407-MYM-J6-002,1,件,,,件,,
气瓶扳手,J6,专用物耗,,,,,LYG-200411-MYM-J6-001,,购置,1,只,常规,,,,,MYM-200411-SHY-J6-001,1,只,,,只,,
聚乙烯管,J6,专用物耗,,,5*9㎜,,LYG-200414-MYM-J6-001,,购置,20,米,常规,纸箱,,J-01,5,MYM-200414-WYP-J6-002;MYM-200515-WYP-J6-001；MYM-200825-WYP-J6-001,8,米,,12,米,,
丁腈手套,J6,专用物耗,,,M号,,LYG-200418-MYM-J6-001,,购置,6,盒,常规,,,J-07,5,MYM-200418-SHY-J6-002;MYM-200513-CYX-J6-001；MYM-200612-SHY-J6-001；MYM-200706-SCL-J6-002,6,盒,,,盒,,
原子荧光泵管,J6,专用物耗,,,1.52*180,,LYG-200420-MYM-J6-001,,购置,5,根,常规,,,J-07,2,MYM-201109-SCL-J6-003；MYM-210125-SCL-J6-001；MYM-211122-YF-J6-003;PXQ-250522-YZH-J6-002,4,根,,1,根,,
塑料离心管,J6,专用物耗,,,1.5ml,,SCL-200423-MYM-J6-001,,购置,280,只,常规,,,J-09,3,,,只,,280,只,,
冷冻管（液体分装管）,J6,专用物耗,,,5ml（200只/袋）,,SCL-200423-MYM-J6-002,,购置,400,只,常规,,,J-09,3,MYM-2009027-KAP-J6-002,200,只,,200,只,,
防静电测试线,J6,专用物耗,,,黑色PVC,,SCL-200423-MYM-J6-003,,购置,2,根,常规,纸盒,,J-07,5,,,根,,2,根,,
塑料采水瓶,J6,专用物耗,,,500ml，44只/箱,,LYG-200425-MYM-J6-001,,购置,10,箱,常规,,,D-01,北墙角,MYM-201010-YQL-J6-001;MYM-201013-YQL-J6-001;MYM-201014-YQL-J6-001;MYM-201021-YQL-J6-001;MYM-201022-YQL-J6-001;MYM-201027-YQL-J6-001;MYM-201102-YQL-J6-002;MYM-201103-XMY-J6-001,10,箱,,,箱,,
无胶滤筒,J6,专用物耗,,,"28*70,20个/盒",,LYG-200426-MYM-J6-001,,购置,10,盒,常规,,,J-01,4,MYM-200611-WYP-J6-001；MYM-200616-SCL-J6-002；MYM-200706-SCL-J6-001;MYM-200928-SCL-J6-001,10,盒,,,盒,,
玻璃棉,J6,专用物耗,,,100克/包，XH-BLM,,LYG-200428-MYM-J6-001,,购置,1,包,常规,,,,,MYM-200428-CYX-J6-001,1,包,,,包,,
废液桶,J6,专用物耗,,,50L,,LYG-200513-MYM-J6-001,,购置,2,只,常规,,,,,MYM-200513-CYX-J6-002,2,只,,,只,,
垫圈（垫片）,J6,专用物耗,,,,,LYG-200513-MYM-J6-002,,购置,19,只,常规,纸盒,,J-07,2,MYM-200513-CYX-J6-003；MYM-200601-SHY-J6-001；MYM-210927-LJ-J6-001；MYM-211229-WJS-J6-001,8,只,,11,只,,
硬盘架,J6,专用物耗,,,,,QHJ-200514-MYM-J6-001,,购置,38,个,常规,,,J-01,1,MYM-211014-QHJ-J6-001,38,个,,,个,,
危险废物标签,J6,专用物耗,,,大、中、小,大1中1小22,LYG-200520-MYM-J6-001,,购置,24,个,常规,,,,,MYM-200526-SHY-J6-002,24,个,,,个,,
水基灭火器,J6,专用物耗,浙江伟业,,6L,,LYG-200526-MYM-J6-001,,购置,4,只,常规,,,,,MYM-200526-LY-J6-004,4,只,,,只,,
二氧化碳灭火器,J6,专用物耗,浙江伟业,,5KG,,LYG-200526-MYM-J6-002,,购置,4,只,常规,,,,,MYM-200526-LY-J6-005,4,只,,,只,,
干粉灭火器,J6,专用物耗,浙江伟业,,4KG,,LYG-200526-MYM-J6-003,,购置,10,只,常规,,,,,MYM-200526-LY-J6-006,10,只,,,只,,
平板小推车,J6,专用物耗,万宝瑞,,60*90，承载600斤,,LYG-200526-MYM-J6-004,,购置,1,只,常规,,,,,MYM-200526-LY-J6-007,1,只,,,只,,
安全标示标贴,J6,专用物耗,掌中宝旗舰店,,20*15/2*2/23*26/10*10,,QHJ-200526-MYM-J6-005,,购置,85,个,常规,,,J-07,2,MYM-200526-SHY-J6-003,33,个,,52,个,,
三角牌,J6,专用物耗,乘舟汽车用品店,,国标,,QHJ-200526-MYM-J6-006,,购置,1,个,常规,,,,,MYM-200526-LY-J6-008,1,个,,,个,,
救生衣,J6,专用物耗,佩豪旗舰店,,优质均码,,QHJ-200526-MYM-J6-007,,购置,2,件,常规,,,,,MYM-200526-LY-J6-009,2,件,,,件,,
警戒线,J6,专用物耗,商阳家居,,50米,,QHJ-200526-MYM-J6-008,,购置,1,件,常规,,,,,MYM-200526-LY-J6-010,1,件,,,件,,
绝缘手套,J6,专用物耗,天琪劳保,,金步安12KV手型款,,QHJ-200526-MYM-J6-009,,购置,2,件,常规,,,,,MYM-200526-LY-J6-011,2,件,,,件,,
绝缘鞋,J6,专用物耗,天琪劳保,,10KV电工绝缘鞋黑色,,QHJ-200526-MYM-J6-010,,购置,2,件,常规,,,,,MYM-200526-LY-J6-012,2,件,,,件,,
乙炔减压器,J6,专用物耗,上海减压器厂,,YQE-03,,LYG-200601-MYM-J6-001,,购置,1,只,常规,,,,,MYM-200601-SHY-J6-004,1,只,,,只,,
原荧三通,J6,专用物耗,,,,,LYG-200603-MYM-J6-001,,购置,1,只,常规,,,J-07,2,,,只,,1,只,,
原荧陶瓷垫,J6,专用物耗,,,,,LYG-200603-MYM-J6-002,,购置,1,只,常规,,,,,MYM-210125-SCL-J6-002,1,只,,,只,,
氦气减压阀,J6,专用物耗,上海减压器厂,,,,LYG-200616-MYM-J6-001,,购置,1,只,常规,,,,,MYM-200616-SCL-J6-001,1,只,,,只,,
废液桶,J6,专用物耗,,,5L,,LYG-200619-MYM-J6-001,,购置,10,只,常规,,,D-01,南墙角,MYM-200619-SCL-J6-001；MYM-210401-QJW-J6-005；MYM-210420-QJW-J6-005;MYM-210525-QJW-J6-008；PXQ-250428-PXQ-D-01;,9,只,,1,只,,
抛光树脂,J6,专用物耗,上海华樵环保,,MB-400,,LYG-200622-MYM-J6-001,,购置,1,袋,常规,,,,,MYM-200622-SHY-J6-001,1,袋,,,袋,,
儿童短裤,J6,专用物耗,哈泰熊制衣,,140,,LYG-200628-MYM-J6-003,,购置,1,件,常规,,,,,MYM-200628-PDJ-J6-003,1,件,,,件,,
女裙,J6,专用物耗,广东衫六灵实业,,170,,LYG-200628-MYM-J6-004,,购置,1,件,常规,,,,,MYM-200628-PDJ-J6-004,1,件,,,件,,
密封圈,J6,专用物耗,,,,,LYG-200629-MYM-J6-001,,购置,1,只,常规,,,,,MYM-200629-SCL-J6-001,1,只,,,只,,
塑料气泡吸收瓶,J6,专用物耗,盐城明之元,,75mL,,LYG-200629-MYM-J6-002,,购置,9,只,常规,,,,,MYM-200629-SCL-J6-002,9,只,,,只,,
短袖T恤,J6,专用物耗,,,,,LYG-200629-MYM-J6-003,,购置,1,件,常规,,,,,MYM-200629-NYN-J6-003,1,件,,,件,,
全棉氨纶汗布,J6,专用物耗,,,,,LYG-200629-MYM-J6-004,,购置,1,件,常规,,,,,MYM-200629-MYM-J6-004,1,件,,,件,,
中速定性滤纸,J6,专用物耗,,,φ12.5㎜，100张/盒,,XMY-200702-MYM-J6-001,,购置,7,盒,常规,,,J-01,4,MYM-211014-LJ-J6-003；MYM-220222-MYM-J6-001；MYM-220811-MYM-J6-002；ZHD-231229-WWY-J6-006,5,盒,,2,盒,,
移液枪头,J6,专用物耗,,,200μL,,XMY-200702-MYM-J6-001,,购置,3,袋,常规,,,J-01,2,MYM-220124-MYM-J6-002；ZHD-231129-WWY-J6-003,3,袋,,,袋,,
移液枪头,J6,专用物耗,,,1ml,,XMY-200702-MYM-J6-001,,购置,3,袋,常规,,,J-01,2,MYM-201111-KAP-J6-002；MYM-201229-SCL-J6-005；MYM-210412-QJW-J6-004,3,袋,,,袋,,
丁腈手套,J6,专用物耗,洋洋,,M,,XMY-200710-MYM-J6-001,,购置,4,盒,常规,,,J-07,5,MYM-200713-SCL-J6-001；MYM-200727-CYX-J6-001；MYM-200806-CYX-J6-001,4,盒,,,盒,,
PE自封袋,J6,专用物耗,,,20*30*12丝，100只/袋,,LYG-200714-MYM-J6-001,,购置,1000,只,常规,,,J-01,4,MYM-2009025-QDJ-J6-001；MYM-210203-KAP-J6-002；MYM-210316-SCL--J6-001；MYM-210901-ZHL-J6-002；MYM-211112-ZX-J6-001；MYM-211201-ZX-J6-002；MYM-220112-ZHL-J6-011；MYM-220124-MYM-J6-003；MYM-220217-MYM-J6-002;MYM-230302-CJF-J6-001；WWY240507YHG-J6-001,1000,只,,,只,,
红色双面毛呢面料,J6,专用物耗,,,,,LYG-200727-MYM-J6-001,,购置,0.5,m,常规,,,,,MYM-200727-PDJ-J6-002,0.5,m,,,m,,
棉毛两件套,J6,专用物耗,逗米鼠,,66,,LYG-200727-MYM-J6-002,,购置,1,套,常规,,,,,MYM-200727-PDJ-J6-003,1,套,,,套,,
玫红色针织阔腿裤,J6,专用物耗,,,1650/84A,,LYG-200727-MYM-J6-003,,购置,1,件,常规,,,,,MYM-200727-PDJ-J6-004,1,件,,,件,,
丁腈手套,J6,专用物耗,友利格,,M,,XMY-200801-MYM-J6-001,,购置,6,盒,常规,,,J-07,5,MYM-200817-CYX-J6-001;MYM-200909-SCL-J6-001；MYM-201013-SCL-J6-001；MYM-201103-XMY-J6-002；MYM-201120-SCL-J6-001；MYM-201202-SCL-J6-001,6,盒,,,盒,,
双盒防毒口罩,J6,专用物耗,,,,,QDJ-200811-MYM-J6-001,,返还,1,只,常规,,,J-03,1,MYM-210426-QJW-J6-003,1,只,,,只,,
双盒防毒口罩,J6,专用物耗,,,,,WWY-231229-ZHD-J6-006,,返还,1,只,常规,,,J-03,1,,,只,,1,只,,
一次性塑料吸管,J6,专用物耗,,,3ml，100支/袋,,XMY-200811-MYM-J6-002,,购置,4,袋,常规,,,,,MYM-200901-CYX-J6-002;MYM-200909-SCL-J6-002；MYM-201023-KAP-J6-002；MYM-201211-SCL-J6-002,4,袋,,,袋,,
黑色针织裤,J6,专用物耗,,,,,XMY-200820-MYM-J6-001,,购置,1,件,常规,,,,,MYM-200820-MYM-J6-002,1,件,,,件,,
儿童纯棉外罩,J6,专用物耗,,,,,XMY-200820-MYM-J6-002,,购置,1,件,常规,,,,,MYM-200820-MYM-J6-003,1,件,,,件,,
温湿度记录纸,J6,专用物耗,上海横河兴益千野,,周记，100张/袋,,XMY-200901-MYM-J6-001,,购置,1,袋,常规,,,,,MYM-200914-KAP-J6-001,1,袋,,,袋,,
活性炭口罩,J6,专用物耗,唯希莱,,50只/盒,,XMY-200901-MYM-J6-002,,购置,6,盒,常规,,,J-07,5,MYM-201124-SCL-J6-002；MYM-210112-SCL-J6-001；MYM-210416-QJW-J6-005;MYM-210506-QJW-J6-003；MYM-210604-QJW-J6-001；MYM-210715-QJW-J6-004,6,盒,,,盒,,
螺口顶空瓶盖（含垫片）,J6,专用物耗,道邦色谱,,18㎜,,YFG-200916-MYM-J6-001,,购置,1,包,常规,,,J-07,2,MYM-2009023-SCL-J6-004,1,包,,,包,,
螺口顶空瓶垫片,J6,专用物耗,道邦色谱,,17.5*1.5㎜,,YFG-200916-MYM-J6-002,,购置,1,包,常规,,,J-07,2,,,包,,1,包,,
气相进样瓶垫片,J6,专用物耗,道邦色谱,,8.9*1㎜,,YFG-200916-MYM-J6-003,,购置,2,包,常规,,,J-07,2,MYM-201208-SCL-J6-006;MYM-230519-CJF-J6-001,2,包,,,包,,
热电偶,J6,专用物耗,深圳源恒通,,,,YFG-201012-MYM--J6-001,,购置,1,只,常规,,,,,MYM-201012-KAP-J6-002,1,只,,,只,,
废液桶,J6,专用物耗,,,50L,,YFG-201012-MYM--J6-002,,购置,2,只,常规,,,,,MYM-201012-SCL-J6-003,2,只,,,只,,
提纯树脂,J6,专用物耗,,,,,YFG-201019-MYM-J6-001,,购置,1,袋,常规,,,,,MYM-201019-SCL-J6-001,1,袋,,,袋,,
小弹簧,J6,专用物耗,腾螺五金旗舰店,,05*5*50,1ml移液枪配件,YFG-201020-MYM-J6-001,,购置,10,个,常规,,,J-07,2,MYM-201020-SCL-J6-002,2,个,,8,个,,
无胶滤筒,J6,专用物耗,盐城尊科,,28*70，20个/盒,,YFG-201026-MYM-J6-001,,购置,20,盒,常规,,,J-01,4,MYM-201207-YF-J6-002；MYM-201223-YF-J6-002；MYM-210322-SCL-J6-001；MYM-210412-QJW-J6-003;MYM-210420-QJW-J6-004；MYM-210602-J6-003；MYM-210705-QJW-J6-003；MYM-210803-QJW-J6-001；MYM-210906-RL-J6-002;MYM-210913-RL-J6-002；MYM-211123-LJ-J6-001,18,盒,,2,盒,,
橡皮筋,J6,专用物耗,,,,,YFG-201026-MYM-J6-002,,购置,0.5,待定,常规,,,,,MYM-201027-KAP-J6-002,0.5,待定,,,待定,,
温度计,J6,专用物耗,,,,,YFG-201105-MYM-J6-001,,购置,1,只,常规,,,,,MYM-201106-KAP-J6-001,1,只,,,只,,
塑料采水瓶,J6,专用物耗,,,500ml,,YFG-201110-MYM-J6-001,,购置,20,箱,常规,,,D-01,北墙角,MYM-201111-XMY-J6-001；MYM-201116-YQL-J6-003;MYM-201124-XMY-J6-001;MYM-201125-XMY-J6-001；MYM-201201-YF-J6-003;MYM-201211-YF-J6-004;MYM-201214-YF-J6-002；MYM-201218-YF-J6-003；MYM-210105-YF-J6-001；MYM-210120-YF-J6-001；MYM-210310-YF-J6-001;MYM-210510-QDJ-J6-001,20,箱,,,箱,,
混合膜-测SS,J6,专用物耗,,,0.45μm，50张/盒,,YFG-201111-MYM-J6-001,,购置,10,盒,常规,,,J-01,4,MYM-210203-SCL-J6-001;MYM-210401-QJW-J6-002；MYM-210705-QJW-J6-001；MYM-220112-WJS-J6-002；MYM-220604-MYM-J6-001;MYM-220622-MYM-J6-001；ZHD-240131-WWY-J6-001,7,盒,,3,盒,,
危废标识牌,J6,专用物耗,,,5㎜，120*80㎝,,YFG-201112-MYM-J6-001,,购置,1,张,常规,,,,,MYM-201112-YF-J6-001,1,张,,,张,,
VOCS组合采样管,J6,专用物耗,盐城尊科,,7K5965，组合三,,YFG-201126-MYM-J6-001,,购置,20,支,常规,,,J-01,2,MYM-201203-SCL-YF-J6-001,20,支,,,支,,
测尘滤膜-丙纶,J6,专用物耗,盐城尊科,,40,,YFG-201126-MYM-J6-002,,购置,4,盒,常规,,,J-01,4,,,盒,,4,盒,,
石英纤维滤膜,J6,专用物耗,盐城尊科,,φ90㎜,,YFG-201126-MYM-J6-003,,购置,2,盒,常规,,,J-01,4,MYM-201207-YF-J6-001,1,盒,,1,盒,,
臭气袋,J6,专用物耗,盐城尊科,,10L,,YFG-201130-MYM-J6-001,,购置,50,个,常规,,,J-01,3,MYM-201211-YF-J6-005；MYM-210319-YF-J6-001；MYM-210420-YF-J6-006,36,个,,14,个,,
活性炭采样管,J6,专用物耗,盐城尊科,,"6*120,100个/盒",,YFG-201130-MYM-J6-002,,购置,3,盒,常规,,,J-01,2,,,盒,,3,盒,,
一次性塑料吸管,J6,专用物耗,盐城尊科,,3ml，100支/袋,,YFG-201130-MYM-J6-003,,购置,5,袋,常规,,,J-01,2,MYM-201214-SCL-J6-004；MYM-201229-SCL-J6-001；MYM-210407-QJW-J6-001；MYM-210520-QJW-J6-019；MYM-211213-WJS-J6-001,5,袋,,,袋,,
PU管,J6,专用物耗,,,6*4㎜,,YFG-201202-MYM-J6-001,,购置,20,m,常规,纸箱,,J-01,5,MYM-210727-ZX-J6-001,8,m,,12,m,,
采水桶,J6,专用物耗,,,,,YFG-201202-MYM-J6-002,,购置,1,只,常规,,,,,MYM-201203-YF-J6-003,1,只,,,只,,
尼龙绳,J6,专用物耗,,,1捆13斤,,YFG-201202-MYM-J6-003,,购置,1,卷,常规,,,,,MYM-201203-YF-J6-004,1,卷,,,卷,,
PVC钢丝管,J6,专用物耗,,,25*2.5㎜,,YFG-201210-MYM-J6-001,,购置,1,只,常规,,,,,MYM-201211-SCL-J6-003,1,只,,,只,,
丁腈手套,J6,专用物耗,,,M无粉蓝,,YFG-201210-MYM-J6-002,,购置,10,盒,常规,,,J-07,5,MYM-201221-SCL-J6-002；MYM-210105-SCL-J6-003;MYM-210329-SCL-J6-002；MYM-210407-YF-J6-004；MYM-210416-YF-J6-001;MYM-210422-SJJ-J6-002;MYM-210528-YF-J6-002；MYM-210801-ZX-J6-006;MYM-210924-ZX-J6-001；MYM-221021-WXY-J6-001,10,盒,,,盒,,
活性炭,J6,专用物耗,,,,,YFG-201216-MYM-J6-001,,购置,25,kg,常规,,,D-01,南墙角,,,kg,,25,kg,,
废液桶,J6,专用物耗,,,50L,,YFG-201218-MYM-J6-001,,购置,4,只,常规,,,D-01,南墙角,MYM-201218-SCL-J6-002；MYM-210324-SCL-J6-001；MYM-210901-RL-J6-004；MYM-220112-WJS-J6-001,4,只,,,只,,
橡皮筋,J6,专用物耗,,,,,YFG-201230-MYM-J6-001,,购置,1000,个,常规,,,J-01,2,MYM-201230-SCL-J6-001；MYM-211014-LJ-J6-002;MYM-220607-MYM-J6-002；HYI-241212-J6-001,427,个,,573,个,,
有机玻璃试管架,J6,专用物耗,,,12孔（50ml）,,YFG-210104-MYM-J6-001,,购置,4,只,常规,,,J-03,2,MYM-210104-SCL-J6-001,2,只,,2,只,,
丁腈手套,J6,专用物耗,,,M加厚,,YFG-210105-MYM-J6-001,,购置,5,盒,常规,,,J-07,5,MYM-210105-SCL-J6-002;MYM-210222-SCL-J6-001；MYM-210329-SCL-J6-003;MYM-210416-QJW-J6-006；MYM-210426-QJW-J6-005,5,盒,,,盒,,
超细纤维毛巾,J6,专用物耗,,,35*70,,YFG-210115-MYM-J6-001,,购置,2,件,常规,,,,,MYM-210118-KAP-J6-001,2,件,,,件,,
夹棉袄,J6,专用物耗,,,100/56,,YFG-210115-MYM-J6-002,,购置,1,件,常规,,,,,MYM-210118-KAP-J6-002,1,件,,,件,,
针织开衫,J6,专用物耗,,,,,YFG-210115-MYM-J6-003,,购置,1,件,常规,,,,,MYM-210118-KAP-J6-003,1,件,,,件,,
试管刷,J6,专用物耗,,,,,YFG-210128-MYM-J6-001,,购置,40,只,常规,,,J-08,4,MYM-191014-LY-JC-06-003；MYM-210128-SCL-J6-001；MYM-220217-MYM-J6-001；MYM-230524-CJF-J6-002,13,只,G5储物箱,27,只,G5储物箱,
提纯树脂,J6,专用物耗,,,,,YFG-210322-MYM-J6-001,,购置,2,包,常规,,,,,MYM-210420-QJW-J6-001；MYM-210701-QJW-J6-001,2,包,,,包,,
塑料采水瓶,J6,专用物耗,,,500毫升，39只/箱,,YFG-210322-MYM-J6-002,,购置,20,箱,常规,,,,,MYM-210323-YF-J6-001；MYM-210422-SJJ-J6-001;MYM-210512-ZX-J6-001;MYM-210528-YF-J6-001；MYM-210621-ZX-J6-001；MYM-210719-ZX-J6-001；MYM-210810-ZX-J6-001；MYM-210816-QJW-J6-004；MYM-210901-ZHL-J6-001;MYM-210914-ZHL-J6-001;MYM-210922-LJ-J6-003;MYM-210925-ZHL-J6-003；MYM-220906-MYM-J6-002；ZHD-231229-WWY-J6-007,20,箱,,,箱,,
塑料采水瓶,J6,专用物耗,,,1000毫升，22只/箱,,YFG-210323-MYM-J6-001,,购置,4,箱,常规,,,,,MYM-210325-YF-J6-001,4,箱,,,箱,,
棉纱手套,J6,专用物耗,,,,,YFG-210329-MYM-J6-001,,购置,60,副,常规,,,J-07,5,MYM-210329-LJY-J6-001;MYM-210407-YF-J6-005；MYM-210412-QJW-J6-002;MYM-210416-YF-J6-002；MYM-210507-YF-J6-001;MYM-210524-YF-J6-002；MYM-210604-QJW-J6-003;MYM-210621-ZX-J6-002；MYM-210715-ZX-J6-001；MYM-210812-GQX-J6-003；MYM-210823-ZHL-J6-001,60,副,,,副,,
离子色谱加压阀,J6,专用物耗,,,SNS/515,,YFG-210329-MYM-J6-002,,购置,1,只,常规,,,,,MYM-210329-SCL-J6-004,1,只,,,只,,
塑料采水瓶,J6,专用物耗,,,500毫升,,YFG-210402-MYM-J6-001,,购置,5,箱,常规,,,,,MYM-210407-YF-J6-006,5,箱,,,箱,,
陶瓷剪刀,J6,专用物耗,,,,,YFG-210428-MYM-J6-001,,购置,1,把,常规,,,,,MYM-210428-QJW-J6-002,1,把,,,把,,
丁腈手套,J6,专用物耗,爱马斯,,M加厚,,YFG-210428-MYM-J6-002,,购置,5,盒,常规,,,,,MYM-210506-QJW-J6-004;MYM-210525-QJW-J6-006；MYM-210604-QJW-J6-001；MYM-210707-QJW-J6-001;MYM-210801-QJW-J6-007,5,盒,,,盒,,
采水吊桶,J6,专用物耗,,,,,YFG-210428-MYM-J6-003,,购置,1,只,常规,,,,,MYM-210428-YF-J6-001,1,只,,,只,,
废液桶,J6,专用物耗,,,20L,,YFG-210506-MYM-J6-001,,购置,5,只,常规,,,,,MYM-210506-QJW-J6-005,5,只,,,只,,
刚玉坩埚,J6,专用物耗,,,40ml,,YFG-210506-MYM-J6-002,,购置,10,只,常规,,,J-01,3,MYM-210506-QJW-J6-006,5,只,,5,只,,
塑料盆,J6,专用物耗,,,,,YFG-210506-MYM-J6-003,,购置,3,只,常规,,,,,MYM-210506-QJW-J6-007,3,只,,,只,,
搪瓷托盘,J6,专用物耗,,,38*50*4,,YFG-210512-MYM-J6-001,,购置,5,只,常规,,,,,MYM-210512-QJW-J6-002,5,只,,,只,,
搪瓷托盘,J6,专用物耗,,,25*35*3,,YFG-210512-MYM-J6-002,,购置,7,只,常规,,,,,MYM-210512-QJW-J6-003,7,只,,,只,,
一次性塑料吸管,J6,专用物耗,,,10ml,,YFG-210524-MYM-J6-001,,购置,5,包,常规,,,,,MYM-210525-QJW-J6-005；MYM-210812-QJW-J6-001；MYM-210922-LJ-J6-004；MYM-211020-LJ-J6-001；MYM-211213-WJS-J6-002,5,包,,,包,,
水系过滤头(聚醚砜）,J6,专用物耗,,,0.45μm,,YFG-210527-MYM-J6-001,,购置,100,只,常规,,,,,MYM-210527-QJW-J6-001,100,只,,,只,,
氟离子电极,J6,专用物耗,,,,,YFG-210610-MYM-J6-001,,购置,1,根,常规,,,,,MYM-210610-QJW-J6-001,1,根,,,根,,
氯化氢滤膜夹,J6,专用物耗,,,25㎜,,YFG-210615-MYM-J6-001,,购置,4,个,常规,,,,,MYM-210615-YF-J6-001,4,个,,,个,,
氯化氢滤膜,J6,专用物耗,,,25㎜,,YFG-210615-MYM-J6-002,,购置,50,张,常规,,,,,MYM-210615-YF-J6-002,50,张,,,张,,
变径接头,J6,专用物耗,,,6㎜-8㎜,,YFG-210615-MYM-J6-003,,购置,10,个,常规,,,J-07,2,MYM-210615-YF-J6-003,2,个,,8,个,,
干粉灭火器,J6,专用物耗,,,4㎏,,YFG-210615-MYM-J6-004,,购置,2,个,常规,,,,,MYM-210615-YF-J6-004,2,个,,,个,,
水基型灭火器,J6,专用物耗,,,6L,,YFG-210615-MYM-J6-005,,购置,2,个,常规,,,,,MYM-210615-YF-J6-005,2,个,,,个,,
灭火器箱子,J6,专用物耗,,,5㎏,,YFG-210615-MYM-J6-006,,购置,2,个,常规,,,,,MYM-210615-YF-J6-006,2,个,,,个,,
木漏斗架,J6,专用物耗,,,,,YFG-210625-MYM-J6-001,,购置,2,个,常规,,,,,MYM-210702-QJW-J6-001,2,个,,,个,,
移液枪头,J6,专用物耗,,,1ml,,YFG-210625-MYM-J6-002,,购置,3,包,常规,,,J-01,2,MYM-210707-QJW-J6-002；MYM-210913-RL-J6-006;MYM-220124-MYM-J6-002,3,包,,,包,,
测尘滤膜-玻璃纤维,J6,专用物耗,盐城尊科,,φ90㎜,,YFG-210707-MYM-J6-001,,购置,10,盒,常规,,,J-01,4,MYM-210711-YF-J6-002；MYM-210816-QJW-J6-001；MYM-210906-RL-J6-001；MYM-211018-LJ-J6-002,5,盒,,5,盒,,
提纯树脂,J6,专用物耗,,,,,YFG-210707-MYM-J6-002,,购置,2,袋,常规,,,,,MYM-210715-QJW-J6-005,2,袋,,,袋,,
纯水机预处理滤芯,J6,专用物耗,,,10寸,,YFG-210713-MYM-J6-001,,购置,1,套,常规,,,,,MYM-210715-QJW-J6-002,1,套,,,套,,
RO膜,J6,专用物耗,,,100G,,YFG-210713-MYM-J6-002,,购置,1,个,常规,,,,,MYM-210715-QJW-J6-003,1,个,,,个,,
活性炭口罩,J6,专用物耗,,,,,YFG-210719-MYM-J6-001,,购置,6,盒,常规,,,J-07,5,MYM-210812-QJW-J6-002；MYM-210901-RL-J6-003;MYM-210922-LJ-J6-002；MYM-211104-LDL-J6-001；MYM-220527-MYM-J6-003；MYM-22011-CJF-J6-002,6,盒,,,盒,,
丁腈手套,J6,专用物耗,,,L加厚,,YFG-210719-MYM-J6-002,,购置,8,盒,常规,,,J-07,5,MYM-210819-QJW-J6-001；MYM-210901-RL-J6-007;MYM-210922-LJ-J6-001；MYM-211018-LJ-J6-003;MYM-211111-LJ-J6-001；MYM-211224-WJS-J6-001；MYM-220907-MYM-J6-001,8,盒,,,盒,,
塑料采水瓶,J6,专用物耗,,,500ml,,YFG-210722-MYM-J6-001,,购置,10,箱,常规,,,D-01,北墙角,ZHD-231229-WWY-J6-008,10,箱,,,箱,,
皮托双联管,J6,专用物耗,,,配套301 2H,,YFG-210731-MYM-J6-001,,购置,1,支,常规,,,,,MYM-210801-QJW-J6-001,1,支,,,支,,
烟尘硅胶管,J6,专用物耗,,,,,YFG-210731-MYM-J6-002,,购置,1,支,常规,,,,,MYM-210801-QJW-J6-002,1,支,,,支,,
烟温信号线,J6,专用物耗,,,,,YFG-210731-MYM-J6-003,,购置,2,支,常规,,,,,MYM-210801-QJW-J6-003,2,支,,,支,,
高效气水分离器,J6,专用物耗,,,301 2H,,YFG-210731-MYM-J6-004,,购置,1,只,常规,,,,,MYM-210801-QJW-J6-004,1,只,,,只,,
变色硅胶,J6,专用物耗,,,,,YFG-210731-MYM-J6-005,,购置,3,瓶,常规,,,,,MYM-210801-QJW-J6-005,3,瓶,,,瓶,,
测尘滤膜-过氯乙烯,J6,专用物耗,,,φ90㎜,,YFG-210818-MYM-J6-001,,购置,2,盒,常规,,,J-01,4,MYM-211122-YF-J6-001,1,盒,,1,盒,,
铝箔采气袋,J6,专用物耗,,,单阀门2L,,YFG-210821-MYM-J6-001,,购置,30,个,常规,,,,,MYM-210823-ZHL-J6-003,30,个,,,个,,
塑料采水瓶,J6,专用物耗,,,350毫升,,YFG-210821-MYM-J6-002,,购置,1,箱,常规,,,,,MYM-210823-ZHL-J6-004,1,箱,,,箱,,
塑料采水瓶,J6,专用物耗,,,100毫升,,YFG-210821-MYM-J6-003,,购置,1,箱,常规,,,,,MYM-210823-ZHL-J6-005,1,箱,,,箱,,
水系过滤头,J6,专用物耗,,,0.45μm,,YFG-210823-MYM-J6-001,,购置,200,个,常规,,,J-01,1,,,个,,200,个,,
塑料采水瓶,J6,专用物耗,,,1L，22只/箱,,YFG-210905-MYM-J6-001,,购置,2,箱,常规,,,D-01,北墙角,MYM-210915-ZX-J6-001；MYM-220517-QDJ-J6-002,1.136,箱,,0.864,箱,,
塑料采水瓶,J6,专用物耗,,,1L，22只/箱,,WWY-231229-ZHD-J6-007,,购置,0.136,箱,常规,,,,,,,箱,,0.136,箱,,
BOD5曝气装置,J6,专用物耗,,,,,YFG-211008-MYM-J6-001,,购置,1,套,常规,,,,,MYM-211008-LJ-J6-002,1,套,,,套,,
pH广范试纸,J6,专用物耗,上海三爱思,,pH1-14,,YFG-211014-MYM-J6-001,,购置,20,本,常规,,,J-01,4,MYM-211110-LJ-J6-002；MYM-220804-MYM-J6-001；MYM-230522-CJF-J6-001,8,本,,12,本,,
pH精密试纸,J6,专用物耗,上海三爱思,,pH5.5-9.0,,YFG-211014-MYM-J6-002,,购置,20,本,常规,,,J-01,4,,,本,,20,本,,
虹吸管,J6,专用物耗,,,,,YFG-211018-MYM-J6-001,,购置,1,只,常规,,,,,MYM-211018-LJ-J6-004,1,只,,,只,,
搅拌子,J6,专用物耗,,,,,YFG-211025-MYM-J6-001,,购置,10,个,常规,,,,,MYM-211025-LJ-J6-001,10,个,,,个,,
丁腈手套,J6,专用物耗,爱马斯,,M加厚,,YFG-211029-MYM-J6-001,,购置,4,盒,常规,,,J-07,5,MYM-211029-LJ-J6-001；MYM-211123-LJ-J6-004；MYM-220211-WJS-J6-001；MYM-220712-MYM-J6-001,4,盒,,,盒,,
尘埃粒子计数器配套打印机,J6,专用物耗,,,,,YFG-211111-MYM-J6-001,,购置,1,只,常规,,,,,MYM-211111-ZX-J6-002,1,只,,,只,,
PH电极,J6,专用物耗,,,E-201F,,YFG0-211106-MYM-J6-001,,购置,1,只,常规,,,,,MYM-211106-ZX-J6-001,1,只,,,只,,
PH电极,J6,专用物耗,,,E-201,,YFG0-211107-MYM-J6-001,,购置,1,只,常规,,,,,MYM-211107-ZX-J6-001,1,只,,,只,,
原子荧光泵管,J6,专用物耗,海光,,1.14*1.80,,YFG-211201-MYM-J6-001,,购置,3,待定,常规,,,J-07,2,MYM-230403-CJF-J6-003；PXQ-250522-YZH-J6-001,2,待定,,1,待定,,
原子荧光泵管,J6,专用物耗,海光,,1.52*1.80,,YFG-211201-MYM-J6-002,,购置,2,待定,常规,纸盒,,J-07,3,MYM-230403-CJF-J6-004；MYM-230619-CJF-J6-002,2,待定,,,待定,,
原子荧光泵管,J6,专用物耗,海光,,3.17*1.80,,YFG-211201-MYM-J6-003,,购置,6,待定,常规,,,J-07,2,MYM-211201-YF-J6-001,2,待定,,4,待定,,
废液桶,J6,专用物耗,,,50L,,YFG-211201-MYM-J6-004,,购置,5,只,常规,,,D-01,北墙角,MYM-211201-LJ-J6-003；MYM-220111-WJS-J6-001；MYM-220124-MYM-J6-001；MYM-220527-MYM-J6-001,5,只,,,只,,
特氟龙采样袋,J6,专用物耗,惠州淳亿科技,,1L，特厚款，带一个PIFE阀门,,YXY-211208-MYM-J6-001,,其它,2,个,常规,小纸箱,,J-02,1,MYM-220125-XPG-J6-001,2,个,,,个,,
铝箔袋,J6,专用物耗,惠州淳亿科技,,1L，特厚款，带一个PIPP阀门,,YXY-211208-MYM-J6-002,,其它,2,个,常规,小纸箱,,J-02,1,MYM-220125-XPG-J6-002,2,个,,,个,,
嗅辨袋,J6,专用物耗,惠州淳亿科技,,3L,,YXY-211208-MYM-J6-003,,其它,2,个,常规,小纸箱,,J-02,1,MYM-220125-XPG-J6-003,2,个,,,个,,
聚酯袋,J6,专用物耗,惠州淳亿科技,,臭气袋，10L，胶帽款,,YXY-211208-MYM-J6-004,,其它,2,个,常规,小纸箱,,J-02,1,MYM-220125-XPG-J6-004,2,个,,,个,,
聚酯袋,J6,专用物耗,惠州淳亿科技,,臭气袋，10L，金属接头,,YXY-211208-MYM-J6-005,,其它,2,个,常规,小纸箱,,J-02,1,MYM-220125-XPG-J6-005,2,个,,,个,,
聚酯袋,J6,专用物耗,惠州淳亿科技,,臭气袋，5L，胶帽款,,YXY-211208-MYM-J6-006,,其它,2,个,常规,小纸箱,,J-02,1,MYM-220125-XPG-J6-006,2,个,,,个,,
聚酯袋,J6,专用物耗,惠州淳亿科技,,臭气袋，3L，胶帽款,,YXY-211208-MYM-J6-007,,其它,2,个,常规,小纸箱,,J-02,1,MYM-220125-XPG-J6-007,2,个,,,个,,
聚酯袋,J6,专用物耗,惠州淳亿科技,,臭气袋，1L，胶帽款,,YXY-211208-MYM-J6-008,,其它,2,个,常规,小纸箱,,J-02,1,MYM-220125-XPG-J6-008,2,个,,,个,,
特氟龙采样袋,J6,专用物耗,惠州淳亿科技,,1L，特厚款，带一个PIFE阀门,,WWY-231229-ZHD-J6-008,,其它,2,个,常规,小纸箱,,J-02,1,,,个,,2,个,,
铝箔袋,J6,专用物耗,惠州淳亿科技,,1L，特厚款，带一个PIPP阀门,,WWY-231229-ZHD-J6-009,,其它,2,个,常规,小纸箱,,J-02,1,,,个,,2,个,,
嗅辨袋,J6,专用物耗,惠州淳亿科技,,3L,,WWY-231229-ZHD-J6-010,,其它,2,个,常规,小纸箱,,J-02,1,,,个,,2,个,,
聚酯袋,J6,专用物耗,惠州淳亿科技,,臭气袋，10L，胶帽款,,WWY-231229-ZHD-J6-011,,其它,2,个,常规,小纸箱,,J-02,1,,,个,,2,个,,
聚酯袋,J6,专用物耗,惠州淳亿科技,,臭气袋，10L，金属接头,,WWY-231229-ZHD-J6-012,,其它,2,个,常规,小纸箱,,J-02,1,,,个,,2,个,,
聚酯袋,J6,专用物耗,惠州淳亿科技,,臭气袋，5L，胶帽款,,WWY-231229-ZHD-J6-013,,其它,2,个,常规,小纸箱,,J-02,1,,,个,,2,个,,
聚酯袋,J6,专用物耗,惠州淳亿科技,,臭气袋，3L，胶帽款,,WWY-231229-ZHD-J6-014,,其它,2,个,常规,小纸箱,,J-02,1,,,个,,2,个,,
聚酯袋,J6,专用物耗,惠州淳亿科技,,臭气袋，1L，胶帽款,,WWY-231229-ZHD-J6-015,,其它,2,个,常规,小纸箱,,J-02,1,,,个,,2,个,,
玻璃纤维滤筒,J6,专用物耗,惠州淳亿科技,,2#,,YXY-211208-MYM-J6-009,,其它,3,个,常规,小纸箱,,J-02,1,,,个,,3,个,,
玻璃纤维滤筒,J6,专用物耗,惠州淳亿科技,,3#,,YXY-211208-MYM-J6-010,,其它,3,个,常规,小纸箱,,J-02,1,,,个,,3,个,,
活性炭溶剂解析型采样管,J6,专用物耗,惠州淳亿科技,,6*120㎜，50/100mg,,YXY-211208-MYM-J6-013,,其它,10,支,常规,小纸箱,,J-02,1,,,支,,10,支,,
硅胶溶剂解析型采样管,J6,专用物耗,惠州淳亿科技,,6*120㎜，50/100mg,,YXY-211208-MYM-J6-014,,其它,10,支,常规,小纸箱,,J-02,1,,,支,,10,支,,
组合二采样管,J6,专用物耗,惠州淳亿科技,,1/4*3.5英寸，带金属及接头,,YXY-211208-MYM-J6-015,,其它,1,待定,常规,小纸箱,,J-02,1,,,待定,,1,待定,,
组合三采样管,J6,专用物耗,惠州淳亿科技,,1/4*3.6英寸，带金属及接头,,YXY-211208-MYM-J6-016,,其它,1,待定,常规,小纸箱,,J-02,1,,,待定,,1,待定,,
防护服,J6,专用物耗,,,,,QDJ-211221-MYM-J6-001,,其它,29,件,常规,大纸箱,,J-02,1,,,件,,29,件,,
医用橡胶一次性检查手套,J6,专用物耗,,,,,QDJ-211221-MYM-J6-002；WYH-251119-WYH-J6-006,,其它,24,副,常规,大纸箱,,J-02,1,,,副,,24,副,,原先23副，2025.11.19日返还入库1副
医用橡胶一次性灭菌手套,J6,专用物耗,,,,,QDJ-211221-MYM-J6-003,,其它,1,副,常规,大纸箱,,J-02,1,,,副,,1,副,,
带电作业用绝缘手套,J6,专用物耗,天津中兴/金步安,,12KV,,QDJ-220111-MYM-J6-001,,返还,2,副,常规,,,J-01,1,,,副,,2,副,,
工作救生衣,J6,专用物耗,,,AD95-1型,,QDJ-220111-MYM-J6-002,,返还,2,件,常规,,,J-01,1,,,件,,2,件,,
绝缘鞋,J6,专用物耗,天津中兴/金步安,,260,,QDJ-220111-MYM-J6-003,,返还,2,双,常规,,,J-01,1,,,双,,2,双,,
国标安全带,J6,专用物耗,滨州安特化纤绳网有限公司,,,,QDJ-220111-MYM-J6-004,,返还,1,待定,常规,,,J-01,1,,,待定,,1,待定,,
安全带,J6,专用物耗,,,宽0.05米,,QDJ-220111-MYM-J6-005,,返还,1,待定,常规,,,J-01,1,,,待定,,1,待定,,
警戒带,J6,专用物耗,,,,,QDJ-220111-MYM-J6-006,,返还,1,待定,常规,,,J-01,1,,,待定,,1,待定,,
汽车三角警示架,J6,专用物耗,日照奥丰/车狮,,ABS工程塑料+铁,,QDJ-220111-MYM-J6-007,,返还,1,只,常规,,,J-01,1,,,只,,1,只,,
双盒防毒口罩,J6,专用物耗,南通宝瑚,,2595,,QDJ-220111-MYM-J6-008,,返还,1,只,常规,,,J-03,1,,,只,,1,只,,
一次性防滑PE手套,J6,专用物耗,常德比克曼生物科技,,均码，100只/袋,,QDJ-220111-MYM-J6-009,,返还,4,袋,常规,,,J-07,5,ZHD-231121-WWY-J6-002,1,袋,,3,袋,,
活性炭采样管,J6,专用物耗,盐城尊科,,6*120，溶剂解吸析型，50/100mg，中性,,QDJ-220111-MYM-J6-010,,返还,60,支,常规,,,J-01,2,MYM-220902-MYM-J6-001.CJF-230807-CJF-J6-001、ZHD-231127-WWY-J6-001、ZHD-231130-WWY-J6-001、ZHD-231228-WWY-J6-001、ZHD-231229-WWY-J6-009；SYY-251011-LDC-J6-002,60,支,,,支,,
硅胶采样管,J6,专用物耗,盐城尊科,,6*80，溶剂解析型，50/100mg，中性,,QDJ-220111-MYM-J6-011,,返还,73,支,常规,,,J-01,2,,,支,,73,支,,
一次性使用无菌注射针（针头）,J6,专用物耗,成都新津,,0.7*30,,MYM-220112-MYM-J6-001,,返还,160,支,常规,,,J-09,3,,,支,,160,支,,
pH复合电极,J6,专用物耗,,,,,QDJ-220526-MYM-J6-001,,购置,1,支,常规,,,,,MYM-220527-MYM-J6-001,1,支,,,支,,
试剂托盘,J6,专用物耗,,,,,QHJ-220606-MYM-J6-001,,购置,6,只,常规,,,,,MYM-220606-MYM-J6-001,6,只,,,只,,
双盒防毒口罩,J6,专用物耗,,,,,MYM-220613-MYM-J6-001,,返还,3,只,常规,,,J-03,1,MYM-30504-CJF-J6-002,2,只,,1,只,,
pH复合电极,J6,专用物耗,,,,,QDJ-220616-MYM-J6-001,,购置,1,只,常规,,,,,MYM-220616-MYM-J6-001,1,只,,,只,,
雾化器（鱼缸、假山景观等用）,J6,专用物耗,,,,,MYM-220620-MYM-J6-001,,其它,2,只,常规,,,J-08,1,,,只,,2,只,,由310台柜上转来。
废液桶,J6,专用物耗,,,50L,,QDJ-220727-MYM-J6-001,,购置,6,只,常规,,,D-01,南墙角,MYM-220728-MYM-J6-001；MYM-230116-CJF-J6-001,3,只,,3,只,,
温度传感器,J6,专用物耗,,,PT100,,QDJ-220811-MYM-J6-001,,购置,1,只,常规,,,,,MYM-220811-MYM-J6-001,1,只,,,只,,
3M口罩,J6,专用物耗,3M中国有限公司,,9002V,,QDJ-220821-MYM-J6-001,,购置,44,只,常规,,,J-07,5,MYM-230712-ZRJ-J6-001,4,只,,40,只,,
木板,J6,专用物耗,,,1423*60㎜,,ZRJ-220829-MYM-J6-001,,购置,1,只,常规,,,D-01,东南墙角,WYH-251124-WYH-J6-002,1,只,,,只,,2025.11.25日出库核销
婴儿手口柔湿巾,J6,专用物耗,,,,,QHJ-220905-MYM-J6-001,,购置,10,包,常规,,,,,MYM-220906-MYM-J6-001；MYM-221025-WXY-J6-001;MYM-221207-QHJ-J6-001;MYM-221207-CJF-J6-002；MYM-230524-CJF-J6-001；CJF-231026-ZD-J6-001,10,包,,,包,,
丁腈手套,J6,专用物耗,爱马斯,,M/L,,QDJ-221009-MYM-J6-001,,购置,4,盒,常规,,,J-07,5,MYM-221011-CJF-J6-001;MYM-221216-CJF-J6-001；MYM-230331-CJF-J6-002；ZHD-231129-WWY-J6-001,4,盒,,,盒,,
75%酒精消毒液,J6,专用物耗,,,2.5L/桶,,QHJ-221025-MYM-J6-001,,购置,4,桶,常规,,,,,MYM-221115-CJF-J6-001；MYM-221219-ZDG-J6-001；MYM-221222-CJF-J6-001;MYM-230116-CJF-J6-001,4,桶,,,桶,,
一次性塑料吸管,J6,专用物耗,,,100只/袋，5ml,,QDJ-221028-MYM-J6-001,,购置,2,袋,常规,,,,,MYM-230522-CJF-J6-002,2,袋,,,袋,,
提纯树脂,J6,专用物耗,,,,,QDJ-221114-MYM-J6-001,,购置,1,袋,常规,,,,,MYM-221114-CJF-J6-001,1,袋,,,袋,,
危废标签,J6,专用物耗,,,,,QDJ-221210-MYM-J6-001,,购置,21,张,常规,,,J-07,2,,,张,,21,张,,
次氯酸,J6,专用物耗,康威龙,,5L,,QDJ-230110-MYM-J6-001,,购置,1,桶,常规,,,,,MYM-230529-ZD-J6-001,1,桶,,,桶,,
泵油,J6,专用物耗,,,1L,,QHJ-230407-MYM-J6-001,,购置,1,瓶,常规,,,,,MYM-230407-CJF-J6-001,1,瓶,,,瓶,,
丁腈手套,J6,专用物耗,爱马斯,,M/S,,QHJ-230412-MYM-J6-001,,购置,2,盒,常规,,,J-07,5,MYM-230412-CJF-J6-001；MYM-230427-CJF-J6-001,2,盒,,,盒,,
高效活性炭口罩,J6,专用物耗,以安,,"S602,四层，10个/包",,QHJ-230413-MYM-J6-001,,购置,20,包,常规,,,J-07,5,MYM-230417-CJF-J6-001;MYM-230504-CJF-J6-001；MYM-230619-CJF-J6-001；MYM-230719-QYT-J6-001，QYT-230905-CJF-J6-001；ZHD-231228-WWY-J6-002；WYH-251028-LDC-J6-001,16,包,,4,包,,
封口膜,J6,专用物耗,,,"PM-996,10.2CM*38.1M",,QHJ-230425-MYM-J6-001,,购置,1,盒,常规,,,,,MYM-230425-CJF-J6-002,1,盒,,,盒,,
铜管双卡套,J6,专用物耗,,,1月8日,,QHJ-230606-MYM-J6-001,,购置,1,套,常规,,,,,MYM-230606-CJF-J6-001,1,套,,,套,,
次氯酸钠消毒液,J6,专用物耗,惠卫士,,5L,,ZGG-230608-MYM-J6-001,,购置,1,桶,常规,,,D-01,门口桌下,,,桶,,1,桶,,
提纯树脂,J6,专用物耗,上海华樵环保设备有限公司,,5L,,QDJ-230814-CJF-J6-001,,其它,1,袋,常规,,,,,CJF-230814-QYT-J6-001,1,袋,,,袋,,
纳米喷雾杀菌枪,J6,专用物耗,,,K5,,QDJ-230706-MYM-J6-001,,其它,1,只,常规,,,J-07,5,,,只,,1,只,,
不锈钢数显卡尺,J6,专用物耗,,,0-150mm,,QDJ-230707-MYM-J6-001,,其它,1,个,常规,,,J-07,3,,,个,,1,个,,
塑料采水瓶,J6,专用物耗,,,"500ml,44只/箱",,WWY-240111-ZHD-J6-001,,返还,3.409,箱,常规,,,D-01,北墙角,ZHD-240319-WWY-J6-001,2,箱,,1.409,箱,,20240111由南通转来
小白板,J6,专用物耗,,,,,WWY-240111-ZHD-J6-002,,返还,1,个,常规,,,J-01,2,,,个,,1,个,,20240111由南通转来
硅胶软管（带管帽）,J6,专用物耗,,,,,WWY-240201-ZHD-J6-001,,返还,1,袋,常规,纸箱,,J-01,5,,,袋,,1,袋,,20240201由南通转来
丁腈手套,J6,专用物耗,,,100只/盒,,YHQ-240514-WJG-J6-001,,购置,4,盒,常规,,,P04G-08,2,WJG-240612-YHG-J6-001；SYY-250902-QDJ-J6-001,4,盒,,,盒,,20240514由南通签收
PE自封袋,J6,专用物耗,,,20*30*14丝，100只/袋,,YHQ-240514-WJG-J6-002,,购置,1000,只,常规,,,P04G-08,2,WJG-240618-YHG-J6-001；SYY-250905-QDJ-J6-003,600,只,,400,只,,20240514由南通签收
一次性耐用丁腈手套,J6,专用物耗,赛洛尼,,100只m码,,CJM-240720-CYQ-J6-001,,购置,2,盒,常规,,,J-01,2,CYQ-240720-LMI-J6-001；PKF-250613-PXQ-J6-001,2,盒,,,盒,,
一次性耐用丁腈手套,J6,专用物耗,赛洛尼,,100只s码,,CJM-240720-CYQ-J6-002,,购置,2,盒,常规,,,J-01,2,CYQ-240720-LMI-J6-002,2,盒,,,盒,,
心相印牌厨房纸巾,J6,专用物耗,心相印,,210mm*210mm*2层*60抽,,CJM-240722-CYQ-J6-001,,购置,9,包,常规,,,J-01,2,CYQ-240722-LMI-J6-001,3,包,,6,包,,
气瓶绑带,J6,专用物耗,西安GPNJD镜屏机电科技有限公司,,1m*3.8cm,,CJM-240722-CYQ-J6-002,,购置,6,条,常规,,,,,CYQ-240722-LMI-J6-002,6,条,,,条,,
无菌手套,J6,专用物耗,稳健医疗,,m码,,CJM-240722-CYQ-J6-003,,购置,2,盒,常规,,,J-01,2,CYQ-240918-LMI-J6-001；SYY-250905-SYY-J6-002,2,盒,,,盒,,
无菌手套,J6,专用物耗,稳健医疗,,s码,,CJM-240722-CYQ-J6-004,,购置,2,盒,常规,,,J-01,2,CYQ-240918-LMI-J6-002,1,盒,,1,盒,,
牛皮纸,J6,专用物耗,盐城智学实验器材,,1092*787mm,,YHQ-240801-CYQ-J6-001,,购置,1,包,常规,,,,,CYQ-240801-LMI-J6-001,1,包,,,包,,
乳胶帽,J6,专用物耗,垒固,,S-006004,,YHQ-240805-CYQ-J6-001,,购置,10,个,常规,,,,,CYQ-240805-LMI-J6-001,10,个,,,个,,
封口膜,J6,专用物耗,比克曼生物,,12*12cm,,YHQ-240805-CYQ-J6-002,,购置,1,盒,常规,,,,,CYQ-240805-LMI-J6-002,1,盒,,,盒,,
75%乙醇消毒液,J6,专用物耗,山东安捷高科消毒科技,,500ml,,YHQ-240812-CYQ-J6-001,,购置,10,瓶,常规,,,D-01,东南墙角,CYQ-240812-LMI-J6-001,5,瓶,,5,瓶,,
手术室拖鞋,J6,专用物耗,娜而诗旗舰店,,40码,,YHQ-240812-CYQ-J6-002,,购置,2,双,常规,,,,,CYQ-240812-LMI-J6-002,2,双,,,双,,
手术室拖鞋,J6,专用物耗,娜而诗旗舰店,,45码,,YHQ-240812-CYQ-J6-003,,购置,2,双,常规,,,,,CYQ-240812-LMI-J6-003,2,双,,,双,,
无尘帽,J6,专用物耗,湖北众友利合,,TM-002,,YHQ-240812-CYQ-J6-004,,购置,10,包,常规,,,J-07,3,CYQ-240812-LMI-J6-004,1,包,,9,包,,
气瓶标识牌,J6,专用物耗,爱卡堂,,3区,,YHQ-240812-CYQ-J6-005,,购置,20,个,常规,,,J-07,3,CYQ-240812-LMI-J6-005,18,个,,2,个,,
95%医用酒精,J6,专用物耗,新泰市亿鑫康医疗,,2L,,YHQ-240814-CYQ-J6-001,,购置,1,桶,常规,,,,,CYQ-240814-LMI-J6-001,1,桶,,,桶,,
移液器吸头,J6,专用物耗,棱锐,,5ml*100支,,YHQ-240814-CYQ-J6-002,,购置,5,包,常规,,,,,CYQ-240814-LMI-J6-002,5,包,,,包,,
移液器吸头,J6,专用物耗,棱锐,,1ml*500支,,YHQ-240814-CYQ-J6-003,,购置,5,包,常规,,,,,CYQ-240814-LMI-J6-003,5,包,,,包,,
移液器吸头,J6,专用物耗,棱锐,,200ul*1000支,,YHQ-240814-CYQ-J6-004,,购置,5,包,常规,,,,,CYQ-240814-LMI-J6-004,5,包,,,包,,
移液器吸头盒,J6,专用物耗,棱锐,,5ml*28孔,,YHQ-240814-CYQ-J6-005,,购置,5,个,常规,,,,,CYQ-240814-LMI-J6-005,5,个,,,个,,
移液器吸头盒,J6,专用物耗,棱锐,,1ml*100孔,,YHQ-240814-CYQ-J6-006,,购置,5,个,常规,,,,,CYQ-240814-LMI-J6-006,5,个,,,个,,
移液器吸头盒,J6,专用物耗,棱锐,,200ul*96孔,,YHQ-240814-CYQ-J6-007,,购置,5,个,常规,,,,,CYQ-240814-LMI-J6-007,5,个,,,个,,
超细玻璃纤维滤膜,J6,专用物耗,聚凯科创,,90mm，0.3um孔径，100张1盒,,YHQ-240909-CYQ-J6-001,,购置,1,盒,常规,,,,,CYQ-240909-LMI-J6-001,1,盒,,,盒,,
收纳盒,J6,专用物耗,,,18*9*6cm,,QDJ-241114-HYI-J6-001,,购置,5,个,常规,,,J-07,3,WYH-251111-WYH-J6-005,3,个,,2,个,,
温湿度计,J6,专用物耗,智瑞达,,HTC-1,,QDJ-241114-HYI-J6-002,,购置,2,个,常规,,,J-07,3,,,个,,2,个,,
呼吸面罩,J6,专用物耗,,,620P，3M,,HYI-241116-HYI-J6-001,,其它,1,只,常规,,,J-08,4,,,只,,1,只,,
CN-CA滤膜,J6,专用物耗,成都菲尔斯特仪器有限公司,,直径100μm，孔径0.45mm,,KDY-250623-PKF-J6-001,,购置,50,张,常规,,,J-01,4,,,张,,50,张,,
一次性耐用丁腈手套,J6,专用物耗,赛洛尼（江苏扬子利得医疗器械有限公司）,,L,,KDY-250623-PKF-J6-002,,购置,1,盒,常规,,,J-01,2,SYY-250828-LDC-J6-001,1,盒,,,盒,,
一次性耐用丁腈手套,J6,专用物耗,赛洛尼（江苏扬子利得医疗器械有限公司）,,M,,KDY-250623-PKF-J6-003,,购置,1,盒,常规,,,J-01,2,PXQ-250708-XQN-J6-002,1,盒,,,盒,,
一次性耐用丁腈手套,J6,专用物耗,赛洛尼（江苏扬子利得医疗器械有限公司）,,S,,KDY-250623-PKF-J6-004,,购置,1,盒,常规,,,J-01,2,SYY-251011-SYY-J6-001,1,盒,,,盒,,
脱脂棉球,J6,专用物耗,和泰（曹县和泰卫生材料有限公司),,500g/0.3g,,KDY-250623-PKF-J6-005,,购置,1,包,常规,,,J-08,5,,,包,,1,包,,
不锈钢消毒筐,J6,专用物耗,不锈钢消毒筐制品厂,,250mm*170mm*70mm，网孔2mm,,KDY-250623-PKF-J6-006,,购置,1,个,常规,,,J-08,3,,,个,,1,个,,
棉拭子,J6,专用物耗,江西松鹤医疗器械有限公司,,15cm,,KDY-250623-PKF-J6-007,,购置,100,只,常规,,,J-07,5,WYH-251119-WYH-J6-007,100,只,,,只,,2025.11.19日出库核销
枯草杆菌黑色变种芽孢菌片,J6,专用物耗,北京鑫四环消毒技术开发有限公司,,50片/包,,KDY-250623-PKF-J6-008,,购置,1,包,常规,,,212,冰箱,WYH-251122-WYH-J6-006,1,包,,,包,,
嗜热脂肪芽孢菌片,J6,专用物耗,北京鑫四环消毒技术开发有限公司,,50片/包,,KDY-250623-PKF-J6-009,,购置,1,包,常规,,,212,冰箱,PKF-250624-SYY-J6-002,1,包,,,包,,
压力蒸汽灭菌标准生物测试包,J6,专用物耗,山东新华医疗器械股份有限公司,,48小时,,KDY-250623-PKF-J6-010,,购置,1,盒,常规,,,J-01,4,,,盒,,1,盒,,
水质大肠菌群检验纸片,J6,专用物耗,广东达元绿洲食品安全科技股份有限公司,,15片/包,,KDY-250623-PKF-J6-011,,购置,2,包,常规,,,212,冰箱,WYH-251122-WYH-J6-007,2,包,,,包,,
水质粪I型55.5mL 测试片,J6,专用物耗,广东达元绿洲食品安全科技股份有限公司,,15片/包,,KDY-250623-PKF-J6-012,,购置,2,包,常规,,,212,冰箱,WYH-251122-WYH-J6-008,2,包,,,包,,
水质粪Ⅱ型 5.55mL 测试片,J6,专用物耗,广东达元绿洲食品安全科技股份有限公司,,15片/包,,KDY-250623-PKF-J6-013,,购置,2,包,常规,,,212,冰箱,WYH-251122-WYH-J6-009,2,包,,,包,,
醋酸铅试纸,J6,专用物耗,上海馨晟试华工科技有限公司,,100条/盒,,KDY-250623-PKF-J6-014,,购置,1,盒,常规,,,J-01,4,,,盒,,1,盒,,
碘化钾淀粉试纸,J6,专用物耗,上海馨晟试华工科技有限公司,,100条/盒,,KDY-250623-PKF-J6-015,,购置,1,盒,常规,,,J-01,4,,,盒,,1,盒,,
塑料滴管,J6,专用物耗,益捷实验耗材有限公司,,10ml，100支/包,,KDY-250623-PKF-J6-016,,购置,1,包,常规,,,J-03,2,,,包,,1,包,,
塑料滴管,J6,专用物耗,益捷实验耗材有限公司,,5ml，100支/包,,KDY-250623-PKF-J6-017,,购置,1,包,常规,,,J-03,2,,,包,,1,包,,
塑料滴管,J6,专用物耗,益捷实验耗材有限公司,,3ml，100支/包,,KDY-250623-PKF-J6-018,,购置,1,包,常规,,,J-03,2,,,包,,1,包,,
塑料滴管,J6,专用物耗,益捷实验耗材有限公司,,2ml，100支/包,,KDY-250623-PKF-J6-019,,购置,1,包,常规,,,J-03,2,,,包,,1,包,,
塑料滴管,J6,专用物耗,益捷实验耗材有限公司,,1ml，100支/包,,KDY-250623-PKF-J6-020,,购置,1,包,常规,,,J-03,2,,,包,,1,包,,
棉绳,J6,专用物耗,益捷实验耗材有限公司,,1.5mm，70m,,KDY-250623-PKF-J6-021,,购置,1,卷,常规,,,J-01,4,,,卷,,1,卷,,
脱脂棉,J6,专用物耗,和泰（曹县和泰卫生材料有限公司),,500g,,KDY-250623-PKF-J6-022,,购置,1,包,常规,,,J-08,5,,,包,,1,包,,
纱布,J6,专用物耗,华鲁（曹县华鲁卫生材料有限公司）,,500g,,KDY-250623-PKF-J6-023,,购置,1,包,常规,,,J-08,5,,,包,,1,包,,
霍加拉特催化剂,J6,专用物耗,颢清（山东颢清环保科技有限公司）,,500g,,KDY-250623-PKF-J6-025,,购置,2,瓶,常规,,,D-01,门口桌下,,,瓶,,2,瓶,,
蒸馏水,J6,专用物耗,屈臣氏,,4.5L/瓶,,KDY-250702-PXQ-J6-001,,购置,8,瓶,常规,,,D-01,门口桌下,PXQ-250704-YZH-J6-001；PXQ-250708-YZH-J6-001；SYY-250905-YZH-J6-001；SYY-250926-YZH-J6-001,8,瓶,,,瓶,,
乳胶手套,J6,专用物耗,万丰（思丰远大橡胶塑制品有限公司）,,55cm，黑色,,KDY-250702-PXQ-J6-002,,购置,1,双,常规,,,J-07,5,,,双,,1,双,,
移液枪头,J6,专用物耗,SGRG（扬州益捷实验仪器有限公司）,,10μl，1000个/包,,KDY-250702-PXQ-J6-004,,购置,1,包,常规,,,J-01,2,,,包,,1,包,,
移液枪头,J6,专用物耗,SGRG（扬州益捷实验仪器有限公司）,,1ml，500个/包,,KDY-250702-PXQ-J6-005,,购置,1,包,常规,,,J-01,2,,,包,,1,包,,
移液枪头,J6,专用物耗,SGRG（扬州益捷实验仪器有限公司）,,5ml，300个/包,,KDY-250702-PXQ-J6-006；PXQ-250703-SYY-J6-001,,购置,1,包,常规,,,J-01,2,SYY-250703-PXQ-J6-001,0,包,,1,包,,
移液枪头,J6,专用物耗,SGRG（扬州益捷实验仪器有限公司）,,10ml，100个/包,,KDY-250702-PXQ-J6-007,,购置,1,包,常规,,,J-01,2,,,包,,1,包,,
四层活性炭口罩,J6,专用物耗,益捷实验耗材有限公司,,50只/盒,,KDY-250702-PXQ-J6-008,,购置,3,盒,常规,,,J-07,5,WYH-251028-LDC-J6-002,1,盒,,2,盒,,
棉线手套,J6,专用物耗,淘工厂,,800型,,KDY-250702-PXQ-J6-009,,购置,12,双,常规,,,J-07,5,,,双,,12,双,,
口罩,J6,专用物耗,恒品（浙江航康医疗器械有限公司）,,WF-PJA，50只/盒,,KDY-250702-PXQ-J6-010,,购置,4,盒,常规,,,J-01,2,,,盒,,4,盒,,
色觉检查图,J6,专用物耗,辽宁科学技术出版社,,168页,,KDY-250708-PXQ-J6-001,,购置,1,本,常规,,,J-01,2,,,本,,1,本,,
露水牌紫外线强度测试卡,J6,专用物耗,苏州露水生物,,100片/盒,,KDY-250714-SYY-J6-001,,购置,1,盒,常规,,,J-01,4,SYY-250714-LDC-J6-001,1,盒,,,盒,,
发烟管,J6,专用物耗,毅畅实业,,20支/盒,,KDY-250714-SYY-J6-002,,购置,1,盒,常规,,,J-01,4,SYY-250714-LDC-J6-002,1,盒,,,盒,,
蒸馏水,J6,专用物耗,屈臣氏,,4.5L/瓶,,KDY-250926-SYY-J6-001,,购置,8,瓶,常规,,,D-01,门口桌下,,,瓶,,8,瓶,,
一次性耐用丁腈手套,J6,专用物耗,赛洛尼（江苏扬子利得医疗器械有限公司）,,L,,KDY-251014-SYY-J6-001,,购置,2,盒,常规,,,D-01,2,WYH-251030-WYH-J6-001,1,盒,,1,盒,,
一次性耐用丁腈手套,J6,专用物耗,赛洛尼（江苏扬子利得医疗器械有限公司）,,M,,KDY-251014-SYY-J6-002,,购置,2,盒,常规,,,D-01,2,,,盒,,2,盒,,
牛皮纸,J6,专用物耗,盐城智学实验器材,,1092*787nm,,ZRJ-251020-SYY-J6-001,,购置,1,捆,常规,,,J-07,5,,,捆,,1,捆,,303室返还
移液枪头,J6,专用物耗,棱锐,,200微升,,ZRJ-251020-SYY-J6-002,,购置,3,袋,常规,,,J-03,旁边纸箱,,,袋,,3,袋,,303室返还
移液枪头,J6,专用物耗,棱锐,,1ml,,ZRJ-251020-SYY-J6-003,,购置,2,袋,常规,,,J-03,旁边纸箱,,,袋,,2,袋,,303室返还
移液枪头,J6,专用物耗,棱锐,,5ml,,ZRJ-251020-SYY-J6-004,,购置,1,袋,常规,,,J-03,旁边纸箱,WYH-251118-WYH-J6-001,1,袋,,,袋,,303室返还
GPI-2气体净化器,J6,专用物耗,浙江福立分析仪器股份有限公司,,GPI-2,,KDY-251105-WYH-J6-001,,购置,3,盒,常规,,,J-02,2,WYH-251107-YZH-J6-001,3,盒,,,盒,,
砂纸,J6,专用物耗,湖北丰普研磨科技有限公司,,,,QDJ-251107-WYH-J6-001,,其它,1,片,常规,,,J-07,4,,,片,,1,片,,从312找到的，然后入库
气管接头,J6,专用物耗,,,变径6转5mm,,KDY-251110-WYH-J6-001,,购置,1,个,常规,抽屉内,,301C-08,,WYH-251122-WYH-J6-010,1,个,,,个,,
迷你微小型接头快速快插直通,J6,专用物耗,,,变径6转5mm,,KDY-251110-WYH-J6-002,,购置,10,个,常规,抽屉内,,301C-08,,WYH-251122-WYH-J6-011,10,个,,,个,,
PU气管软管,J6,专用物耗,,,6*4㎜,,KDY-251110-WYH-J6-003,,购置,15,m,常规,柜子内,,301G-08,,WYH-251122-WYH-J6-012,15,m,,,m,,蓝色
品字插座（UV专用）,J6,专用物耗,,,卡式三合一带保险丝,,ZRJ-251111-WYH-J6-002,,购置,3,个,常规,,,J-07,4,,,个,,3,个,,
GPI-2气体净化器,J6,专用物耗,浙江福立分析仪器股份有限公司,,GPI-2,,KDY-251112-WYH-J6-002,,购置,3,盒,常规,,,J-02,2,WYH-251112-YZH-J6-003,3,盒,,,盒,,
摄像头防水罩（防水防雨）,J6,专用物耗,Vision Station,,ZC-H15-SH/AC 24W,,WYH-251118-WYH-J6-002,,其它,2,个,常规,,,J-09,1,,,个,,2,个,,
双头开口呆扳手,J8,专用工具,,,24与22,,,,其它,1,把,常规,,,205C-17,,WYH-251117-WYH-J8-001,1,把,,,把,,2025.11.17出库并放置于205C-17
双头开口呆扳手,J8,专用工具,,,14与17,,,,其它,1,把,常规,,,205C-17,,WYH-251117-WYH-J8-002,2,把,,,把,,2025.11.17出库并放置于205C-17
双头开口呆扳手,J8,专用工具,,,8与10,,,,其它,1,把,常规,,,205C-17,,WYH-251117-WYH-J8-003,3,把,,,把,,2025.11.17出库并放置于205C-17
十字螺丝刀,J8,专用工具,,,,红柄,,,其它,1,把,常规,,,205C-17,,WYH-251117-WYH-J8-004,4,把,,,把,,2025.11.17出库并放置于205C-17
平口螺丝刀,J8,专用工具,,,,黄柄,,,其它,1,把,常规,,,205C-17,,WYH-251117-WYH-J8-005,5,把,,,把,,2025.11.17出库并放置于205C-17
一字螺丝刀,J8,专用工具,,,,红柄,,,其它,1,把,常规,,,205C-17,,WYH-251117-WYH-J8-006,6,把,,,把,,2025.11.17出库并放置于205C-17
Y型螺丝刀,J8,专用工具,,,,红柄,,,其它,1,把,常规,,,205C-17,,WYH-251117-WYH-J8-007,7,把,,,把,,2025.11.17出库并放置于205C-17
尖口小钳子,J8,专用工具,,,,黄黑柄,,,其它,1,把,常规,,,205C-17,,WYH-251117-WYH-J8-008,8,把,,,把,,2025.11.17出库并放置于205C-17
内六角螺丝刀,J8,专用工具,,,,小的短的,,,其它,1,把,常规,,,205C-17,,WYH-251117-WYH-J8-009,9,把,,,把,,2025.11.17出库并放置于205C-17
内六角螺丝刀,J8,专用工具,,,,1套6把,,,其它,1,套,常规,,,205C-17,,WYH-251117-WYH-J8-010,10,套,,,套,,2025.11.17出库并放置于205C-17
活动扳手,J8,专用工具,,,12”300㎜,,,,其它,1,把,常规,抽屉内,,301C-09,,WYH-251117-WYH-J8-011,1,把,,,把,,2025.11.17出库并放置于301C-09
塑料镊子,J8,专用工具,,,,,,,其它,1,把,常规,抽屉内,,301C-09,,WYH-251117-WYH-J8-012,1,把,,,把,,2025.11.17出库并放置于301C-09
反光镜,J8,专用工具,,,白色小长柄,,WYH-251119-WYH-J8-008,,其它,2,把,常规,抽屉内,,301C-09,,WYH-251119-WYH-J8-009,2,把,,,把,,原有1把，2025.11.19入库1把，当日又出库2把，均放置在301C-09
内六角螺丝刀,J8,专用工具,,,,黑色,,,其它,1,把,常规,抽屉内,,301C-09,,WYH-251117-WYH-J8-013,1,把,,,把,,2025.11.17出库并放置于301C-09
采样锥拆卸工具,J8,专用工具,,,,,,,其它,1,套,常规,ICP-MS 2#盒,,302C-06,,,,套,,1,套,,与ICP-MS采样锥配套使用
色谱柱割刀,J8,专用工具,,,,,,,其它,3,只,常规,白色塑料盒子内,,302G-10,,,,只,,3,只,,
梅花开口呆扳手,J8,专用工具,,,7月16日,,,,其它,2,把,常规,白色塑料盒子内,,302G-10,,WYH-251111-YZH-J8-013,1,把,,1,把,,2025.11.11出库1把于YZH，YZH放置于304C-01
双头开口呆扳手,J8,专用工具,,,1/4与5/16,,,,其它,4,把,常规,白色塑料盒子内,,302G-10,,WYH-251111-YZH-J8-012,1,把,,3,把,,2025.11.11出库1把于YZH，YZH放置于304C-01
双头开口呆扳手,J8,专用工具,,,3/8与7/16,,,,其它,1,把,常规,白色塑料盒子内,,302G-10,,,,把,,1,把,,
气路管道切割工具,J8,专用工具,,,,,,,其它,1,个,常规,白色塑料盒子内,,302G-10,,SYY-251021-YZH-J8-001;WYH-251111-YZH-J8-006,1,个,YZH借用;YZH出库拿走,,个,,2025.11.11出库1个于YZH，YZH放置于304C-01
镊子,J8,专用工具,,,,2大2小,,,其它,4,把,常规,白色塑料盒子内,,302G-10,,WYH-251111-YZH-J8-007；WYH-251111-WYH-J8-008,3,把,,1,把,,2025.11.11一个尖头镊子出库于YZH（存于304C-01）、2025.11.11一大一小镊子出库于WYH（存于301C-09）
内六角螺丝刀,J8,专用工具,,,8㎜,,,,其它,1,把,常规,白色塑料盒子内,,302G-10,,,,把,,1,把,,
内六角螺丝刀,J8,专用工具,,,1R3812-5T10,,YZH-251215-SYO-J8-001,,其它,1,把,常规,白色塑料盒子内,,302G-10,,SYO-251201-YZH-J8-001,,把,,1,把,,
内六角螺丝刀,J8,专用工具,,,1R3812-5T20,,YZH-251215-SYO-J8-002,,其它,1,把,常规,白色塑料盒子内,,302G-10,,SYO-251201-YZH-J8-002,,把,,1,把,,
内六角螺丝刀,J8,专用工具,,,1R3812-5T30,,,,其它,1,把,常规,白色塑料盒子内,,302G-10,,,,把,,1,把,,
离子源拆换工具,J8,专用工具,,,,,,,其它,1,套,常规,盒子内,,304G-04,,,,套,,1,套,,
色谱柱量具,J8,专用工具,,,,,,,其它,1,根,常规,纸盒内,,302G-10,,,,根,,1,根,,
双头开口呆扳手,J8,专用工具,,,6000.0051 spanner 1/4*5/16´,,,,其它,1,个,常规,,,302G-10,,,,个,,1,个,,
双头开口呆扳手,J8,专用工具,,,6146.1231  spanner  3/16´´,,,,其它,1,个,常规,,,302G-10,,,,个,,1,个,,
双头开口呆扳手,J8,专用工具,,,6146.1225 spanner 5.5mm,,,,其它,1,个,常规,,,302G-10,,,,个,,1,个,,
内六角螺丝刀,J8,专用工具,,,6000.0053 key(size 9/64´´),,,,其它,1,个,常规,,,302G-10,,,,个,,1,个,,
内六角螺丝刀,J8,专用工具,,,6146.2625 spanner2.5mm,,,,其它,1,个,常规,,,302G-10,,,,个,,1,个,,
内六角螺丝刀,J8,专用工具,,,20503022,3个,,,其它,1,套,常规,,,302G-10,,,,套,,1,套,,
内六角螺丝刀,J8,专用工具,,,20501804,10个,,,其它,1,套,常规,,,302G-10,,,,套,,1,套,,
色谱柱捡漏工具,J8,专用工具,,,20501804,,,,其它,1,只,常规,,,302G-10,,,,只,,1,只,,
色谱柱捡漏工具,J8,专用工具,,,2450700,,YZH-251111-WYH-J8-004,,其它,1,只,常规,YZH借用返还,,302G-10,,WYH-251111-YZH-J8-003,,只,,1,只,,
气路管道切割工具,J8,专用工具,,,,,,,其它,2,个,常规,,,302G-10,,,,个,,2,个,,
六双头开口扳手,J8,专用工具,,,11与13,,,,其它,1,把,常规,,,302G-10,,,,把,,1,把,,
双头开口呆扳手,J8,专用工具,,,1/4与5/16,,YZH-201022-SYY-J8-001,,其它,4,把,常规,,,302G-10,,SYY-250912-YZH-J8-001；SYY-250915-YZH-J8-001；SYY-250918-YZH-J8-001；SYY-251022-YZH-J8-001,,把,,4,把,,YZH借用退回
双头开口呆扳手,J8,专用工具,,,7与8,,,,其它,2,把,常规,,,302G-10,,,,把,,2,把,,
双头开口呆扳手,J8,专用工具,,,10与12,,,,其它,1,把,常规,,,302G-10,,WYH-251111-YZH-J8-014,1,把,,,把,,2025.11.11出库1把于YZH，YZH放置于304C-01
双头开口呆扳手,J8,专用工具,,,11与13,,,,其它,1,把,常规,,,302G-10,,,,把,,1,把,,
双头开口呆扳手,J8,专用工具,,,20与22,,,,其它,1,把,常规,,,302G-10,,WYH-251111-YZH-J8-015,1,把,,,把,,2025.11.11出库1把于YZH，YZH放置于304C-01
梅花开口呆扳手,J8,专用工具,,,5,,,,其它,1,把,常规,,,302G-10,,,,把,,1,把,,
梅花开口呆扳手,J8,专用工具,,,6,,,,其它,1,把,常规,,,302G-10,,,,把,,1,把,,
梅花开口呆扳手,J8,专用工具,,,7月16日,,,,其它,3,把,常规,,,302G-10,,,,把,,3,把,,
分流平板扳手,J8,专用工具,,,1260715001,,,,其它,3,把,常规,,,302G-10,,,,把,,3,把,,
梅花K改锥（红色柄）,J8,专用工具,,,093263-T20,,,,其它,3,把,常规,,,302G-10,,,,把,,3,把,,
梅花K改锥（红色柄）,J8,专用工具,,,093263-T6*60,,,,其它,1,把,常规,,,302G-10,,,,把,,1,把,,
梅花K改锥（红色柄）,J8,专用工具,,,093263-T10*80,,,,其它,1,把,常规,,,302G-10,,,,把,,1,把,,
FID检测器套筒（黄红柄）,J8,专用工具,,,8㎜，09341-80,,,,其它,1,把,常规,,,302G-10,,,,把,,1,把,,
十字螺丝刀（红柄）,J8,专用工具,,,,小3大1,,,其它,4,把,常规,,,302G-10,,WYH-251111-YZH-J8-009,2,把,,2,把,,251111出库了一大一小，YZH存于304C-01
一字螺丝刀（绿柄）,J8,专用工具,,,,小2大2,,,其它,4,把,常规,,,302G-10,,WYH-251111-YZH-J8-010,2,把,,2,把,,"251111出库了一大一小,YZH存于304C-01"
开花启子（红色柄）,J8,专用工具,,,4*125㎜,福立专用,,,其它,1,把,常规,,,302G-10,,,,把,,1,把,,
平头启子（绿色柄）,J8,专用工具,,,4*125㎜,福立专用,,,其它,1,把,常规,,,302G-10,,WYH-251111-YZH-J8-011,1,把,,,把,,"251111出库,YZH存于304C-01"
扳手（两头开口）,J8,专用工具,,,14与17,福立专用,,,其它,1,把,常规,,,302G-10,,WYH-251111-YZH-J8-016,1,把,,,把,,"251111出库,YZH存于304C-01"
扳手（两头开口）,J8,专用工具,,,10与12,福立专用,,,其它,1,把,常规,,,302G-10,,,,把,,1,把,,
S4呆板手,J8,专用工具,,,,福立专用,,,其它,1,把,常规,,,302G-10,,,,把,,1,把,,
气瓶架,J8,专用工具,,,40L蓝色双瓶,,YHQ-240812-CYQ-J8-001,,购置,1,个,常规,,,101,,CYQ-240812-LMI-J8-001,1,个,,,个,,
气瓶架,J8,专用工具,,,乙炔白色单瓶,,YHQ-240812-CYQ-J8-002,,购置,1,个,常规,,,101,,CYQ-240812-LMI-J8-002,1,个,,,个,,
规格板（弯柄）,J8,专用工具,湖南比克曼控股有限责任公司,,5cm*5cm,,KDY-250723-SYY-J8-001,,购置,1,个,常规,,,302G-10,,SYY-251018-LDC-J8-001,1,个,,,个,,
规格板（弯柄）,J8,专用工具,湖南比克曼控股有限责任公司,,5cm*10cm,,KDY-250723-SYY-J8-002,,购置,1,个,常规,,,302G-10,,SYY-251018-LDC-J8-002,1,个,,,个,,
规格板（直柄）,J8,专用工具,湖南比克曼控股有限责任公司,,10cm*10cm,,KDY-250723-SYY-J8-003,,购置,1,个,常规,,,302G-10,,SYY-251018-LDC-J8-003,1,个,,,个,,
规格板（弯柄）,J8,专用工具,湖南比克曼控股有限责任公司,,10cm*10cm,,KDY-250723-SYY-J8-004,,购置,1,个,常规,,,302G-10,,SYY-251018-LDC-J8-004,1,个,,,个,,
扳手套装,J8,专用工具,烟台市绿林工具,,12把,,ZRJ-251120-SYO-J8-001,,购置,1,套,常规,,,302G-10,,,,套,,1,套,,
亚马逊扳手套装,J8,专用工具,亚马逊,,5把,,ZRJ-251120-SYO-J8-002,,购置,1,套,常规,,,302G-10,,,,套,,1,套,,
折叠十字轮胎拆卸工具,J8,专用工具,SHEFFIELD,,17-19-21-23mm,,ZRJ-251120-SYO-J8-003,,购置,1,把,常规,,,302G-10,,,,把,,1,把,,
2050型大气采样仪切割头下螺旋口处密封圈,J7,备品配件,,,,,,,购置,1,只,常规,,,302G-12,,,,只,,1,只,,
烟尘过滤器（大号）,J7,备品配件,,,"大号,3012采样器专用",,,,购置,1,个,常规,,,302G-12,,,,个,,1,个,,
烟尘过滤器（小号）,J7,备品配件,,,"小号,3012采样器专用",,,,购置,2,个,常规,,,302G-12,,,,个,,2,个,,
黄铜垫圈,J7,备品配件,,,3mm,,,,购置,2,套,常规,,,302G-12,,MYM-211104-LJ-J7-004,1,套,,1,套,,
黄铜垫圈,J7,备品配件,,,3.175mm,,,,购置,5,套,常规,,,302G-12,,,,套,,5,套,,
GC衬管石英棉,J7,备品配件,,,2g,,,,购置,1,个,常规,,,302G-08,,MYM-201203-SCL-J6-005,1,个,,,个,,
锑空心阴极灯,J7,备品配件,,,,,,,购置,1,个,常规,,,302G-09,,MYM-190822-SHY-JC07-007,1,个,,,个,,
原荧三通（塑料）,J7,备品配件,,,,,YFG-210207-MYM-J7-001,,购置,2,只,常规,,,302G-12,,,,只,,2,只,,
原荧废液泵管,J7,备品配件,,,3.17*0.9,,YFG-210207-MYM-J7-002,,购置,6,支,常规,,,302G-12,,MYM-210330-SCL-J7-002,2,支,,4,支,,
原荧进样针,J7,备品配件,,,,,YFG-210207-MYM-J7-003,,购置,2,支,常规,,,302G-12,,MYM-220113-WJS-J7-001；SYY-250904-WYH-J7-002,2,支,,,支,,
紫外钨灯灯泡,J7,备品配件,,,,,YFG-210721-MYM-J7-001,,购置,1,只,常规,,,,,MYM-220215-MYM-J7-001,1,只,,,只,,
以下是原备品配件表上转来的,J7,备品配件,,,,,,,购置,,,常规,,,,,,,,,,,,
液谱柱,J7,备品配件,,,,,,,其它,1,个,常规,,,302G-11,,,,个,,1,个,,
Wash liquid reservoir,J7,备品配件,,,6820.4075,,,,其它,1,个,常规,,,302G-11,,,,个,,1,个,,
"Connectting tube, cable clips kit（废液垫卡扣）",J7,备品配件,,,6040.0005,在一只塑料袋内,,,其它,3,个,常规,,,302G-11,,,,个,,3,个,,
塑料盘 wellplate 96,J7,备品配件,,,6820.41 00,,,,其它,1,个,常规,,,302G-11,,,,个,,1,个,,
set Y picec dtainage system（废液垫）,J7,备品配件,,,6040.0005（2160.4041）,,,,其它,4,个,常规,,,302G-11,,,,个,,4,个,,
set L picec dtainage system,J7,备品配件,,,6040.0005（2160.4042）,,,,其它,11,个,常规,,,302G-11,,,,个,,11,个,,
Tee Piece,J7,备品配件,,,6040.0005（2160.4043）,,,,其它,1,个,常规,,,302G-11,,,,个,,1,个,,
Tee Piece,J7,备品配件,,,6040.0005（2160.4044）,,,,其它,2,个,常规,,,302G-11,,,,个,,2,个,,
柱后冷却,J7,备品配件,,,2微升,,,,其它,1,个,常规,,,302G-11,,,,个,,1,个,,
P/N6040.2375,J7,备品配件,,,0.18*350㎜,,,,其它,1,个,常规,,,302G-11,,,,个,,1,个,,
电脑网线,J7,备品配件,,,,朱总2017.08.03号提供,,,其它,1,根,常规,,,302G-11,,,,根,,1,根,,
废液管,J7,备品配件,,,,三根不同规格,,,其它,1,套,常规,,,302G-11,,,,套,,1,套,,
注射器,J7,备品配件,,,,,,,其它,1,根,常规,,,302G-11,,,,根,,1,根,,
双通,J7,备品配件,,,,,,,其它,1,个,常规,,,302G-11,,,,个,,1,个,,
过滤口,J7,备品配件,,,,,,,其它,1,套,常规,,,302G-11,,,,套,,1,套,,
色谱柱卡扣,J7,备品配件,,,,,,,其它,4,套,常规,,,302G-11,,,,套,,4,套,,
卡带,J7,备品配件,,,6724-1505,,,,其它,2,个,常规,,,302G-11,,,,个,,2,个,,
进样瓶,J7,备品配件,,,250微升,,,,其它,10,个,常规,,,302G-11,,,,个,,10,个,,
进样瓶盖,J7,备品配件,,,,,,,其它,10,个,常规,,,302G-11,,,,个,,10,个,,
"Viper close fitting,Titanium",J7,备品配件,,,6040.2303,,,,其它,1,个,常规,,,302G-11,,,,个,,1,个,,
Retaining guide kit for eluent,J7,备品配件,,,6000.0042,,,,其它,1,个,常规,,,302G-11,,,,个,,1,个,,
2146.2625,J7,备品配件,,,ALLEN WRENCH 2.5,扳手,,,其它,1,个,常规,,,302G-11,,,,个,,1,个,,
保险丝,J7,备品配件,,,1270.01,,,,其它,3,个,常规,,,302G-11,,,,个,,3,个,,
保险丝,J7,备品配件,,,1270.0101,,,,其它,5,个,常规,,,302G-11,,,,个,,5,个,,
保险丝,J7,备品配件,,,1270.0102,,,,其它,2,个,常规,,,302G-11,,,,个,,2,个,,
保险丝,J7,备品配件,,,1270.0103,,,,其它,2,个,常规,,,302G-11,,,,个,,2,个,,
Kit Hose connector straight,J7,备品配件,,,2263.3002,,,,其它,5,个,常规,,,302G-11,,,,个,,5,个,,
Wire marker kit,J7,备品配件,,,"3.0mm ,红和绿",,,,其它,10,个,常规,,,302G-11,,,,个,,12,个,,
1R76458-2018,J7,备品配件,,,0.32㎜,,,,其它,1,套,常规,,,302G-11,,,,套,,1,套,,
SCRAW CAP,J7,备品配件,,,白色6000.0057,,,,其它,7,个,常规,,,302G-11,,,,个,,7,个,,
毛细管（两头无东西）,J7,备品配件,,,,原荧（两头没有东西）,,,其它,1,个,常规,,,302G-12,,,,个,,1,个,,
泵管（两头有东西）,J7,备品配件,,,,原荧,,,其它,1,个,常规,,,302G-12,,,,个,,1,个,,
AFS炉丝加持套,J7,备品配件,,,,原荧,,,其它,1,个,常规,,,302G-12,,,,个,,1,个,,
AFS反应块用连接头,J7,备品配件,,,,原荧,,,其它,2,个,常规,,,302G-12,,,,个,,2,个,,
AFS聚四氟接头,J7,备品配件,,,,原荧,,,其它,1,个,常规,,,302G-12,,,,个,,1,个,,
AFS过渡连接管,J7,备品配件,,,,原荧,,,其它,1,个,常规,,,302G-12,,,,个,,1,个,,
AFS硅胶圈(大）,J7,备品配件,,,,原荧,,,其它,5,个,常规,,,302G-12,,,,个,,5,个,,
AFS硅胶圈（小）,J7,备品配件,,,,原荧,,,其它,4,个,常规,,,302G-12,,,,个,,4,个,,
连接头,J7,备品配件,,,,原荧,,,其它,1,个,常规,,,302G-12,,,,个,,1,个,,
AFS电炉丝,J7,备品配件,,,,原荧,,,其它,4,个,常规,,,302G-12,,MYM-200228-SHY-JC07-005,1,个,,3,个,,
气液分离器（玻璃）,J7,备品配件,,,,原荧（有一个三个口）,,,其它,3,个,常规,,,302G-12,,,,个,,3,个,,
塑料盒,J7,备品配件,,,,原荧,,,其它,2,个,常规,,,302G-12,,,,个,,2,个,,
硅胶管,J7,备品配件,,,6*9,原荧,,,其它,1,根,常规,,,302G-12,,,,根,,1,根,,
硅胶管,J7,备品配件,,,4*6,原荧,,,其它,2,根,常规,,,302G-12,,,,根,,2,根,,
硅胶管,J7,备品配件,,,4.01317E+11,原荧,,,其它,1,根,常规,,,302G-12,,,,根,,1,根,,
透明刮油板,J7,备品配件,,,,原荧,,,其它,2,根,常规,,,302G-12,,,,根,,2,根,,
瓶盖,J7,备品配件,,, 0 38009/5ml filter caps,离子色谱,,,其它,500,个,常规,,,302G-13,,,,个,,500,个,,
进样瓶,J7,备品配件,,,0 38008/5ml ,离子色谱,,,其它,500,个,常规,,,302G-13,,,,个,,500,个,,
淋洗液前端滤头,J7,备品配件,,,白色,离子色谱,,,其它,2,个,常规,,,302G-13,,,,个,,2,个,,
压瓶器,J7,备品配件,,,,离子色谱,,,其它,1,套,常规,,,302G-13,,,,套,,1,套,,
抑制器活化工具,J7,备品配件,,,,离子色谱,,,其它,1,套,常规,,,302G-13,,,,套,,1,套,,
红黑交织电线,J7,备品配件,,,,离子色谱,,,其它,2,个,常规,,,302G-13,,,,个,,2,个,,
白色进样管,J7,备品配件,,,,离子色谱,,,其它,1,个,常规,,,302G-13,,,,个,,1,个,,
电源线 ,J7,备品配件,,,23033000,,,,其它,3,根,常规,,,302G-14,,,,根,,3,根,,
电源线 ,J7,备品配件,,,23033035,,,,其它,3,根,常规,,,302G-14,,,,根,,3,根,,
电源线 ,J7,备品配件,,,2060920,,,,其它,1,根,常规,,,302G-14,,,,根,,1,根,,
电源线,J7,备品配件,,,无标记,,,,其它,4,根,常规,,,302G-14,,,,根,,4,根,,
ICP-MS+GC-MS电源线、数据线,J7,备品配件,,,,,,,其它,9,根,常规,,,302G-14,,,,根,,9,根,,
酶标分析仪保险丝,J7,备品配件,,,,触摸笔已领用，还余保险丝,,,其它,2,只,常规,,,302G-14,,,,只,,2,只,,
ZF-630仪器保险丝,J7,备品配件,,,,,,,其它,2,只,常规,,,302G-14,,,,只,,2,只,,
ZF-560仪器触摸笔,J7,备品配件,,,,,,,其它,1,支,常规,,,302G-14,,,,支,,1,支,,
ZF-560仪器保险丝,J7,备品配件,,,,,,,其它,2,只,常规,,,302G-14,,,,只,,2,只,,
ZF-100通信线,J7,备品配件,,,,,,,其它,1,根,常规,,,302G-14,,,,根,,1,根,,
恒温扩增荧光检测仪0.2ml转头,J7,备品配件,,,,,,,其它,8,个,常规,,,302G-14,,,,个,,8,个,,
恒温扩增荧光检测仪0.5ml转头,J7,备品配件,,,,,,,其它,8,个,常规,,,302G-14,,,,个,,8,个,,
恒温扩增荧光检测仪USB连接线,J7,备品配件,,,,,,,其它,1,根,常规,,,302G-14,,,,根,,1,根,,
氢气气瓶减压阀转接头（胶管型）,J7,备品配件,,,,,,,其它,1,套,常规,,,302G-14,,,,套,,1,套,,
3A保险管,J7,备品配件,,,3A,,,,其它,3,个,常规,,,302G-14,,,,个,,3,个,,
0.2A保险管,J7,备品配件,,,0.2A,,,,其它,5,个,常规,,,302G-14,,,,个,,5,个,,
MOUTH MIRROR,J7,备品配件,,,401322805821/5811,,,,其它,1,个,常规,,,302G-14,,,,个,,1,个,,
保险丝,J7,备品配件,,,188320,,,,其它,2,个,常规,,,302G-14,,,,个,,2,个,,
蓝塑料管,J7,备品配件,,,,,,,其它,1,根,常规,,,302G-14,,,,根,,1,根,,
无色透明塑料管,J7,备品配件,,,,浅灰色,,,其它,1,根,常规,,,302G-14,,,,根,,1,根,,
排风管,J7,备品配件,,,"口径：10.5cm,长度：15.5cm",,,,其它,1,根,常规,,,302G-14,,,,根,,1,根,,
波纹管,J7,备品配件,,,,卷状,,,其它,1,根,常规,,,302G-14,,,,根,,1,根,,
橡胶管,J7,备品配件,,,,一根粗的，一根细的,,,其它,2,根,常规,,,302G-14,,,,根,,2,根,,
VOC采样管配件（UHTI-F-090),J7,备品配件,,,,,,,其它,1,套,常规,,,302G-14,,,,套,,1,套,,
皂膜流量计,J7,备品配件,,,,,,,其它,1,个,常规,,,302G-12,,,,个,,1,个,,
黑挡板,J7,备品配件,,,B407001,T6紫外分光光度计,,,其它,2,个,常规,,,302G-12,,,,个,,2,个,,
石英比色皿10㎜,J7,备品配件,,,B207004,T6紫外分光光度计,,,其它,2,个,常规,,,302G-12,,,,个,,2,个,,
波柄六角匙,J7,备品配件,,,1650-27-006,T6紫外分光光度计,,,其它,2,个,常规,,,302G-12,,,,个,,2,个,,
定量功能扩展卡,J7,备品配件,,,21602-2901-00,T6紫外分光光度计,,,其它,4,个,常规,,,302G-12,,,,个,,4,个,,
主机电源保险管,J7,备品配件,,,DK1225320501,T6紫外分光光度计,,,其它,4,个,常规,,,302G-12,,,,个,,4,个,,
铜管,J7,备品配件,,,,粗细各一根,,,其它,2,根,常规,,,302G-14,,,,根,,2,根,,
泵油,J7,备品配件,,,,1白1黄，全自动静水压测试仪、电子胀破仪,,,其它,2,瓶,常规,,,302G-14,,,,瓶,,2,瓶,,
表头配件,J7,备品配件,,,,纽扣拉力机,,,其它,1,套,常规,,,302G-15,,,,套,,1,套,,
冷水机保温管,J7,备品配件,,,黑色,冷水机,,,其它,1,个,常规,,,302G-15,,,,个,,1,个,,
泵管,J7,备品配件,,,白色,电子胀破仪,,,其它,2,个,常规,,,302G-15,,,,个,,2,个,,
黑色圆形橡胶块,J7,备品配件,,,,切割器配套的,,,其它,4,块,常规,,,302G-15,,,,块,,4,块,,
纯水机配件,J7,备品配件,,,,日晒仪的,,,其它,1,套,常规,,,302G-15,,,,套,,1,套,,
织物缩水机配件,J7,备品配件,,,,,,,其它,1,袋,常规,塑料袋内,,302G-15,,,,袋,,1,袋,,
进样泵管,J7,备品配件,,,"1320050/orange yellow,φ0.508mm",,,,其它,12,根,常规,1#盒,,302G-06,,,,根,,12,根,,
废液泵管santoprene tube-1,J7,备品配件,,,1320110/φ1295㎜-gray,,,,其它,12,根,常规,1#盒,,302G-06,,,,根,,12,根,,
截取锥嵌片,J7,备品配件,,,1318480/skimmer cone insert3.5,,,,其它,1,个,常规,1#盒,,302G-06,,,,个,,1,个,,
进样管TUBE TEFLON,J7,备品配件,,,1600061/ 1/16OD.021ID10FT,,,,其它,1,根,常规,1#盒,,302G-06,,,,根,,1,根,,
废液管TEFOLN TUBE,J7,备品配件,,,1041071,,,,其它,2,根,常规,1#盒,,302G-06,,,,根,,2,根,,
中心管,J7,备品配件,,,1305600,,,,其它,2,个,常规,1#盒,,302G-06,,,,个,,2,个,,
石墨垫Sampling Cone Gasket,J7,备品配件,,,1310900,,,,其它,20,个,常规,1#盒,,302G-06,,,,个,,20,个,,
炬管SL1363EM-24,J7,备品配件,,,1230790,,,,其它,2,个,常规,1#盒,,302G-06,,,,个,,2,个,,
截取锥（小）,J7,备品配件,,,1311870/ 0.5MM INSERT VERSION,,,,其它,1,个,常规,1#盒,,302G-06,,,,个,,1,个,,
采样锥（大）,J7,备品配件,,,3600812,,,,其它,1,个,常规,1#盒,,302G-06,,,,个,,1,个,,
风管,J7,备品配件,,,约50公分,,,,其它,1,根,常规,柜子里,,302G-06,,,,根,,1,根,,
雾化器管,J7,备品配件,,,ES-2502/Teflon gas line 4mm o.d.*2.4mmi.d,,,,其它,1,根,常规,2#盒,,302G-06,,,,根,,1,根,,
"100uL/min,Self-Aspiration Capillary for Microflow ST Nebulizer(0.25mm i.d.)",J7,备品配件,,,ES2042,,,,其它,1,根,常规,2#盒,,302G-06,,,,根,,1,根,,
氦气接管,J7,备品配件,,,R-gewaschen,,,,其它,1,个,常规,2#盒,,302G-06,,,,个,,1,个,,
废液泵管,J7,备品配件,,,1320110φ1295㎜-gray,,,,其它,36,根,常规,ICP-MS 3#盒,,302G-06,,,,根,,36,根,,
进样泵管,J7,备品配件,,,"1320050/orange yellow,φ0.508mm",,,,其它,72,根,常规,ICP-MS 3#盒,,302G-06,,,,根,,72,根,,
Peristaltic pump Tubing φ0.381mm,J7,备品配件,,,1320040,,,,其它,11,根,常规,ICP-MS 3#盒,,302G-06,,,,根,,11,根,,
中心管,J7,备品配件,,,1324730,,,,其它,1,个,常规,ICP-MS 3#盒,,302G-06,,,,个,,1,个,,
QuartzinjectorIcap Q,J7,备品配件,,,1305600/(2.5mm iD),,,,其它,1,个,常规,ICP-MS 3#盒,,302G-06,,,,个,,1,个,,
石墨垫,J7,备品配件,,,1310900,,,,其它,19,个,常规,ICP-MS 3#盒,,302G-06,,,,个,,19,个,,
"kegeleinsatz 1/16"",Edelstahl versilbert",J7,备品配件,,,0520910,,,,其它,2,个,常规,ICP-MS 3#盒,,302G-06,,,,个,,2,个,,
"klemmring fuer AD 1/16""",J7,备品配件,,,1315560,,,,其它,1,个,常规,ICP-MS 3#盒,,302G-06,,,,个,,1,个,,
Lehre Form der Spule,J7,备品配件,,,1378130,,,,其它,1,个,常规,ICP-MS 3#盒,,302G-06,,,,个,,1,个,,
BARBED ADAPTER 1MM PEEK,J7,备品配件,,,1600582,,,,其它,1,个,常规,ICP-MS 3#盒,,302G-06,,,,个,,1,个,,
Schelle 60-80mm,J7,备品配件,,,1122720,,,,其它,1,根,常规,ICP-MS 3#盒,,302G-06,,,,根,,1,根,,
进样管TUBE TEFLON,J7,备品配件,,,1600061/1/16OD 021D10FT,,,,其它,1,根,常规,ICP-MS 3#盒,,302G-06,,,,根,,1,根,,
O Ring 1/16*5.32id PTFE Coated,J7,备品配件,,,4.30123E+11,,,,其它,10,个,常规,ICP-MS 3#盒,,302G-06,,,,个,,10,个,,
UEBERWURFMU.102-1/16 SST,J7,备品配件,,,0520880,,,,其它,1,个,常规,ICP-MS 3#盒,,302G-06,,,,个,,1,个,,
YCONNECTOR 0.5MM PEEK三通,J7,备品配件,,,1600583,,,,其它,1,个,常规,ICP-MS 3#盒,,302G-06,,,,个,,1,个,,
stutzhulse AD 6/id4,J7,备品配件,,,1329710,,,,其它,2,个,常规,ICP-MS 3#盒,,302G-06,,,,个,,2,个,,
Klemmring φ6,J7,备品配件,,,1329690,,,,其它,1,个,常规,ICP-MS 3#盒,,302G-06,,,,个,,1,个,,
DrvckRing,J7,备品配件,,,0523210,,,,其它,1,个,常规,ICP-MS 3#盒,,302G-06,,,,个,,1,个,,
stutzhulse AD 6/id3,J7,备品配件,,,1329700,,,,其它,1,个,常规,ICP-MS 3#盒,,302G-06,,,,个,,1,个,,
进样针,J7,备品配件,,,,,,,其它,1,根,常规,ICP-MS 4#盒,,302G-06,,,,根,,1,根,,
蓝色气管6*4㎜,J7,备品配件,,,,,,,其它,1,根,常规,ICP-MS 4#盒,,302G-06,,,,根,,1,根,,
防水防尘插头,J7,备品配件,,,,,,,其它,1,个,常规,ICP-MS 4#盒,,302G-06,,,,个,,1,个,,
气压阀接头,J7,备品配件,,,,,,,其它,2,个,常规,ICP-MS 4#盒,,302G-06,,,,个,,2,个,,
垫圈,J7,备品配件,,,K-THF-0522260,,,,其它,1,个,常规,ICP-MS 4#盒,,302G-06,,,,个,,1,个,,
INLINE FILKTER 5MICRON12MM,J7,备品配件,,,1600550,,,,其它,3,只,常规,ICP-MS 4#盒,,302G-06,,,,只,,3,只,,
电阻丝,J7,备品配件,,,F0050,GC,,,其它,2,个,常规,2#盒子,,302G-07,,,,个,,2,个,,
电阻丝,J7,备品配件,,,F0100,GC,,,其它,2,个,常规,2#盒子,,302G-07,,,,个,,2,个,,
电阻丝,J7,备品配件,,,F0160,GC,,,其它,2,个,常规,2#盒子,,302G-07,,,,个,,2,个,,
电阻丝,J7,备品配件,,,F0250,GC,,,其它,2,个,常规,2#盒子,,302G-07,,,,个,,2,个,,
电阻丝,J7,备品配件,,,F0500,GC,,,其它,2,个,常规,2#盒子,,302G-07,,,,个,,2,个,,
电阻丝,J7,备品配件,,,F0630,GC,,,其它,2,个,常规,2#盒子,,302G-07,,,,个,,2,个,,
警示标签,J7,备品配件,,,76553-0008,GC,,,其它,1,个,常规,2#盒子,,302G-07,,,,个,,1,个,,
衬管,J7,备品配件,,,45351030,GC,,,其它,1,个,常规,2#盒子,,302G-07,,,,个,,1,个,,
衬管,J7,备品配件,,,20500510,GC,,,其它,1,个,常规,2#盒子,,302G-07,,,,个,,1,个,,
衬管,J7,备品配件,,,"453A2265/,4mmID,78.5mm",GC,,,其它,19,个,常规,2#盒子,,302G-07,,,,个,,19,个,,
金属接头,J7,备品配件,,,1R76256-0060    ,GC,,,其它,2,个,常规,2#盒子,,302G-07,,WYH-251119-YZH-J7-010,2,个,,,个,,2025.11.19出库于YZH，YZH放置于304柜子的塑料箱子里
金属接头,J7,备品配件,,,35006118,GC,,,其它,3,个,常规,2#盒子,,302G-07,,,,个,,3,个,,
金属接头,J7,备品配件,,,35001819,GC,,,其它,2,个,常规,2#盒子,,302G-07,,,,个,,2,个,,
金属接头,J7,备品配件,,,35003058,GC,,,其它,2,个,常规,2#盒子,,302G-07,,,,个,,2,个,,
金属接头,J7,备品配件,,,103406,GC,,,其它,8,个,常规,2#盒子,,302G-07,,,,个,,8,个,,
吹扫捕集阱,J7,备品配件,,,LOT：64204      ,GC,,,其它,1,个,常规,2#盒子,,302G-07,,,,个,,1,个,,
隔热棉,J7,备品配件,,,30200115,GC,,,其它,2,个,常规,2#盒子,,302G-07,,,,个,,2,个,,
石墨垫,J7,备品配件,,,290VA191/0.1-0.25MM ID ,GC,,,其它,20,个,常规,2#盒子,,302G-07,,,,个,,20,个,,
石墨垫,J7,备品配件,,,290GA139/0.1-0.32MM,GC,,,其它,20,个,常规,2#盒子,,302G-07,,,,个,,20,个,,
石墨垫,J7,备品配件,,,29033496/ 0.1-0.25MM,GC,,,其它,22,个,常规,2#盒子,,302G-07,,,,个,,22,个,,
进样隔垫SEPTA BT,J7,备品配件,,,31303233/0 11MM ,GC,,,其它,146,个,常规,2#盒子,,302G-07,,,,个,,146,个,,
O形圈，各种规格,J7,备品配件,,,,GC,,,其它,86,个,常规,2#盒子,,302G-07,,,,个,,86,个,,
EI ION SOURCE ASSY (LOW ACTIVITY)GC-MS离子源,J7,备品配件,,,1R120404-4100,另一个已安装在仪器上,,,其它,1,个,常规,,,302G-07,,,,个,,1,个,,
杂物，盒子上写的气相配件，箱内各种线,J7,备品配件,,,/,过滤头孙夏青161012领用,,,其它,1,包,常规,,,302G-07,,,,包,,1,包,,
34709348,J7,备品配件,,,34709348,,,,其它,1,套,常规,2#盒子,,302G-07,,,,套,,1,套,,
微量注射器,J7,备品配件,,,10ul,GC,,,其它,1,个,常规,,,302G-07,,,,个,,1,个,,
微量注射器1ul,J7,备品配件,,,1ul,GC,,,其它,1,个,常规,,,302G-07,,,,个,,1,个,,
减压阀接头,J7,备品配件,,,M8*1,GC,,,其它,1,个,常规,1#盒,,302G-07,,,,个,,1,个,,
螺帽,J7,备品配件,,,M10*1,GC,,,其它,2,个,常规,1#盒,,302G-07,,,,个,,2,个,,
螺帽,J7,备品配件,,,3号,GC,,,其它,4,个,常规,1#盒,,302G-07,,,,个,,4,个,,
螺帽,J7,备品配件,,,5号,GC,,,其它,4,个,常规,1#盒,,302G-07,,,,个,,4,个,,
封口螺帽,J7,备品配件,,,,GC,,,其它,3,个,常规,1#盒,,302G-07,,,,个,,3,个,,
气路螺帽 ,J7,备品配件,,,M8*1  2号,GC,,,其它,6,个,常规,1#盒,,302G-07,,,,个,,6,个,,
气路螺帽 ,J7,备品配件,,,M8*1  3号,GC,,,其它,6,个,常规,1#盒,,302G-07,,,,个,,6,个,,
压垫,J7,备品配件,,,2号,GC,,,其它,10,个,常规,1#盒,,302G-07,,,,个,,10,个,,
压垫,J7,备品配件,,,3号,GC,,,其它,7,个,常规,1#盒,,302G-07,,,,个,,7,个,,
注样垫,J7,备品配件,,,8号,GC,,,其它,34,个,常规,1#盒,,302G-07,,,,个,,34,个,,
密封圈,J7,备品配件,,,2号,GC,,,其它,10,个,常规,1#盒,,302G-07,,,,个,,10,个,,
密封圈,J7,备品配件,,,3号,GC,,,其它,5,个,常规,1#盒,,302G-07,,SYY-250725-ZFY-J7-001；SYY-250728-ZFY-J7-002,5,个,,,个,,
聚乙烯塑料管,J7,备品配件,,,3号*1*20m气路管,GC,,,其它,3,米,常规,1#盒,,302G-07,,,,米,,3,米,,
保险丝,J7,备品配件,,,15A,GC,,,其它,2,个,常规,1#盒,,302G-07,,,,个,,2,个,,
保险丝,J7,备品配件,,,1.5A,GC,,,其它,2,个,常规,1#盒,,302G-07,,,,个,,2,个,,
堵头,J7,备品配件,,,,福立，装柱时模拟进样垫高度,,,其它,1,个,常规,1#盒,,302G-07,,,,个,,1,个,,
内衬管,J7,备品配件,,,3*61,GC,,,其它,2,个,常规,1#盒,,302G-07,,,,个,,2,个,,
不锈钢丝,J7,备品配件,,,,福立，疏通喷嘴,,,其它,1,个,常规,1#盒,,302G-07,,,,个,,1,个,,
喷嘴拆装扳手,J7,备品配件,,,,GC,,,其它,1,个,常规,1#盒,,302G-07,,,,个,,1,个,,
喷嘴密封石墨垫圈,J7,备品配件,,,,GC,,,其它,6,个,常规,1#盒,,302G-07,,,,个,,6,个,,
石墨垫圈,J7,备品配件,,,3*8*7,GC,,,其它,16,个,常规,1#盒,,302G-07,,,,个,,16,个,,
石墨垫圈,J7,备品配件,,,4*8*7,GC,,,其它,12,个,常规,1#盒,,302G-07,,,,个,,12,个,,
石墨垫圈,J7,备品配件,,,5*8*7,GC,,,其它,20,个,常规,1#盒,,302G-07,,,,个,,20,个,,
小胶头,J7,备品配件,,,,GC,,,其它,37,个,常规,1#盒,,302G-07,,,,个,,37,个,,
隔热棉,J7,备品配件,,,,GC,,,其它,1,袋,常规,1#盒,,302G-07,,,,袋,,1,袋,,
内衬管,J7,备品配件,,,4*61,GC,,,其它,2,套,常规,1#盒,,302G-07,,WYH-251119-YZH-J7-012,1,套,,1,套,,
GC进样模块,J7,备品配件,,,,其中两个不完整，仅有模块盖,,,其它,5,个,常规,,,302G-08,,,,个,,5,个,,
棕色进样瓶,J7,备品配件,,,1.5ml（无瓶盖）,,,,其它,700,个,常规,,,302G-08,,,,个,,700,个,,
蓝色瓶盖,J7,备品配件,,,90035B,,,,其它,541,个,常规,,,302G-08,,SYY-250728-YZH-J7-003,100,个,,441,个,,
顶空进样瓶（无瓶盖）,J7,备品配件,,,8870 5212 1400 53/20ml,,,,其它,91,个,常规,,,302G-08,,,,个,,91,个,,
" SCREW VIAL, 9MM CAP, SIL/PTFE 进样瓶，含瓶盖",J7,备品配件,,,60180-599/2ML,,,,其它,300,个,常规,,,302G-08,,SYY-250728-YZH-J7-004,100,个,,200,个,,
2ml白色进样瓶(无盖子）,J7,备品配件,,,71210092401,,,,其它,800,个,常规,,,302G-08,,,,个,,800,个,,
水系过滤器,J7,备品配件,,,1828230701P0708/IC13mm，0.22μm,,,,其它,473,个,常规,,,302G-08,,,,个,,473,个,,
白色瓶盖,J7,备品配件,,,00 189505/8MM,,,,其它,402,个,常规,,,302G-08,,,,个,,402,个,,
白色瓶盖,J7,备品配件,,,00 188568/8MM,,,,其它,404,个,常规,,,302G-08,,,,个,,404,个,,
白色进样瓶,J7,备品配件,,,22503013/2ml，,白色，其中1个无瓶盖,,,其它,16,个,常规,,,302G-08,,,,个,,16,个,,
定量环,J7,备品配件,,,44221,,,,其它,3,根,常规,,,302G-08,,,,根,,3,根,,
ICP-MS进样管,J7,备品配件,,,/,,,,其它,245,个,常规,,,302G-08,,MYM-230323-CJF-J7-001,14,个,,231,个,,
白色进样瓶10ml,J7,备品配件,,,,,,,其它,16,只,常规,,,302G-08,,,,只,,16,只,,
进样瓶盖,J7,备品配件,,,,与进样瓶配套的,,,其它,16,只,常规,,,302G-08,,,,只,,16,只,,
进样瓶垫片样品8*1.5mm white PTFE/red silicone septa,J7,备品配件,,,,苏州莱顿,,,其它,25,个,常规,,,302G-08,,,,个,,25,个,,
进样瓶样品2ml,J7,备品配件,,,,苏州莱顿,,,其它,29,个,常规,,,302G-08,,,,个,,29,个,,
塑料样品瓶,J7,备品配件,,,9.42339E+11,原子吸收,,,其它,1873,个,常规,,,302G-09,,,,个,,1873,个,,
Cone TOOLS,J7,备品配件,,,9 42339395181,原子吸收,,,其它,1,个,常规,,,302G-09,,,,个,,1,个,,
Clip Hose,J7,备品配件,,,2 51370614156,原子吸收,,,其它,4,个,常规,,,302G-09,,,,个,,4,个,,
Label Warning-Drain vessel,J7,备品配件,,,4 01316179782,原子吸收,,,其它,1,个,常规,,,302G-09,,,,个,,1,个,,
Screw 螺丝钉,J7,备品配件,,,2 52217820108/M5*16,原子吸收,,,其它,2,个,常规,,,302G-09,,,,个,,2,个,,
Wash ST. CH M4X8,J7,备品配件,,,2 52260802002,原子吸收,,,其它,2,个,常规,,,302G-09,,,,个,,2,个,,
Screw Cap HD ,J7,备品配件,,,4 01322843091/M3*30,原子吸收,,,其它,2,个,常规,,,302G-09,,,,个,,2,个,,
Socket Wrench （插座扳手）,J7,备品配件,,,2 62215009009/2.5㎜,原子吸收,,,其它,2,个,常规,,,302G-09,,,,个,,2,个,,
Explosisc Disc（防爆膜）,J7,备品配件,,,4 20216601851,原子吸收,,,其它,4,个,常规,,,302G-09,,,,个,,4,个,,
螺丝,J7,备品配件,,,/,原子吸收,,,其它,2,个,常规,,,302G-09,,,,个,,2,个,,
Gas Stop End,J7,备品配件,,,4 01316691961,原子吸收,,,其它,1,个,常规,,,302G-09,,,,个,,1,个,,
Gas Stop End 1/4,J7,备品配件,,,4 01322836581,原子吸收,,,其它,1,个,常规,,,302G-09,,,,个,,1,个,,
extended lifetime cuvettes 石墨管,J7,备品配件,,,94233 93950 41,原子吸收,,,其它,20,个,常规,,,302G-09,,MYM-230425-CJF-J7-001,10,个,,10,个,,
化学元素灯Se,J7,备品配件,,,,原子吸收光谱仪上使用,,,其它,1,个,常规,,,302G-09,,,,个,,1,个,,
化学元素灯 In,J7,备品配件,,,,原子吸收光谱仪上使用,,,其它,1,个,常规,,,302G-09,,,,个,,1,个,,
化学元素灯 Sr ,J7,备品配件,,,,原子吸收光谱仪上使用,,,其它,1,个,常规,,,302G-09,,,,个,,1,个,,
化学元素灯 Ti,J7,备品配件,,,,原子吸收光谱仪上使用,,,其它,1,个,常规,,,302G-09,,,,个,,1,个,,
化学元素灯 V,J7,备品配件,,,,离子色谱,,,其它,1,个,常规,,,302G-09,,,,个,,1,个,,
小白圈,J7,备品配件,,,,原子吸收光谱仪上使用,,,其它,1,个,常规,,,302G-09,,,,个,,1,个,,
银空心阴极灯,J7,备品配件,,,,原子吸收光谱仪上使用,,,其它,1,个,常规,,,302G-09,,,,个,,1,个,,
钡空心阴极灯,J7,备品配件,,,,原子吸收光谱仪上使用,,,其它,1,个,常规,,,302G-09,,,,个,,1,个,,
铍空心阴极灯,J7,备品配件,,,,原子吸收光谱仪上使用,,,其它,1,个,常规,,,302G-09,,,,个,,1,个,,
电路板,J7,备品配件,,,8.42316E+11,原子吸收光谱仪上使用,,,其它,1,块,常规,,,302G-09,,,,块,,1,块,,
小盒子进样针（小软管）,J7,备品配件,,,9.42339E+11,石墨炉,,,其它,2,个,常规,,,302G-09,,,,个,,2,个,,
电热消解仪配件,J7,备品配件,,,EHD-24,,QDJ-230508-MYM-J7-001,,购置,1,只,常规,,,,,MYM-230508-CJF-J7-001,1,只,,,只,,
水控自动开关,J7,备品配件,臣源,,AC200V/150W,,HYI-241115-HYI-J7-001,,其它,3,个,常规,,,302G-14,,,,个,,3,个,,
智能型数字显示温度控制器,J7,备品配件,/,,XMTD-8222,已损坏,HYI-241115-HYI-J7-002,,其它,1,个,常规,,,302G-14,,,,个,,1,个,,
CS HOUSing,J7,备品配件,Vision Station,,ZC-H15-SH/AC 24W,,HYI-241115-HYI-J7-003,,其它,3,个,常规,,,307J-09,1,WYH-251115-WYH-J7-004,3,个,,,个,,
高压隔膜泵,J7,备品配件,上海新山西,,DP-125,色牢度仪,QDJ-240814-CYQ-J7-001,,其它,1,个,常规,,,,,CYQ-240814-LMI-J7-001,1,个,,,个,,
卤素灯泡,J7,备品配件,,,6V20WG4,显微镜,YHQ-240902-CYQ-J7-001,,购置,4,个,常规,,,302G-14,,CYQ-240902-LMI-J7-001,1,个,,3,个,,
打印机色带,J7,备品配件,广东万年声,,ERC-09,爱华打印机,YHQ-240902-CYQ-J7-002,,购置,5,个,常规,,,302G-14,,CYQ-240902-LMI-J7-002;HYI-241120-J7-001,2,个,,3,个,,
打印机盖,J7,备品配件,杭州爱华,,AWA6221A,爱华打印机,LMI-240904-CYQ-J7-001,,其它,2,个,常规,,,,,CYQ-240904-LMI-J7-001,2,个,,,个,,
平板电脑配件,J7,备品配件,易如平板,,X5-28300,,LMI-240905-CYQ-J7-001,,其它,1,个,常规,,,302G-09,,,,个,,1,个,,
车载录像配件,J7,备品配件,重庆车旗电子,,2T,,LMI-240905-CYQ-J7-002,,其它,1,个,常规,,,302G-09,,,,个,,1,个,,
电磁阀,J7,备品配件,日晒气候色牢度仪,,24V DC，DP125,,LMI-240913-CYQ-J7-001,,其它,1,个,常规,,,310G-02,,WYH-251122-WYH-J7-013,1,个,,,个,,
水泵帽,J7,备品配件,上海新山西,,DP125,,LMI-240913-CYQ-J7-002,,其它,1,套,常规,,,310G-09,,WYH-251119-WYH-J7-013,1,套,,,套,,
卤素灯泡,J7,备品配件,,,6V20WG4,显微镜,CYQ-241009-LMI-J7-001,,返还,1,个,常规,,,302G-14,,PKF-250603-PXQ-J7-001,1,个,,,个,,
TrueX2塑料手提箱,J7,备品配件,苏州浪声科学仪器有限公司,,TrueX 200S,,KDY240430YHQ-J7-001,,购置,1,套,常规,南通,,P04J-01,,,,套,,1,套,,
电源适配器,J7,备品配件,苏州浪声科学仪器有限公司,,TrueX 200S,,KDY240430YHQ-J7-002,,购置,1,个,常规,南通,,P04G-05,,,,个,,1,个,,
锂电池组,J7,备品配件,苏州浪声科学仪器有限公司,,TrueX 200S,,KDY240430YHQ-J7-003,,购置,2,个,常规,南通,,P04G-05,,,,个,,2,个,,
智能电池充电器,J7,备品配件,苏州浪声科学仪器有限公司,,TrueX 200S,,KDY240430YHQ-J7-004,,购置,1,台,常规,南通,,P04G-05,,,,台,,1,台,,
电源线,J7,备品配件,苏州浪声科学仪器有限公司,,TrueX 200S,1.8米国标头,KDY240430YHQ-J7-005,,购置,1,个,常规,南通,,P04G-05,,,,个,,1,个,,
USB数据线,J7,备品配件,苏州浪声科学仪器有限公司,,TrueX 200S,1.5米T型口,KDY240430YHQ-J7-006,,购置,1,个,常规,南通,,P04G-05,,,,个,,1,个,,
PET低硫膜3.5µ,J7,备品配件,苏州浪声科学仪器有限公司,,TrueX 200S,,KDY240430YHQ-J7-007,,购置,1,盒,常规,南通,,P04G-05,,,,盒,,1,盒,,
316标准物质,J7,备品配件,苏州浪声科学仪器有限公司,,TrueX 200S,,KDY240430YHQ-J7-008,,购置,1,只,常规,南通,,P04G-05,,,,只,,1,只,,
GSS-5A土壤标准物质,J7,备品配件,苏州浪声科学仪器有限公司,,TrueX 200S,,KDY240430YHQ-J7-009,,购置,1,个,常规,南通,,P04G-05,,,,个,,1,个,,
自带覆膜型样品杯,J7,备品配件,苏州浪声科学仪器有限公司,,TrueX 200S,普通6.0u Φ30mm,KDY240430YHQ-J7-010,,购置,1,盒,常规,南通,,P04G-05,,,,盒,,1,盒,,
浪生手腕带,J7,备品配件,苏州浪声科学仪器有限公司,,TrueX 200S,,KDY240430YHQ-J7-011,,购置,1,个,常规,南通,,P04G-05,,,,个,,1,个,,
主机充电器,J7,备品配件,青岛国瑞力恒环保科技有限公司,,GR-3012BW,,KDY240430YHQ-J7-012,,购置,1,套,常规,南通,,P04G-05,,,,套,,1,套,,
便携防护箱,J7,备品配件,青岛国瑞力恒环保科技有限公司,,GR-3012BW,,KDY240430YHQ-J7-013,,购置,1,个,常规,南通,,P04G-05,,,,个,,1,个,,
取样管,J7,备品配件,青岛国瑞力恒环保科技有限公司,,GR-3012BW,,KDY240430YHQ-J7-014,,购置,1,个,常规,南通,,P04G-05,,,,个,,1,个,,
过滤器,J7,备品配件,青岛国瑞力恒环保科技有限公司,,GR-3012BW,,KDY240430YHQ-J7-015,,购置,5,个,常规,南通,,P04G-05,,,,个,,5,个,,
紫外可见光光度计氘灯,J7,备品配件,普析（北京普析通用仪器有限责任公司）,,L6312-53,,YHQ-250122-PXQ-J7-001,,返还,1,只,常规,,,212C-09,抽屉内,WYH-2501112-WYH-J7-001,1,只,,,只,,于251107日从L118仪器上更换下来，后续将其更换于L377上，从L377上换下来的存于212C-09
紫外可见光光度计氘灯,J7,备品配件,津岛,,L6380,,ZRJ-20250304-PXQ-J7-001,,其它,1,只,常规,,,302G-14,,,,只,,1,只,,
紫外可见光光度计氘灯,J7,备品配件,普析（北京普析通用仪器有限责任公司）,,DD102,,KDY-250702-PXQ-J7-001,,购置,1,只,常规,,,302G-14,,SYY-250904-SYY-J7-001,1,只,已安装至212编号为UHTI-L-037的紫外可见分光光度计上,,只,,
钛合金电导电极,J7,备品配件,上海仪电科学仪器股份有限公司,,DJS-0.01,,KDY-250702-PXQ-J7-002,,购置,1,只,常规,,,,,PXQ-250702-ZFY-J7-001,1,只,,,只,,
高精度智能温度控制仪,J7,备品配件,常州汇邦电子有限公司,,CHB702-021-0131013,,KDY-250714-SYY-J7-001,,购置,1,个,常规,,,302G-14,,SYY-250714-PXQ-J7-001,1,个,,,个,,
加热管,J7,备品配件,北京刚达利,,"220V,1.5kW",,KDY-250715-PXQ-J7-001,,购置,1,个,常规,,,302G-14,,SYY-250724-PXQ-J7-001,1,个,,,个,,
304/306不锈钢卡套球阀Q9/SA,J7,备品配件,东台市富福兴金属制品,,"φ1/8,304",,KDY-250728-SYY-J7-001,,购置,1,个,常规,,,302G-14,,SYY-250728-ZFY-J7-001,1,个,,,个,,
雷磁溶解氧电极,J7,备品配件,上海仪电科学仪器股份有限公司,,DO-957,,KDY-250801-SYY-J7-001,,购置,1,个,常规,,,,,SYY-250801-LDC-J7-001,1,个,,,,,
倾斜式微压计玻璃管,J7,备品配件,上海耶茂仪器仪表有限公司,,YYT-2000B,,KDY-250908-SYY-J7-001,,购置,1,个,常规,,,,,SYY-250908-LDC-J7-001,1,个,,,个,,
pH复合电极,J7,备品配件,沙鹰科学仪器（上海）有限公司,,雷磁E-201F,,KDY-250909-SYY-J7-001,,购置,1,个,常规,,,,,SYY-250909-LDC-J7-001,1,个,,,个,,
粉尘充电器,J7,备品配件,京东,,1.5m,,KDY-250910-SYY-J7-001,,购置,1,个,常规,,,,,SYY-250910-LDC-J7-001,1,个,,,个,,
原子吸收石墨炉附件主板,J7,备品配件,赛默飞,,/,,ZYJ-251022-SYY-J7-001,,购置,1,个,常规,有故障，已换新,,302G-09,,,,个,,1,个,,
紫外可见光光度计氘灯,J7,备品备件,普析（北京普析通用仪器有限责任公司）,,,,QDJ-251115-WYH-J7-001,,购置,1,只,常规,,,302G-14,,WYH-2501115-ZRJ-J7-003,1,只,,,只,,2025.11.15日出库于ZRJ放置于212C-09抽屉内
紫外钨灯灯泡,J7,备品配件,普析（北京普析通用仪器有限责任公司）,,,,QDJ-251115-WYH-J7-002；WYH-251119-ZRJ-J7-002,,购置,1,只,常规,,,302G-14,,WYH-251119-ZRJ-J7-001,,只,,1,只,,2025.11.19日出库没用上，又给返回到柜子里面了
内衬管（原机拆下）,J7,备品配件,,,4*112；FLJ180-014B,FULI,WYH-251119-WYH-J7-011,,返还,4,个,常规,三长一短，1#盒,,302G-07,,WYH-251119-YZH-J7-012,1,个,,3,个,,
气质联用仪灯丝,J7,备品配件,赛默飞,,1R120404-1940,67630,KDY-251126-SYO-J7-001,,购置,1,个,常规,,,,,SYO-251126-YZH-J7-002,1,个,,,个,,
